2026-07-20 05:49:14,373 | INFO | Pipeline initialized.
2026-07-20 05:49:14,377 | INFO | Base directory: /content/drive/MyDrive/SATB Model
2026-07-21 17:23:11,574 | INFO | Pipeline initialized.
2026-07-21 17:23:12,143 | INFO | Base directory: /content/drive/MyDrive/SATB_Model
2026-07-21 17:24:05,235 | ERROR | Dataset validation stage failed.
Traceback (most recent call last):
  File "/tmp/ipykernel_8861/505066529.py", line 245, in <cell line: 0>
    validation_internal = validate_dataset(PATHS["raw_internal"], "Internal")
                          ^^^^^^^^^^^^^^^^^^^^^^^^^^^^^^^^^^^^^^^^^^^^^^^^^^^
  File "/tmp/ipykernel_8861/505066529.py", line 131, in validate_dataset
    variation_map: Dict[str, List[Path]] = {v: [] for v in CONFIG["variations"]}
                                                           ~~~~~~^^^^^^^^^^^^^^
KeyError: 'variations'
2026-07-21 17:28:42,653 | WARNING | Missing variation R7 in /content/drive/MyDrive/SATB_Model/Dataset/Raw/Internal/Soprano/S06 - Ira
2026-07-21 17:29:34,776 | WARNING | Missing variation R7 in /content/drive/MyDrive/SATB_Model/Dataset/Raw/Internal/Soprano/S14 - naya
2026-07-21 17:30:47,511 | WARNING | Missing R7 in /content/drive/MyDrive/SATB_Model/Dataset/Raw/Internal/Soprano/S06 - Ira
2026-07-21 17:30:49,070 | WARNING | Missing R7 in /content/drive/MyDrive/SATB_Model/Dataset/Raw/Internal/Soprano/S14 - naya
2026-07-21 17:31:40,119 | WARNING | Missing R5 in /content/drive/MyDrive/SATB_Model/Dataset/Raw/Internal/Alto/A13 - kk tania
2026-07-21 17:31:40,121 | WARNING | Missing R6 in /content/drive/MyDrive/SATB_Model/Dataset/Raw/Internal/Alto/A13 - kk tania
2026-07-21 17:31:40,122 | WARNING | Missing R7 in /content/drive/MyDrive/SATB_Model/Dataset/Raw/Internal/Alto/A13 - kk tania
2026-07-21 17:35:17,439 | WARNING | Missing R2 in /content/drive/MyDrive/SATB_Model/Dataset/Raw/External/Tenor/T01
2026-07-21 17:35:17,440 | WARNING | Missing R3 in /content/drive/MyDrive/SATB_Model/Dataset/Raw/External/Tenor/T01
2026-07-21 17:35:17,445 | WARNING | Missing R1 in /content/drive/MyDrive/SATB_Model/Dataset/Raw/External/Tenor/T02
2026-07-22 14:27:05,303 | INFO | Pipeline initialized.
2026-07-22 14:27:05,521 | INFO | Base directory: /content/drive/MyDrive/SATB_Model
2026-07-22 14:28:37,529 | WARNING | Missing R7 in /content/drive/MyDrive/SATB_Model/Dataset/Raw/Internal/Soprano/S06 - Ira
2026-07-22 14:29:32,463 | WARNING | Missing R7 in /content/drive/MyDrive/SATB_Model/Dataset/Raw/Internal/Soprano/S14 - naya
2026-07-22 14:31:20,794 | WARNING | Missing R5 in /content/drive/MyDrive/SATB_Model/Dataset/Raw/Internal/Alto/A13 - kk tania
2026-07-22 14:31:20,795 | WARNING | Missing R6 in /content/drive/MyDrive/SATB_Model/Dataset/Raw/Internal/Alto/A13 - kk tania
2026-07-22 14:31:20,796 | WARNING | Missing R7 in /content/drive/MyDrive/SATB_Model/Dataset/Raw/Internal/Alto/A13 - kk tania
2026-07-22 14:35:13,994 | WARNING | Missing R2 in /content/drive/MyDrive/SATB_Model/Dataset/Raw/External/Tenor/T01
2026-07-22 14:35:13,995 | WARNING | Missing R3 in /content/drive/MyDrive/SATB_Model/Dataset/Raw/External/Tenor/T01
2026-07-22 14:35:14,002 | WARNING | Missing R1 in /content/drive/MyDrive/SATB_Model/Dataset/Raw/External/Tenor/T02
2026-07-22 14:38:27,587 | ERROR | Audio preprocessing stage failed.
Traceback (most recent call last):
  File "/tmp/ipykernel_757/1961641399.py", line 174, in <cell line: 0>
    reconstruction_df
NameError: name 'reconstruction_df' is not defined
2026-07-22 14:43:54,865 | INFO | Pipeline initialized.
2026-07-22 14:43:55,193 | INFO | Base directory: /content/drive/MyDrive/SATB_Model
2026-07-22 14:44:43,904 | WARNING | Missing R7 in /content/drive/MyDrive/SATB_Model/Dataset/Raw/Internal/Soprano/S06 - Ira
2026-07-22 14:46:21,567 | WARNING | Missing R7 in /content/drive/MyDrive/SATB_Model/Dataset/Raw/Internal/Soprano/S06 - Ira
2026-07-22 14:46:32,338 | WARNING | Missing R7 in /content/drive/MyDrive/SATB_Model/Dataset/Raw/Internal/Soprano/S14 - naya
2026-07-22 14:48:07,801 | WARNING | Missing R5 in /content/drive/MyDrive/SATB_Model/Dataset/Raw/Internal/Alto/A13 - kk tania
2026-07-22 14:48:07,803 | WARNING | Missing R6 in /content/drive/MyDrive/SATB_Model/Dataset/Raw/Internal/Alto/A13 - kk tania
2026-07-22 14:48:07,805 | WARNING | Missing R7 in /content/drive/MyDrive/SATB_Model/Dataset/Raw/Internal/Alto/A13 - kk tania
2026-07-22 14:51:25,338 | WARNING | Missing R2 in /content/drive/MyDrive/SATB_Model/Dataset/Raw/External/Tenor/T01
2026-07-22 14:51:25,339 | WARNING | Missing R3 in /content/drive/MyDrive/SATB_Model/Dataset/Raw/External/Tenor/T01
2026-07-22 14:51:25,346 | WARNING | Missing R1 in /content/drive/MyDrive/SATB_Model/Dataset/Raw/External/Tenor/T02
2026-07-22 15:01:55,007 | INFO | Pipeline initialized.
2026-07-22 15:01:55,398 | INFO | Base directory: /content/drive/MyDrive/SATB_Model
2026-07-22 15:03:00,741 | WARNING | Missing R7 in /content/drive/MyDrive/SATB_Model/Dataset/Raw/Internal/Soprano/S06 - Ira
2026-07-22 15:04:08,057 | WARNING | Missing R7 in /content/drive/MyDrive/SATB_Model/Dataset/Raw/Internal/Soprano/S14 - naya
2026-07-22 15:06:14,515 | WARNING | Missing R5 in /content/drive/MyDrive/SATB_Model/Dataset/Raw/Internal/Alto/A13 - kk tania
2026-07-22 15:06:14,517 | WARNING | Missing R6 in /content/drive/MyDrive/SATB_Model/Dataset/Raw/Internal/Alto/A13 - kk tania
2026-07-22 15:06:14,518 | WARNING | Missing R7 in /content/drive/MyDrive/SATB_Model/Dataset/Raw/Internal/Alto/A13 - kk tania
2026-07-22 15:10:21,082 | WARNING | Missing R2 in /content/drive/MyDrive/SATB_Model/Dataset/Raw/External/Tenor/T01
2026-07-22 15:10:21,084 | WARNING | Missing R3 in /content/drive/MyDrive/SATB_Model/Dataset/Raw/External/Tenor/T01
2026-07-22 15:10:21,090 | WARNING | Missing R1 in /content/drive/MyDrive/SATB_Model/Dataset/Raw/External/Tenor/T02
2026-07-22 15:11:25,383 | ERROR | Audio preprocessing stage failed.
Traceback (most recent call last):
  File "/tmp/ipykernel_826/3970672159.py", line 49, in <cell line: 0>
    preprocess_audio_record(record)
    ^^^^^^^^^^^^^^^^^^^^^^^
NameError: name 'preprocess_audio_record' is not defined
2026-07-22 15:17:38,212 | ERROR | Audio preprocessing stage failed.
Traceback (most recent call last):
  File "/tmp/ipykernel_826/3970672159.py", line 49, in <cell line: 0>
    preprocess_audio_record(record)
    ^^^^^^^^^^^^^^^^^^^^^^^
NameError: name 'preprocess_audio_record' is not defined
2026-07-22 15:19:51,336 | ERROR | Audio preprocessing stage failed.
Traceback (most recent call last):
  File "/tmp/ipykernel_826/1961641399.py", line 174, in <cell line: 0>
    reconstruction_df
NameError: name 'reconstruction_df' is not defined
2026-07-22 15:21:50,801 | INFO | Preprocessing metadata saved: /content/drive/MyDrive/SATB_Model/Dataset/Metadata/metadata_preprocessing.csv
2026-07-22 15:25:18,140 | WARNING | Missing R7 in /content/drive/MyDrive/SATB_Model/Dataset/Raw/Internal/Soprano/S06 - Ira
2026-07-22 15:25:18,641 | WARNING | Missing R7 in /content/drive/MyDrive/SATB_Model/Dataset/Raw/Internal/Soprano/S14 - naya
2026-07-22 15:25:20,135 | WARNING | Missing R5 in /content/drive/MyDrive/SATB_Model/Dataset/Raw/Internal/Alto/A13 - kk tania
2026-07-22 15:25:20,136 | WARNING | Missing R6 in /content/drive/MyDrive/SATB_Model/Dataset/Raw/Internal/Alto/A13 - kk tania
2026-07-22 15:25:20,137 | WARNING | Missing R7 in /content/drive/MyDrive/SATB_Model/Dataset/Raw/Internal/Alto/A13 - kk tania
2026-07-22 15:25:22,305 | WARNING | Missing R2 in /content/drive/MyDrive/SATB_Model/Dataset/Raw/External/Tenor/T01
2026-07-22 15:25:22,307 | WARNING | Missing R3 in /content/drive/MyDrive/SATB_Model/Dataset/Raw/External/Tenor/T01
2026-07-22 15:25:22,312 | WARNING | Missing R1 in /content/drive/MyDrive/SATB_Model/Dataset/Raw/External/Tenor/T02
2026-07-22 15:37:10,138 | INFO | Preprocessing metadata saved: /content/drive/MyDrive/SATB_Model/Dataset/Metadata/metadata_preprocessing.csv
2026-07-22 15:39:40,129 | ERROR | Metadata generation stage failed.
Traceback (most recent call last):
  File "/tmp/ipykernel_826/491611092.py", line 58, in <cell line: 0>
    audio_metadata_df = generate_audio_metadata()
                        ^^^^^^^^^^^^^^^^^^^^^^^^^
  File "/tmp/ipykernel_826/491611092.py", line 38, in generate_audio_metadata
    for variation in CONFIG["variations"]:
                     ~~~~~~^^^^^^^^^^^^^^
KeyError: 'variations'
2026-07-22 15:41:56,013 | INFO | Audio metadata saved: /content/drive/MyDrive/SATB_Model/Dataset/Metadata/metadata_audio.csv
2026-07-22 15:41:56,412 | INFO | Saved plot: /content/drive/MyDrive/SATB_Model/Result/dataset_distribution.png
2026-07-22 15:43:24,271 | INFO | Audio metadata saved: /content/drive/MyDrive/SATB_Model/Dataset/Metadata/metadata_audio.csv
2026-07-22 15:43:24,770 | INFO | Saved plot: /content/drive/MyDrive/SATB_Model/Result/dataset_distribution.png
2026-07-22 15:46:55,415 | INFO | Audio metadata saved: /content/drive/MyDrive/SATB_Model/Dataset/Metadata/metadata_audio.csv
2026-07-22 15:46:55,869 | INFO | Saved plot: /content/drive/MyDrive/SATB_Model/Result/dataset_distribution.png
2026-07-22 15:47:21,089 | INFO | Audio metadata saved: /content/drive/MyDrive/SATB_Model/Dataset/Metadata/metadata_audio.csv
2026-07-22 15:47:21,813 | INFO | Saved plot: /content/drive/MyDrive/SATB_Model/Result/dataset_distribution.png
2026-07-22 15:48:33,018 | INFO | Audio metadata saved: /content/drive/MyDrive/SATB_Model/Dataset/Metadata/metadata_audio.csv
2026-07-22 15:48:33,361 | INFO | Saved plot: /content/drive/MyDrive/SATB_Model/Result/dataset_distribution.png
2026-07-22 15:49:37,004 | INFO | Audio metadata saved: /content/drive/MyDrive/SATB_Model/Dataset/Metadata/metadata_audio.csv
2026-07-22 15:49:37,332 | INFO | Saved plot: /content/drive/MyDrive/SATB_Model/Result/dataset_distribution.png
2026-07-22 15:50:30,324 | INFO | Audio metadata saved: /content/drive/MyDrive/SATB_Model/Dataset/Metadata/metadata_audio.csv
2026-07-22 15:50:30,653 | INFO | Saved plot: /content/drive/MyDrive/SATB_Model/Result/dataset_distribution.png
2026-07-22 15:54:29,372 | INFO | Audio metadata saved: /content/drive/MyDrive/SATB_Model/Dataset/Metadata/metadata_audio.csv
2026-07-22 15:54:30,054 | INFO | Saved plot: /content/drive/MyDrive/SATB_Model/Result/dataset_distribution.png
2026-07-22 15:54:53,202 | INFO | Audio metadata saved: /content/drive/MyDrive/SATB_Model/Dataset/Metadata/metadata_audio.csv
2026-07-22 15:54:53,775 | INFO | Saved plot: /content/drive/MyDrive/SATB_Model/Result/dataset_distribution.png
2026-07-22 16:04:42,452 | INFO | Split metadata saved: /content/drive/MyDrive/SATB_Model/Dataset/Metadata/metadata_split.csv
2026-07-22 16:04:42,453 | INFO | Dataset metadata saved: /content/drive/MyDrive/SATB_Model/Dataset/Metadata/metadata_dataset.csv
2026-07-22 16:05:40,771 | INFO | Augmentation metadata saved: /content/drive/MyDrive/SATB_Model/Dataset/Metadata/metadata_augmentation.csv
2026-07-22 16:14:59,292 | INFO | CNN training completed.
2026-07-22 16:15:52,116 | INFO | Loaded best model from /content/drive/MyDrive/SATB_Model/Model/cnn_satb_best.keras
2026-07-22 17:00:32,937 | INFO | Pipeline initialized.
2026-07-22 17:00:33,547 | INFO | Base directory: /content/drive/MyDrive/SATB_Model
2026-07-22 17:00:44,386 | ERROR | MFCC extraction stage failed.
Traceback (most recent call last):
  File "/tmp/ipykernel_1027/2424886036.py", line 330, in <cell line: 0>
    split_df,
    ^^^^^^^^
NameError: name 'split_df' is not defined
2026-07-22 17:02:04,451 | ERROR | Dataset split stage failed.
Traceback (most recent call last):
  File "/tmp/ipykernel_1027/3561687943.py", line 85, in <cell line: 0>
    split_df = create_singer_level_split(audio_metadata_df)
                                         ^^^^^^^^^^^^^^^^^
NameError: name 'audio_metadata_df' is not defined
2026-07-22 17:02:28,154 | INFO | Pipeline initialized.
2026-07-22 17:02:28,158 | INFO | Base directory: /content/drive/MyDrive/SATB_Model
2026-07-22 17:03:26,123 | INFO | Pipeline initialized.
2026-07-22 17:03:26,125 | INFO | Base directory: /content/drive/MyDrive/SATB_Model
2026-07-22 17:04:32,355 | INFO | Pipeline initialized.
2026-07-22 17:04:32,360 | INFO | Base directory: /content/drive/MyDrive/SATB_Model
2026-07-22 17:04:36,637 | INFO | Pipeline initialized.
2026-07-22 17:04:36,644 | INFO | Base directory: /content/drive/MyDrive/SATB_Model
2026-07-22 17:04:55,022 | WARNING | Missing R7 in /content/drive/MyDrive/SATB_Model/Dataset/Raw/Internal/Soprano/S06 - Ira
2026-07-22 17:05:57,873 | WARNING | Missing R7 in /content/drive/MyDrive/SATB_Model/Dataset/Raw/Internal/Soprano/S14 - naya
2026-07-22 17:07:59,961 | WARNING | Missing R5 in /content/drive/MyDrive/SATB_Model/Dataset/Raw/Internal/Alto/A13 - kk tania
2026-07-22 17:07:59,963 | WARNING | Missing R6 in /content/drive/MyDrive/SATB_Model/Dataset/Raw/Internal/Alto/A13 - kk tania
2026-07-22 17:07:59,965 | WARNING | Missing R7 in /content/drive/MyDrive/SATB_Model/Dataset/Raw/Internal/Alto/A13 - kk tania
2026-07-22 17:11:53,516 | WARNING | Missing R2 in /content/drive/MyDrive/SATB_Model/Dataset/Raw/External/Tenor/T01
2026-07-22 17:11:53,517 | WARNING | Missing R3 in /content/drive/MyDrive/SATB_Model/Dataset/Raw/External/Tenor/T01
2026-07-22 17:11:53,522 | WARNING | Missing R1 in /content/drive/MyDrive/SATB_Model/Dataset/Raw/External/Tenor/T02
2026-07-22 17:24:13,308 | INFO | Preprocessing metadata saved: /content/drive/MyDrive/SATB_Model/Dataset/Metadata/metadata_preprocessing.csv
2026-07-22 17:30:09,414 | INFO | Audio metadata saved: /content/drive/MyDrive/SATB_Model/Dataset/Metadata/metadata_audio.csv
2026-07-22 17:30:10,263 | INFO | Saved plot: /content/drive/MyDrive/SATB_Model/Result/dataset_distribution.png
2026-07-22 17:32:41,840 | INFO | Split metadata saved: /content/drive/MyDrive/SATB_Model/Dataset/Metadata/metadata_split.csv
2026-07-22 17:32:41,841 | INFO | Dataset metadata saved: /content/drive/MyDrive/SATB_Model/Dataset/Metadata/metadata_dataset.csv
2026-07-22 17:41:46,586 | INFO | Augmentation metadata saved: /content/drive/MyDrive/SATB_Model/Dataset/Metadata/metadata_augmentation.csv
2026-07-22 17:45:38,657 | INFO | CNN training completed.
2026-07-22 17:48:31,953 | INFO | Loaded best model from /content/drive/MyDrive/SATB_Model/Model/cnn_satb_best.keras
2026-07-23 15:28:43,175 | INFO | Pipeline initialized.
2026-07-23 15:28:43,758 | INFO | Base directory: /content/drive/MyDrive/SATB_Model
2026-07-23 15:30:34,031 | WARNING | Missing R7 in /content/drive/MyDrive/SATB_Model/Dataset/Raw/Internal/Soprano/S14 - naya
2026-07-23 15:31:57,634 | WARNING | Missing R5 in /content/drive/MyDrive/SATB_Model/Dataset/Raw/Internal/Alto/A13 - kk tania
2026-07-23 15:31:57,636 | WARNING | Missing R6 in /content/drive/MyDrive/SATB_Model/Dataset/Raw/Internal/Alto/A13 - kk tania
2026-07-23 15:31:57,640 | WARNING | Missing R7 in /content/drive/MyDrive/SATB_Model/Dataset/Raw/Internal/Alto/A13 - kk tania
2026-07-23 15:32:07,808 | WARNING | Missing R6 in /content/drive/MyDrive/SATB_Model/Dataset/Raw/Internal/Alto/A15 - suri
2026-07-23 15:32:07,809 | WARNING | Missing R7 in /content/drive/MyDrive/SATB_Model/Dataset/Raw/Internal/Alto/A15 - suri
2026-07-23 15:33:11,304 | WARNING | Missing R5 in /content/drive/MyDrive/SATB_Model/Dataset/Raw/Internal/Tenor/T12 - Ernest
2026-07-23 15:33:11,309 | WARNING | Missing R6 in /content/drive/MyDrive/SATB_Model/Dataset/Raw/Internal/Tenor/T12 - Ernest
2026-07-23 15:33:11,310 | WARNING | Missing R7 in /content/drive/MyDrive/SATB_Model/Dataset/Raw/Internal/Tenor/T12 - Ernest
2026-07-23 15:33:14,687 | WARNING | Missing R6 in /content/drive/MyDrive/SATB_Model/Dataset/Raw/Internal/Tenor/T13 - Ilham
2026-07-23 15:33:14,689 | WARNING | Missing R7 in /content/drive/MyDrive/SATB_Model/Dataset/Raw/Internal/Tenor/T13 - Ilham
2026-07-23 15:33:18,335 | WARNING | Missing R7 in /content/drive/MyDrive/SATB_Model/Dataset/Raw/Internal/Tenor/T15 - Agung
2026-07-23 15:35:18,730 | WARNING | Missing R1 in /content/drive/MyDrive/SATB_Model/Dataset/Raw/External/Tenor/T02
2026-07-23 15:43:47,721 | INFO | Preprocessing metadata saved: /content/drive/MyDrive/SATB_Model/Dataset/Metadata/metadata_preprocessing.csv
2026-07-23 15:49:57,566 | INFO | Audio metadata saved: /content/drive/MyDrive/SATB_Model/Dataset/Metadata/metadata_audio.csv
2026-07-23 15:49:58,341 | INFO | Saved plot: /content/drive/MyDrive/SATB_Model/Result/dataset_distribution.png
2026-07-23 15:50:08,859 | INFO | Split 15 singers -> Train=10 Validation=2 Test=3
2026-07-23 15:50:08,863 | INFO | Split 15 singers -> Train=10 Validation=2 Test=3
2026-07-23 15:50:08,865 | INFO | Split 14 singers -> Train=9 Validation=2 Test=3
2026-07-23 15:50:08,868 | INFO | Split 14 singers -> Train=9 Validation=2 Test=3
2026-07-23 15:51:51,346 | INFO | Split metadata saved: /content/drive/MyDrive/SATB_Model/Dataset/Metadata/metadata_split.csv
2026-07-23 15:51:51,347 | INFO | Dataset metadata saved: /content/drive/MyDrive/SATB_Model/Dataset/Metadata/metadata_dataset.csv
2026-07-23 16:03:45,483 | INFO | Augmentation metadata saved: /content/drive/MyDrive/SATB_Model/Dataset/Metadata/metadata_augmentation.csv
2026-07-23 16:35:15,528 | INFO | CNN training completed.
2026-07-23 16:46:07,926 | ERROR | External dataset testing stage failed.
Traceback (most recent call last):
  File "/tmp/ipykernel_2187/1936172509.py", line 2, in <cell line: 0>
    external_metrics = evaluate_classifier(model, X_external, y_external, mfcc_external_meta, "external_test")
                       ^^^^^^^^^^^^^^^^^^^^^^^^^^^^^^^^^^^^^^^^^^^^^^^^^^^^^^^^^^^^^^^^^^^^^^^^^^^^^^^^^^^^^^^
  File "/tmp/ipykernel_2187/1727306761.py", line 26, in evaluate_classifier
    start_time = time.perf_counter()
                 ^^^^
NameError: name 'time' is not defined. Did you forget to import 'time'
2026-07-23 16:46:37,028 | ERROR | External dataset testing stage failed.
Traceback (most recent call last):
  File "/tmp/ipykernel_2187/3725832531.py", line 4, in <cell line: 0>
    external_metrics = evaluate_classifier(
                       ^^^^^^^^^^^^^^^^^^^^
  File "/tmp/ipykernel_2187/1727306761.py", line 26, in evaluate_classifier
    start_time = time.perf_counter()
                 ^^^^
NameError: name 'time' is not defined. Did you forget to import 'time'
2026-07-23 16:54:39,332 | INFO | Loaded best model from /content/drive/MyDrive/SATB_Model/Model/cnn_satb_best.keras
2026-07-23 17:10:19,552 | INFO | Loaded best model from /content/drive/MyDrive/SATB_Model/Model/cnn_satb_best.keras
2026-07-24 12:26:21,747 | INFO | Pipeline initialized.
2026-07-24 12:26:22,378 | INFO | Base directory: /content/drive/MyDrive/SATB_Model
2026-07-24 12:28:09,839 | WARNING | Missing R7 in /content/drive/MyDrive/SATB_Model/Dataset/Raw/Internal/Soprano/S14 - naya
2026-07-24 12:29:41,160 | WARNING | Missing R5 in /content/drive/MyDrive/SATB_Model/Dataset/Raw/Internal/Alto/A13 - kk tania
2026-07-24 12:29:41,162 | WARNING | Missing R6 in /content/drive/MyDrive/SATB_Model/Dataset/Raw/Internal/Alto/A13 - kk tania
2026-07-24 12:29:41,164 | WARNING | Missing R7 in /content/drive/MyDrive/SATB_Model/Dataset/Raw/Internal/Alto/A13 - kk tania
2026-07-24 12:29:54,013 | WARNING | Missing R6 in /content/drive/MyDrive/SATB_Model/Dataset/Raw/Internal/Alto/A15 - suri
2026-07-24 12:29:54,014 | WARNING | Missing R7 in /content/drive/MyDrive/SATB_Model/Dataset/Raw/Internal/Alto/A15 - suri
2026-07-24 12:31:12,185 | WARNING | Missing R5 in /content/drive/MyDrive/SATB_Model/Dataset/Raw/Internal/Tenor/T12 - Ernest
2026-07-24 12:31:12,186 | WARNING | Missing R6 in /content/drive/MyDrive/SATB_Model/Dataset/Raw/Internal/Tenor/T12 - Ernest
2026-07-24 12:31:12,188 | WARNING | Missing R7 in /content/drive/MyDrive/SATB_Model/Dataset/Raw/Internal/Tenor/T12 - Ernest
2026-07-24 12:31:17,818 | WARNING | Missing R6 in /content/drive/MyDrive/SATB_Model/Dataset/Raw/Internal/Tenor/T13 - Ilham
2026-07-24 12:31:17,819 | WARNING | Missing R7 in /content/drive/MyDrive/SATB_Model/Dataset/Raw/Internal/Tenor/T13 - Ilham
2026-07-24 12:31:23,627 | WARNING | Missing R7 in /content/drive/MyDrive/SATB_Model/Dataset/Raw/Internal/Tenor/T15 - Agung
2026-07-24 12:33:38,999 | WARNING | Missing R1 in /content/drive/MyDrive/SATB_Model/Dataset/Raw/External/Tenor/T02
2026-07-24 12:50:00,208 | WARNING | Missing R7 in /content/drive/MyDrive/SATB_Model/Dataset/Raw/Internal/Soprano/S14 - naya
2026-07-24 12:50:01,381 | WARNING | Missing R5 in /content/drive/MyDrive/SATB_Model/Dataset/Raw/Internal/Alto/A13 - kk tania
2026-07-24 12:50:01,382 | WARNING | Missing R6 in /content/drive/MyDrive/SATB_Model/Dataset/Raw/Internal/Alto/A13 - kk tania
2026-07-24 12:50:01,385 | WARNING | Missing R7 in /content/drive/MyDrive/SATB_Model/Dataset/Raw/Internal/Alto/A13 - kk tania
2026-07-24 12:50:01,532 | WARNING | Missing R6 in /content/drive/MyDrive/SATB_Model/Dataset/Raw/Internal/Alto/A15 - suri
2026-07-24 12:50:01,534 | WARNING | Missing R7 in /content/drive/MyDrive/SATB_Model/Dataset/Raw/Internal/Alto/A15 - suri
2026-07-24 12:50:02,449 | WARNING | Missing R5 in /content/drive/MyDrive/SATB_Model/Dataset/Raw/Internal/Tenor/T12 - Ernest
2026-07-24 12:50:02,450 | WARNING | Missing R6 in /content/drive/MyDrive/SATB_Model/Dataset/Raw/Internal/Tenor/T12 - Ernest
2026-07-24 12:50:02,452 | WARNING | Missing R7 in /content/drive/MyDrive/SATB_Model/Dataset/Raw/Internal/Tenor/T12 - Ernest
2026-07-24 12:50:02,506 | WARNING | Missing R6 in /content/drive/MyDrive/SATB_Model/Dataset/Raw/Internal/Tenor/T13 - Ilham
2026-07-24 12:50:02,506 | WARNING | Missing R7 in /content/drive/MyDrive/SATB_Model/Dataset/Raw/Internal/Tenor/T13 - Ilham
2026-07-24 12:50:02,563 | WARNING | Missing R7 in /content/drive/MyDrive/SATB_Model/Dataset/Raw/Internal/Tenor/T15 - Agung
2026-07-24 12:50:04,304 | WARNING | Missing R1 in /content/drive/MyDrive/SATB_Model/Dataset/Raw/External/Tenor/T02
2026-07-24 12:51:16,525 | INFO | Preprocessing metadata saved: /content/drive/MyDrive/SATB_Model/Dataset/Metadata/metadata_preprocessing.csv
2026-07-24 12:51:16,527 | ERROR | Audio preprocessing stage failed.
Traceback (most recent call last):
  File "/tmp/ipykernel_721/1895505861.py", line 218, in <cell line: 0>
    .groupby(
     ^^^^^^^^
  File "/usr/local/lib/python3.12/dist-packages/pandas/core/frame.py", line 9183, in groupby
    return DataFrameGroupBy(
           ^^^^^^^^^^^^^^^^^
  File "/usr/local/lib/python3.12/dist-packages/pandas/core/groupby/groupby.py", line 1329, in __init__
    grouper, exclusions, obj = get_grouper(
                               ^^^^^^^^^^^^
  File "/usr/local/lib/python3.12/dist-packages/pandas/core/groupby/grouper.py", line 1043, in get_grouper
    raise KeyError(gpr)
KeyError: 'dataset_type'
2026-07-24 12:59:28,626 | INFO | Preprocessing metadata saved: /content/drive/MyDrive/SATB_Model/Dataset/Metadata/metadata_preprocessing.csv
2026-07-24 13:44:57,730 | INFO | Pipeline initialized.
2026-07-24 13:44:58,522 | INFO | Base directory: /content/drive/MyDrive/SATB_Model
2026-07-24 13:56:07,426 | WARNING | Missing R7 in /content/drive/MyDrive/SATB_Model/Dataset/Raw/Internal/Soprano/S14 - naya
2026-07-24 14:01:11,111 | WARNING | Missing R5 in /content/drive/MyDrive/SATB_Model/Dataset/Raw/Internal/Alto/A13 - kk tania
2026-07-24 14:01:11,113 | WARNING | Missing R6 in /content/drive/MyDrive/SATB_Model/Dataset/Raw/Internal/Alto/A13 - kk tania
2026-07-24 14:01:11,115 | WARNING | Missing R7 in /content/drive/MyDrive/SATB_Model/Dataset/Raw/Internal/Alto/A13 - kk tania
2026-07-24 14:01:58,701 | WARNING | Missing R6 in /content/drive/MyDrive/SATB_Model/Dataset/Raw/Internal/Alto/A15 - suri
2026-07-24 14:01:58,703 | WARNING | Missing R7 in /content/drive/MyDrive/SATB_Model/Dataset/Raw/Internal/Alto/A15 - suri
2026-07-24 14:06:14,644 | WARNING | Missing R5 in /content/drive/MyDrive/SATB_Model/Dataset/Raw/Internal/Tenor/T12 - Ernest
2026-07-24 14:06:14,646 | WARNING | Missing R6 in /content/drive/MyDrive/SATB_Model/Dataset/Raw/Internal/Tenor/T12 - Ernest
2026-07-24 14:06:14,647 | WARNING | Missing R7 in /content/drive/MyDrive/SATB_Model/Dataset/Raw/Internal/Tenor/T12 - Ernest
2026-07-24 14:06:29,339 | WARNING | Missing R6 in /content/drive/MyDrive/SATB_Model/Dataset/Raw/Internal/Tenor/T13 - Ilham
2026-07-24 14:06:29,340 | WARNING | Missing R7 in /content/drive/MyDrive/SATB_Model/Dataset/Raw/Internal/Tenor/T13 - Ilham
2026-07-24 14:06:46,103 | WARNING | Missing R7 in /content/drive/MyDrive/SATB_Model/Dataset/Raw/Internal/Tenor/T15 - Agung
2026-07-24 14:11:34,430 | WARNING | Missing R7 in /content/drive/MyDrive/SATB_Model/Dataset/Raw/Internal/Soprano/S14 - naya
2026-07-24 14:11:36,403 | WARNING | Missing R5 in /content/drive/MyDrive/SATB_Model/Dataset/Raw/Internal/Alto/A13 - kk tania
2026-07-24 14:11:36,406 | WARNING | Missing R6 in /content/drive/MyDrive/SATB_Model/Dataset/Raw/Internal/Alto/A13 - kk tania
2026-07-24 14:11:36,407 | WARNING | Missing R7 in /content/drive/MyDrive/SATB_Model/Dataset/Raw/Internal/Alto/A13 - kk tania
2026-07-24 14:11:36,673 | WARNING | Missing R6 in /content/drive/MyDrive/SATB_Model/Dataset/Raw/Internal/Alto/A15 - suri
2026-07-24 14:11:36,674 | WARNING | Missing R7 in /content/drive/MyDrive/SATB_Model/Dataset/Raw/Internal/Alto/A15 - suri
2026-07-24 14:11:38,394 | WARNING | Missing R5 in /content/drive/MyDrive/SATB_Model/Dataset/Raw/Internal/Tenor/T12 - Ernest
2026-07-24 14:11:38,399 | WARNING | Missing R6 in /content/drive/MyDrive/SATB_Model/Dataset/Raw/Internal/Tenor/T12 - Ernest
2026-07-24 14:11:38,402 | WARNING | Missing R7 in /content/drive/MyDrive/SATB_Model/Dataset/Raw/Internal/Tenor/T12 - Ernest
2026-07-24 14:11:38,483 | WARNING | Missing R6 in /content/drive/MyDrive/SATB_Model/Dataset/Raw/Internal/Tenor/T13 - Ilham
2026-07-24 14:11:38,485 | WARNING | Missing R7 in /content/drive/MyDrive/SATB_Model/Dataset/Raw/Internal/Tenor/T13 - Ilham
2026-07-24 14:11:38,592 | WARNING | Missing R7 in /content/drive/MyDrive/SATB_Model/Dataset/Raw/Internal/Tenor/T15 - Agung
2026-07-24 14:14:24,006 | WARNING | Missing R1 in /content/drive/MyDrive/SATB_Model/Dataset/Raw/External/Tenor/T02
2026-07-24 14:32:56,269 | INFO | Preprocessing metadata saved: /content/drive/MyDrive/SATB_Model/Dataset/Metadata/metadata_preprocessing.csv
2026-07-24 14:34:55,844 | INFO | Split 15 singers -> Train=10 Validation=2 Test=3
2026-07-24 14:34:55,846 | INFO | Split 15 singers -> Train=10 Validation=2 Test=3
2026-07-24 14:34:55,848 | INFO | Split 14 singers -> Train=9 Validation=2 Test=3
2026-07-24 14:34:55,851 | INFO | Split 14 singers -> Train=9 Validation=2 Test=3
2026-07-24 14:34:56,493 | ERROR | Dataset split stage failed.
Traceback (most recent call last):
  File "/tmp/ipykernel_442/4239541479.py", line 117, in <cell line: 0>
    split_df, external_processed_df = materialize_processed_split(split_df, audio_metadata_df)
                                      ^^^^^^^^^^^^^^^^^^^^^^^^^^^^^^^^^^^^^^^^^^^^^^^^^^^^^^^^
  File "/tmp/ipykernel_442/4239541479.py", line 95, in materialize_processed_split
    shutil.copy2(Path(row["file_path"]), destination)
  File "/usr/lib/python3.12/shutil.py", line 475, in copy2
    copyfile(src, dst, follow_symlinks=follow_symlinks)
  File "/usr/lib/python3.12/shutil.py", line 260, in copyfile
    with open(src, 'rb') as fsrc:
         ^^^^^^^^^^^^^^^
FileNotFoundError: [Errno 2] No such file or directory: '/content/satb_working/ProcessedAll/Internal/Soprano/S01 - nata/R1.wav'
2026-07-24 14:50:02,342 | INFO | Pipeline initialized.
2026-07-24 14:50:02,345 | INFO | Base directory: /content/drive/MyDrive/SATB_Model
2026-07-24 14:50:39,984 | WARNING | Missing R7 in /content/drive/MyDrive/SATB_Model/Dataset/Raw/Internal/Soprano/S14 - naya
2026-07-24 14:50:41,055 | WARNING | Missing R5 in /content/drive/MyDrive/SATB_Model/Dataset/Raw/Internal/Alto/A13 - kk tania
2026-07-24 14:50:41,056 | WARNING | Missing R6 in /content/drive/MyDrive/SATB_Model/Dataset/Raw/Internal/Alto/A13 - kk tania
2026-07-24 14:50:41,059 | WARNING | Missing R7 in /content/drive/MyDrive/SATB_Model/Dataset/Raw/Internal/Alto/A13 - kk tania
2026-07-24 14:50:41,185 | WARNING | Missing R6 in /content/drive/MyDrive/SATB_Model/Dataset/Raw/Internal/Alto/A15 - suri
2026-07-24 14:50:41,186 | WARNING | Missing R7 in /content/drive/MyDrive/SATB_Model/Dataset/Raw/Internal/Alto/A15 - suri
2026-07-24 14:50:42,025 | WARNING | Missing R5 in /content/drive/MyDrive/SATB_Model/Dataset/Raw/Internal/Tenor/T12 - Ernest
2026-07-24 14:50:42,026 | WARNING | Missing R6 in /content/drive/MyDrive/SATB_Model/Dataset/Raw/Internal/Tenor/T12 - Ernest
2026-07-24 14:50:42,029 | WARNING | Missing R7 in /content/drive/MyDrive/SATB_Model/Dataset/Raw/Internal/Tenor/T12 - Ernest
2026-07-24 14:50:42,077 | WARNING | Missing R6 in /content/drive/MyDrive/SATB_Model/Dataset/Raw/Internal/Tenor/T13 - Ilham
2026-07-24 14:50:42,078 | WARNING | Missing R7 in /content/drive/MyDrive/SATB_Model/Dataset/Raw/Internal/Tenor/T13 - Ilham
2026-07-24 14:50:42,151 | WARNING | Missing R7 in /content/drive/MyDrive/SATB_Model/Dataset/Raw/Internal/Tenor/T15 - Agung
2026-07-24 14:50:43,725 | WARNING | Missing R1 in /content/drive/MyDrive/SATB_Model/Dataset/Raw/External/Tenor/T02
2026-07-24 14:52:31,534 | INFO | Preprocessing metadata saved: /content/drive/MyDrive/SATB_Model/Dataset/Metadata/metadata_preprocessing.csv
2026-07-24 14:57:35,359 | INFO | Audio metadata saved: /content/drive/MyDrive/SATB_Model/Dataset/Metadata/metadata_audio.csv
2026-07-24 14:57:36,743 | INFO | Saved plot: /content/drive/MyDrive/SATB_Model/Result/dataset_distribution.png
2026-07-24 14:59:16,760 | INFO | Split 15 singers -> Train=10 Validation=2 Test=3
2026-07-24 14:59:16,766 | INFO | Split 15 singers -> Train=10 Validation=2 Test=3
2026-07-24 14:59:16,773 | INFO | Split 14 singers -> Train=9 Validation=2 Test=3
2026-07-24 14:59:16,777 | INFO | Split 14 singers -> Train=9 Validation=2 Test=3
2026-07-24 14:59:39,534 | INFO | Split metadata saved: /content/drive/MyDrive/SATB_Model/Dataset/Metadata/metadata_split.csv
2026-07-24 14:59:39,535 | INFO | Dataset metadata saved: /content/drive/MyDrive/SATB_Model/Dataset/Metadata/metadata_dataset.csv
2026-07-24 15:02:49,477 | ERROR | Failed augmenting /content/drive/MyDrive/SATB_Model/Dataset/Processed/Train/Soprano/S01 - nata/R1.wav: name 'save_augmented_audio' is not defined
2026-07-24 15:02:49,503 | ERROR | Failed augmenting /content/drive/MyDrive/SATB_Model/Dataset/Processed/Train/Soprano/S01 - nata/R1.wav: name 'save_augmented_audio' is not defined
2026-07-24 15:02:49,526 | ERROR | Failed augmenting /content/drive/MyDrive/SATB_Model/Dataset/Processed/Train/Soprano/S01 - nata/R1.wav: name 'save_augmented_audio' is not defined
2026-07-24 15:02:49,551 | ERROR | Failed augmenting /content/drive/MyDrive/SATB_Model/Dataset/Processed/Train/Soprano/S01 - nata/R1.wav: name 'save_augmented_audio' is not defined
2026-07-24 15:02:49,603 | ERROR | Failed augmenting /content/drive/MyDrive/SATB_Model/Dataset/Processed/Train/Soprano/S01 - nata/R1.wav: name 'save_augmented_audio' is not defined
2026-07-24 15:02:49,657 | ERROR | Failed augmenting /content/drive/MyDrive/SATB_Model/Dataset/Processed/Train/Soprano/S01 - nata/R1.wav: name 'save_augmented_audio' is not defined
2026-07-24 15:02:49,706 | ERROR | Failed augmenting /content/drive/MyDrive/SATB_Model/Dataset/Processed/Train/Soprano/S01 - nata/R1.wav: name 'save_augmented_audio' is not defined
2026-07-24 15:02:49,747 | ERROR | Failed augmenting /content/drive/MyDrive/SATB_Model/Dataset/Processed/Train/Soprano/S01 - nata/R1.wav: name 'save_augmented_audio' is not defined
2026-07-24 15:02:49,777 | ERROR | Failed augmenting /content/drive/MyDrive/SATB_Model/Dataset/Processed/Train/Soprano/S01 - nata/R2.wav: name 'save_augmented_audio' is not defined
2026-07-24 15:02:49,800 | ERROR | Failed augmenting /content/drive/MyDrive/SATB_Model/Dataset/Processed/Train/Soprano/S01 - nata/R2.wav: name 'save_augmented_audio' is not defined
2026-07-24 15:02:49,822 | ERROR | Failed augmenting /content/drive/MyDrive/SATB_Model/Dataset/Processed/Train/Soprano/S01 - nata/R2.wav: name 'save_augmented_audio' is not defined
2026-07-24 15:02:49,844 | ERROR | Failed augmenting /content/drive/MyDrive/SATB_Model/Dataset/Processed/Train/Soprano/S01 - nata/R2.wav: name 'save_augmented_audio' is not defined
2026-07-24 15:02:49,869 | ERROR | Failed augmenting /content/drive/MyDrive/SATB_Model/Dataset/Processed/Train/Soprano/S01 - nata/R3.wav: name 'save_augmented_audio' is not defined
2026-07-24 15:02:49,895 | ERROR | Failed augmenting /content/drive/MyDrive/SATB_Model/Dataset/Processed/Train/Soprano/S01 - nata/R3.wav: name 'save_augmented_audio' is not defined
2026-07-24 15:02:49,938 | ERROR | Failed augmenting /content/drive/MyDrive/SATB_Model/Dataset/Processed/Train/Soprano/S01 - nata/R4.wav: name 'save_augmented_audio' is not defined
2026-07-24 15:02:49,978 | ERROR | Failed augmenting /content/drive/MyDrive/SATB_Model/Dataset/Processed/Train/Soprano/S01 - nata/R4.wav: name 'save_augmented_audio' is not defined
2026-07-24 15:02:50,019 | ERROR | Failed augmenting /content/drive/MyDrive/SATB_Model/Dataset/Processed/Train/Soprano/S01 - nata/R5.wav: name 'save_augmented_audio' is not defined
2026-07-24 15:02:50,058 | ERROR | Failed augmenting /content/drive/MyDrive/SATB_Model/Dataset/Processed/Train/Soprano/S01 - nata/R5.wav: name 'save_augmented_audio' is not defined
2026-07-24 15:02:50,109 | ERROR | Failed augmenting /content/drive/MyDrive/SATB_Model/Dataset/Processed/Train/Soprano/S01 - nata/R6.wav: name 'save_augmented_audio' is not defined
2026-07-24 15:02:50,172 | ERROR | Failed augmenting /content/drive/MyDrive/SATB_Model/Dataset/Processed/Train/Soprano/S01 - nata/R6.wav: name 'save_augmented_audio' is not defined
2026-07-24 15:02:50,240 | ERROR | Failed augmenting /content/drive/MyDrive/SATB_Model/Dataset/Processed/Train/Soprano/S01 - nata/R7.wav: name 'save_augmented_audio' is not defined
2026-07-24 15:02:50,301 | ERROR | Failed augmenting /content/drive/MyDrive/SATB_Model/Dataset/Processed/Train/Soprano/S01 - nata/R7.wav: name 'save_augmented_audio' is not defined
2026-07-24 15:02:50,344 | ERROR | Failed augmenting /content/drive/MyDrive/SATB_Model/Dataset/Processed/Train/Soprano/S04 - kezia/R1.wav: name 'save_augmented_audio' is not defined
2026-07-24 15:02:50,381 | ERROR | Failed augmenting /content/drive/MyDrive/SATB_Model/Dataset/Processed/Train/Soprano/S04 - kezia/R1.wav: name 'save_augmented_audio' is not defined
2026-07-24 15:02:50,418 | ERROR | Failed augmenting /content/drive/MyDrive/SATB_Model/Dataset/Processed/Train/Soprano/S04 - kezia/R1.wav: name 'save_augmented_audio' is not defined
2026-07-24 15:02:50,457 | ERROR | Failed augmenting /content/drive/MyDrive/SATB_Model/Dataset/Processed/Train/Soprano/S04 - kezia/R1.wav: name 'save_augmented_audio' is not defined
2026-07-24 15:02:50,494 | ERROR | Failed augmenting /content/drive/MyDrive/SATB_Model/Dataset/Processed/Train/Soprano/S04 - kezia/R1.wav: name 'save_augmented_audio' is not defined
2026-07-24 15:02:50,531 | ERROR | Failed augmenting /content/drive/MyDrive/SATB_Model/Dataset/Processed/Train/Soprano/S04 - kezia/R1.wav: name 'save_augmented_audio' is not defined
2026-07-24 15:02:50,568 | ERROR | Failed augmenting /content/drive/MyDrive/SATB_Model/Dataset/Processed/Train/Soprano/S04 - kezia/R1.wav: name 'save_augmented_audio' is not defined
2026-07-24 15:02:50,607 | ERROR | Failed augmenting /content/drive/MyDrive/SATB_Model/Dataset/Processed/Train/Soprano/S04 - kezia/R1.wav: name 'save_augmented_audio' is not defined
2026-07-24 15:02:50,641 | ERROR | Failed augmenting /content/drive/MyDrive/SATB_Model/Dataset/Processed/Train/Soprano/S04 - kezia/R2.wav: name 'save_augmented_audio' is not defined
2026-07-24 15:02:50,678 | ERROR | Failed augmenting /content/drive/MyDrive/SATB_Model/Dataset/Processed/Train/Soprano/S04 - kezia/R2.wav: name 'save_augmented_audio' is not defined
2026-07-24 15:02:50,710 | ERROR | Failed augmenting /content/drive/MyDrive/SATB_Model/Dataset/Processed/Train/Soprano/S04 - kezia/R2.wav: name 'save_augmented_audio' is not defined
2026-07-24 15:02:50,743 | ERROR | Failed augmenting /content/drive/MyDrive/SATB_Model/Dataset/Processed/Train/Soprano/S04 - kezia/R2.wav: name 'save_augmented_audio' is not defined
2026-07-24 15:02:50,792 | ERROR | Failed augmenting /content/drive/MyDrive/SATB_Model/Dataset/Processed/Train/Soprano/S04 - kezia/R3.wav: name 'save_augmented_audio' is not defined
2026-07-24 15:02:50,836 | ERROR | Failed augmenting /content/drive/MyDrive/SATB_Model/Dataset/Processed/Train/Soprano/S04 - kezia/R3.wav: name 'save_augmented_audio' is not defined
2026-07-24 15:02:50,885 | ERROR | Failed augmenting /content/drive/MyDrive/SATB_Model/Dataset/Processed/Train/Soprano/S04 - kezia/R3.wav: name 'save_augmented_audio' is not defined
2026-07-24 15:02:50,937 | ERROR | Failed augmenting /content/drive/MyDrive/SATB_Model/Dataset/Processed/Train/Soprano/S04 - kezia/R4.wav: name 'save_augmented_audio' is not defined
2026-07-24 15:02:50,987 | ERROR | Failed augmenting /content/drive/MyDrive/SATB_Model/Dataset/Processed/Train/Soprano/S04 - kezia/R4.wav: name 'save_augmented_audio' is not defined
2026-07-24 15:02:51,050 | ERROR | Failed augmenting /content/drive/MyDrive/SATB_Model/Dataset/Processed/Train/Soprano/S04 - kezia/R5.wav: name 'save_augmented_audio' is not defined
2026-07-24 15:02:51,108 | ERROR | Failed augmenting /content/drive/MyDrive/SATB_Model/Dataset/Processed/Train/Soprano/S04 - kezia/R5.wav: name 'save_augmented_audio' is not defined
2026-07-24 15:02:51,179 | ERROR | Failed augmenting /content/drive/MyDrive/SATB_Model/Dataset/Processed/Train/Soprano/S04 - kezia/R6.wav: name 'save_augmented_audio' is not defined
2026-07-24 15:02:51,265 | ERROR | Failed augmenting /content/drive/MyDrive/SATB_Model/Dataset/Processed/Train/Soprano/S04 - kezia/R6.wav: name 'save_augmented_audio' is not defined
2026-07-24 15:02:51,373 | ERROR | Failed augmenting /content/drive/MyDrive/SATB_Model/Dataset/Processed/Train/Soprano/S04 - kezia/R7.wav: name 'save_augmented_audio' is not defined
2026-07-24 15:02:51,457 | ERROR | Failed augmenting /content/drive/MyDrive/SATB_Model/Dataset/Processed/Train/Soprano/S04 - kezia/R7.wav: name 'save_augmented_audio' is not defined
2026-07-24 15:02:51,481 | ERROR | Failed augmenting /content/drive/MyDrive/SATB_Model/Dataset/Processed/Train/Soprano/S05 - mariata/R1.wav: name 'save_augmented_audio' is not defined
2026-07-24 15:02:51,505 | ERROR | Failed augmenting /content/drive/MyDrive/SATB_Model/Dataset/Processed/Train/Soprano/S05 - mariata/R1.wav: name 'save_augmented_audio' is not defined
2026-07-24 15:02:51,526 | ERROR | Failed augmenting /content/drive/MyDrive/SATB_Model/Dataset/Processed/Train/Soprano/S05 - mariata/R1.wav: name 'save_augmented_audio' is not defined
2026-07-24 15:02:51,548 | ERROR | Failed augmenting /content/drive/MyDrive/SATB_Model/Dataset/Processed/Train/Soprano/S05 - mariata/R1.wav: name 'save_augmented_audio' is not defined
2026-07-24 15:02:51,572 | ERROR | Failed augmenting /content/drive/MyDrive/SATB_Model/Dataset/Processed/Train/Soprano/S05 - mariata/R1.wav: name 'save_augmented_audio' is not defined
2026-07-24 15:02:51,594 | ERROR | Failed augmenting /content/drive/MyDrive/SATB_Model/Dataset/Processed/Train/Soprano/S05 - mariata/R1.wav: name 'save_augmented_audio' is not defined
2026-07-24 15:02:51,618 | ERROR | Failed augmenting /content/drive/MyDrive/SATB_Model/Dataset/Processed/Train/Soprano/S05 - mariata/R1.wav: name 'save_augmented_audio' is not defined
2026-07-24 15:02:51,642 | ERROR | Failed augmenting /content/drive/MyDrive/SATB_Model/Dataset/Processed/Train/Soprano/S05 - mariata/R1.wav: name 'save_augmented_audio' is not defined
2026-07-24 15:02:51,673 | ERROR | Failed augmenting /content/drive/MyDrive/SATB_Model/Dataset/Processed/Train/Soprano/S05 - mariata/R2.wav: name 'save_augmented_audio' is not defined
2026-07-24 15:02:51,702 | ERROR | Failed augmenting /content/drive/MyDrive/SATB_Model/Dataset/Processed/Train/Soprano/S05 - mariata/R2.wav: name 'save_augmented_audio' is not defined
2026-07-24 15:02:51,734 | ERROR | Failed augmenting /content/drive/MyDrive/SATB_Model/Dataset/Processed/Train/Soprano/S05 - mariata/R2.wav: name 'save_augmented_audio' is not defined
2026-07-24 15:02:51,763 | ERROR | Failed augmenting /content/drive/MyDrive/SATB_Model/Dataset/Processed/Train/Soprano/S05 - mariata/R2.wav: name 'save_augmented_audio' is not defined
2026-07-24 15:02:51,793 | ERROR | Failed augmenting /content/drive/MyDrive/SATB_Model/Dataset/Processed/Train/Soprano/S05 - mariata/R2.wav: name 'save_augmented_audio' is not defined
2026-07-24 15:02:51,845 | ERROR | Failed augmenting /content/drive/MyDrive/SATB_Model/Dataset/Processed/Train/Soprano/S05 - mariata/R3.wav: name 'save_augmented_audio' is not defined
2026-07-24 15:02:51,900 | ERROR | Failed augmenting /content/drive/MyDrive/SATB_Model/Dataset/Processed/Train/Soprano/S05 - mariata/R3.wav: name 'save_augmented_audio' is not defined
2026-07-24 15:02:51,949 | ERROR | Failed augmenting /content/drive/MyDrive/SATB_Model/Dataset/Processed/Train/Soprano/S05 - mariata/R3.wav: name 'save_augmented_audio' is not defined
2026-07-24 15:02:51,996 | ERROR | Failed augmenting /content/drive/MyDrive/SATB_Model/Dataset/Processed/Train/Soprano/S05 - mariata/R4.wav: name 'save_augmented_audio' is not defined
2026-07-24 15:02:52,048 | ERROR | Failed augmenting /content/drive/MyDrive/SATB_Model/Dataset/Processed/Train/Soprano/S05 - mariata/R4.wav: name 'save_augmented_audio' is not defined
2026-07-24 15:02:52,113 | ERROR | Failed augmenting /content/drive/MyDrive/SATB_Model/Dataset/Processed/Train/Soprano/S05 - mariata/R5.wav: name 'save_augmented_audio' is not defined
2026-07-24 15:02:52,185 | ERROR | Failed augmenting /content/drive/MyDrive/SATB_Model/Dataset/Processed/Train/Soprano/S05 - mariata/R5.wav: name 'save_augmented_audio' is not defined
2026-07-24 15:02:52,206 | ERROR | Failed augmenting /content/drive/MyDrive/SATB_Model/Dataset/Processed/Train/Soprano/S05 - mariata/R6.wav: name 'save_augmented_audio' is not defined
2026-07-24 15:02:52,226 | ERROR | Failed augmenting /content/drive/MyDrive/SATB_Model/Dataset/Processed/Train/Soprano/S05 - mariata/R6.wav: name 'save_augmented_audio' is not defined
2026-07-24 15:02:52,253 | ERROR | Failed augmenting /content/drive/MyDrive/SATB_Model/Dataset/Processed/Train/Soprano/S05 - mariata/R6.wav: name 'save_augmented_audio' is not defined
2026-07-24 15:02:52,293 | ERROR | Failed augmenting /content/drive/MyDrive/SATB_Model/Dataset/Processed/Train/Soprano/S05 - mariata/R7.wav: name 'save_augmented_audio' is not defined
2026-07-24 15:02:52,331 | ERROR | Failed augmenting /content/drive/MyDrive/SATB_Model/Dataset/Processed/Train/Soprano/S05 - mariata/R7.wav: name 'save_augmented_audio' is not defined
2026-07-24 15:02:52,367 | ERROR | Failed augmenting /content/drive/MyDrive/SATB_Model/Dataset/Processed/Train/Soprano/S05 - mariata/R7.wav: name 'save_augmented_audio' is not defined
2026-07-24 15:02:52,396 | ERROR | Failed augmenting /content/drive/MyDrive/SATB_Model/Dataset/Processed/Train/Soprano/S07 - Nanes/R1.wav: name 'save_augmented_audio' is not defined
2026-07-24 15:02:52,427 | ERROR | Failed augmenting /content/drive/MyDrive/SATB_Model/Dataset/Processed/Train/Soprano/S07 - Nanes/R1.wav: name 'save_augmented_audio' is not defined
2026-07-24 15:02:52,454 | ERROR | Failed augmenting /content/drive/MyDrive/SATB_Model/Dataset/Processed/Train/Soprano/S07 - Nanes/R1.wav: name 'save_augmented_audio' is not defined
2026-07-24 15:02:52,484 | ERROR | Failed augmenting /content/drive/MyDrive/SATB_Model/Dataset/Processed/Train/Soprano/S07 - Nanes/R1.wav: name 'save_augmented_audio' is not defined
2026-07-24 15:02:52,515 | ERROR | Failed augmenting /content/drive/MyDrive/SATB_Model/Dataset/Processed/Train/Soprano/S07 - Nanes/R1.wav: name 'save_augmented_audio' is not defined
2026-07-24 15:02:52,547 | ERROR | Failed augmenting /content/drive/MyDrive/SATB_Model/Dataset/Processed/Train/Soprano/S07 - Nanes/R1.wav: name 'save_augmented_audio' is not defined
2026-07-24 15:02:52,576 | ERROR | Failed augmenting /content/drive/MyDrive/SATB_Model/Dataset/Processed/Train/Soprano/S07 - Nanes/R1.wav: name 'save_augmented_audio' is not defined
2026-07-24 15:02:52,606 | ERROR | Failed augmenting /content/drive/MyDrive/SATB_Model/Dataset/Processed/Train/Soprano/S07 - Nanes/R1.wav: name 'save_augmented_audio' is not defined
2026-07-24 15:02:52,636 | ERROR | Failed augmenting /content/drive/MyDrive/SATB_Model/Dataset/Processed/Train/Soprano/S07 - Nanes/R2.wav: name 'save_augmented_audio' is not defined
2026-07-24 15:02:52,665 | ERROR | Failed augmenting /content/drive/MyDrive/SATB_Model/Dataset/Processed/Train/Soprano/S07 - Nanes/R2.wav: name 'save_augmented_audio' is not defined
2026-07-24 15:02:52,694 | ERROR | Failed augmenting /content/drive/MyDrive/SATB_Model/Dataset/Processed/Train/Soprano/S07 - Nanes/R2.wav: name 'save_augmented_audio' is not defined
2026-07-24 15:02:52,722 | ERROR | Failed augmenting /content/drive/MyDrive/SATB_Model/Dataset/Processed/Train/Soprano/S07 - Nanes/R2.wav: name 'save_augmented_audio' is not defined
2026-07-24 15:02:52,759 | ERROR | Failed augmenting /content/drive/MyDrive/SATB_Model/Dataset/Processed/Train/Soprano/S07 - Nanes/R3.wav: name 'save_augmented_audio' is not defined
2026-07-24 15:02:52,798 | ERROR | Failed augmenting /content/drive/MyDrive/SATB_Model/Dataset/Processed/Train/Soprano/S07 - Nanes/R3.wav: name 'save_augmented_audio' is not defined
2026-07-24 15:02:52,840 | ERROR | Failed augmenting /content/drive/MyDrive/SATB_Model/Dataset/Processed/Train/Soprano/S07 - Nanes/R4.wav: name 'save_augmented_audio' is not defined
2026-07-24 15:02:52,881 | ERROR | Failed augmenting /content/drive/MyDrive/SATB_Model/Dataset/Processed/Train/Soprano/S07 - Nanes/R4.wav: name 'save_augmented_audio' is not defined
2026-07-24 15:02:52,929 | ERROR | Failed augmenting /content/drive/MyDrive/SATB_Model/Dataset/Processed/Train/Soprano/S07 - Nanes/R5.wav: name 'save_augmented_audio' is not defined
2026-07-24 15:02:52,979 | ERROR | Failed augmenting /content/drive/MyDrive/SATB_Model/Dataset/Processed/Train/Soprano/S07 - Nanes/R5.wav: name 'save_augmented_audio' is not defined
2026-07-24 15:02:53,040 | ERROR | Failed augmenting /content/drive/MyDrive/SATB_Model/Dataset/Processed/Train/Soprano/S07 - Nanes/R6.wav: name 'save_augmented_audio' is not defined
2026-07-24 15:02:53,100 | ERROR | Failed augmenting /content/drive/MyDrive/SATB_Model/Dataset/Processed/Train/Soprano/S07 - Nanes/R6.wav: name 'save_augmented_audio' is not defined
2026-07-24 15:02:53,118 | ERROR | Failed augmenting /content/drive/MyDrive/SATB_Model/Dataset/Processed/Train/Soprano/S07 - Nanes/R7.wav: name 'save_augmented_audio' is not defined
2026-07-24 15:02:53,133 | ERROR | Failed augmenting /content/drive/MyDrive/SATB_Model/Dataset/Processed/Train/Soprano/S07 - Nanes/R7.wav: name 'save_augmented_audio' is not defined
2026-07-24 15:02:53,149 | ERROR | Failed augmenting /content/drive/MyDrive/SATB_Model/Dataset/Processed/Train/Soprano/S07 - Nanes/R7.wav: name 'save_augmented_audio' is not defined
2026-07-24 15:02:53,180 | ERROR | Failed augmenting /content/drive/MyDrive/SATB_Model/Dataset/Processed/Train/Soprano/S08 - gracel/R1.wav: name 'save_augmented_audio' is not defined
2026-07-24 15:02:53,210 | ERROR | Failed augmenting /content/drive/MyDrive/SATB_Model/Dataset/Processed/Train/Soprano/S08 - gracel/R1.wav: name 'save_augmented_audio' is not defined
2026-07-24 15:02:53,248 | ERROR | Failed augmenting /content/drive/MyDrive/SATB_Model/Dataset/Processed/Train/Soprano/S08 - gracel/R1.wav: name 'save_augmented_audio' is not defined
2026-07-24 15:02:53,294 | ERROR | Failed augmenting /content/drive/MyDrive/SATB_Model/Dataset/Processed/Train/Soprano/S08 - gracel/R1.wav: name 'save_augmented_audio' is not defined
2026-07-24 15:02:53,333 | ERROR | Failed augmenting /content/drive/MyDrive/SATB_Model/Dataset/Processed/Train/Soprano/S08 - gracel/R1.wav: name 'save_augmented_audio' is not defined
2026-07-24 15:02:53,365 | ERROR | Failed augmenting /content/drive/MyDrive/SATB_Model/Dataset/Processed/Train/Soprano/S08 - gracel/R1.wav: name 'save_augmented_audio' is not defined
2026-07-24 15:02:53,399 | ERROR | Failed augmenting /content/drive/MyDrive/SATB_Model/Dataset/Processed/Train/Soprano/S08 - gracel/R1.wav: name 'save_augmented_audio' is not defined
2026-07-24 15:02:53,434 | ERROR | Failed augmenting /content/drive/MyDrive/SATB_Model/Dataset/Processed/Train/Soprano/S08 - gracel/R1.wav: name 'save_augmented_audio' is not defined
2026-07-24 15:02:53,464 | ERROR | Failed augmenting /content/drive/MyDrive/SATB_Model/Dataset/Processed/Train/Soprano/S08 - gracel/R2.wav: name 'save_augmented_audio' is not defined
2026-07-24 15:02:53,502 | ERROR | Failed augmenting /content/drive/MyDrive/SATB_Model/Dataset/Processed/Train/Soprano/S08 - gracel/R2.wav: name 'save_augmented_audio' is not defined
2026-07-24 15:02:53,542 | ERROR | Failed augmenting /content/drive/MyDrive/SATB_Model/Dataset/Processed/Train/Soprano/S08 - gracel/R2.wav: name 'save_augmented_audio' is not defined
2026-07-24 15:02:53,577 | ERROR | Failed augmenting /content/drive/MyDrive/SATB_Model/Dataset/Processed/Train/Soprano/S08 - gracel/R2.wav: name 'save_augmented_audio' is not defined
2026-07-24 15:02:53,620 | ERROR | Failed augmenting /content/drive/MyDrive/SATB_Model/Dataset/Processed/Train/Soprano/S08 - gracel/R3.wav: name 'save_augmented_audio' is not defined
2026-07-24 15:02:53,665 | ERROR | Failed augmenting /content/drive/MyDrive/SATB_Model/Dataset/Processed/Train/Soprano/S08 - gracel/R3.wav: name 'save_augmented_audio' is not defined
2026-07-24 15:02:53,713 | ERROR | Failed augmenting /content/drive/MyDrive/SATB_Model/Dataset/Processed/Train/Soprano/S08 - gracel/R4.wav: name 'save_augmented_audio' is not defined
2026-07-24 15:02:53,761 | ERROR | Failed augmenting /content/drive/MyDrive/SATB_Model/Dataset/Processed/Train/Soprano/S08 - gracel/R4.wav: name 'save_augmented_audio' is not defined
2026-07-24 15:02:53,821 | ERROR | Failed augmenting /content/drive/MyDrive/SATB_Model/Dataset/Processed/Train/Soprano/S08 - gracel/R5.wav: name 'save_augmented_audio' is not defined
2026-07-24 15:02:53,875 | ERROR | Failed augmenting /content/drive/MyDrive/SATB_Model/Dataset/Processed/Train/Soprano/S08 - gracel/R5.wav: name 'save_augmented_audio' is not defined
2026-07-24 15:02:53,947 | ERROR | Failed augmenting /content/drive/MyDrive/SATB_Model/Dataset/Processed/Train/Soprano/S08 - gracel/R6.wav: name 'save_augmented_audio' is not defined
2026-07-24 15:02:54,026 | ERROR | Failed augmenting /content/drive/MyDrive/SATB_Model/Dataset/Processed/Train/Soprano/S08 - gracel/R6.wav: name 'save_augmented_audio' is not defined
2026-07-24 15:02:54,216 | ERROR | Failed augmenting /content/drive/MyDrive/SATB_Model/Dataset/Processed/Train/Soprano/S08 - gracel/R7.wav: name 'save_augmented_audio' is not defined
2026-07-24 15:02:54,250 | ERROR | Failed augmenting /content/drive/MyDrive/SATB_Model/Dataset/Processed/Train/Soprano/S09 - coach Tania /R1.wav: name 'save_augmented_audio' is not defined
2026-07-24 15:02:54,289 | ERROR | Failed augmenting /content/drive/MyDrive/SATB_Model/Dataset/Processed/Train/Soprano/S09 - coach Tania /R1.wav: name 'save_augmented_audio' is not defined
2026-07-24 15:02:54,335 | ERROR | Failed augmenting /content/drive/MyDrive/SATB_Model/Dataset/Processed/Train/Soprano/S09 - coach Tania /R1.wav: name 'save_augmented_audio' is not defined
2026-07-24 15:02:54,368 | ERROR | Failed augmenting /content/drive/MyDrive/SATB_Model/Dataset/Processed/Train/Soprano/S09 - coach Tania /R1.wav: name 'save_augmented_audio' is not defined
2026-07-24 15:02:54,405 | ERROR | Failed augmenting /content/drive/MyDrive/SATB_Model/Dataset/Processed/Train/Soprano/S09 - coach Tania /R1.wav: name 'save_augmented_audio' is not defined
2026-07-24 15:02:54,435 | ERROR | Failed augmenting /content/drive/MyDrive/SATB_Model/Dataset/Processed/Train/Soprano/S09 - coach Tania /R1.wav: name 'save_augmented_audio' is not defined
2026-07-24 15:02:54,463 | ERROR | Failed augmenting /content/drive/MyDrive/SATB_Model/Dataset/Processed/Train/Soprano/S09 - coach Tania /R1.wav: name 'save_augmented_audio' is not defined
2026-07-24 15:02:54,494 | ERROR | Failed augmenting /content/drive/MyDrive/SATB_Model/Dataset/Processed/Train/Soprano/S09 - coach Tania /R1.wav: name 'save_augmented_audio' is not defined
2026-07-24 15:02:54,526 | ERROR | Failed augmenting /content/drive/MyDrive/SATB_Model/Dataset/Processed/Train/Soprano/S09 - coach Tania /R1.wav: name 'save_augmented_audio' is not defined
2026-07-24 15:02:54,570 | ERROR | Failed augmenting /content/drive/MyDrive/SATB_Model/Dataset/Processed/Train/Soprano/S09 - coach Tania /R2.wav: name 'save_augmented_audio' is not defined
2026-07-24 15:02:54,601 | ERROR | Failed augmenting /content/drive/MyDrive/SATB_Model/Dataset/Processed/Train/Soprano/S09 - coach Tania /R2.wav: name 'save_augmented_audio' is not defined
2026-07-24 15:02:54,634 | ERROR | Failed augmenting /content/drive/MyDrive/SATB_Model/Dataset/Processed/Train/Soprano/S09 - coach Tania /R2.wav: name 'save_augmented_audio' is not defined
2026-07-24 15:02:54,665 | ERROR | Failed augmenting /content/drive/MyDrive/SATB_Model/Dataset/Processed/Train/Soprano/S09 - coach Tania /R2.wav: name 'save_augmented_audio' is not defined
2026-07-24 15:02:54,700 | ERROR | Failed augmenting /content/drive/MyDrive/SATB_Model/Dataset/Processed/Train/Soprano/S09 - coach Tania /R3.wav: name 'save_augmented_audio' is not defined
2026-07-24 15:02:54,737 | ERROR | Failed augmenting /content/drive/MyDrive/SATB_Model/Dataset/Processed/Train/Soprano/S09 - coach Tania /R3.wav: name 'save_augmented_audio' is not defined
2026-07-24 15:02:54,793 | ERROR | Failed augmenting /content/drive/MyDrive/SATB_Model/Dataset/Processed/Train/Soprano/S09 - coach Tania /R4.wav: name 'save_augmented_audio' is not defined
2026-07-24 15:02:54,843 | ERROR | Failed augmenting /content/drive/MyDrive/SATB_Model/Dataset/Processed/Train/Soprano/S09 - coach Tania /R4.wav: name 'save_augmented_audio' is not defined
2026-07-24 15:02:54,892 | ERROR | Failed augmenting /content/drive/MyDrive/SATB_Model/Dataset/Processed/Train/Soprano/S09 - coach Tania /R5.wav: name 'save_augmented_audio' is not defined
2026-07-24 15:02:54,944 | ERROR | Failed augmenting /content/drive/MyDrive/SATB_Model/Dataset/Processed/Train/Soprano/S09 - coach Tania /R5.wav: name 'save_augmented_audio' is not defined
2026-07-24 15:02:55,009 | ERROR | Failed augmenting /content/drive/MyDrive/SATB_Model/Dataset/Processed/Train/Soprano/S09 - coach Tania /R6.wav: name 'save_augmented_audio' is not defined
2026-07-24 15:02:55,077 | ERROR | Failed augmenting /content/drive/MyDrive/SATB_Model/Dataset/Processed/Train/Soprano/S09 - coach Tania /R6.wav: name 'save_augmented_audio' is not defined
2026-07-24 15:02:55,159 | ERROR | Failed augmenting /content/drive/MyDrive/SATB_Model/Dataset/Processed/Train/Soprano/S09 - coach Tania /R7.wav: name 'save_augmented_audio' is not defined
2026-07-24 15:02:55,236 | ERROR | Failed augmenting /content/drive/MyDrive/SATB_Model/Dataset/Processed/Train/Soprano/S09 - coach Tania /R7.wav: name 'save_augmented_audio' is not defined
2026-07-24 15:02:55,270 | ERROR | Failed augmenting /content/drive/MyDrive/SATB_Model/Dataset/Processed/Train/Soprano/S11 - Mersya/R1.wav: name 'save_augmented_audio' is not defined
2026-07-24 15:02:55,311 | ERROR | Failed augmenting /content/drive/MyDrive/SATB_Model/Dataset/Processed/Train/Soprano/S11 - Mersya/R1.wav: name 'save_augmented_audio' is not defined
2026-07-24 15:02:55,351 | ERROR | Failed augmenting /content/drive/MyDrive/SATB_Model/Dataset/Processed/Train/Soprano/S11 - Mersya/R1.wav: name 'save_augmented_audio' is not defined
2026-07-24 15:02:55,399 | ERROR | Failed augmenting /content/drive/MyDrive/SATB_Model/Dataset/Processed/Train/Soprano/S11 - Mersya/R1.wav: name 'save_augmented_audio' is not defined
2026-07-24 15:02:55,438 | ERROR | Failed augmenting /content/drive/MyDrive/SATB_Model/Dataset/Processed/Train/Soprano/S11 - Mersya/R1.wav: name 'save_augmented_audio' is not defined
2026-07-24 15:02:55,473 | ERROR | Failed augmenting /content/drive/MyDrive/SATB_Model/Dataset/Processed/Train/Soprano/S11 - Mersya/R1.wav: name 'save_augmented_audio' is not defined
2026-07-24 15:02:55,507 | ERROR | Failed augmenting /content/drive/MyDrive/SATB_Model/Dataset/Processed/Train/Soprano/S11 - Mersya/R1.wav: name 'save_augmented_audio' is not defined
2026-07-24 15:02:55,545 | ERROR | Failed augmenting /content/drive/MyDrive/SATB_Model/Dataset/Processed/Train/Soprano/S11 - Mersya/R1.wav: name 'save_augmented_audio' is not defined
2026-07-24 15:02:55,576 | ERROR | Failed augmenting /content/drive/MyDrive/SATB_Model/Dataset/Processed/Train/Soprano/S11 - Mersya/R2.wav: name 'save_augmented_audio' is not defined
2026-07-24 15:02:55,604 | ERROR | Failed augmenting /content/drive/MyDrive/SATB_Model/Dataset/Processed/Train/Soprano/S11 - Mersya/R2.wav: name 'save_augmented_audio' is not defined
2026-07-24 15:02:55,633 | ERROR | Failed augmenting /content/drive/MyDrive/SATB_Model/Dataset/Processed/Train/Soprano/S11 - Mersya/R2.wav: name 'save_augmented_audio' is not defined
2026-07-24 15:02:55,668 | ERROR | Failed augmenting /content/drive/MyDrive/SATB_Model/Dataset/Processed/Train/Soprano/S11 - Mersya/R2.wav: name 'save_augmented_audio' is not defined
2026-07-24 15:02:55,708 | ERROR | Failed augmenting /content/drive/MyDrive/SATB_Model/Dataset/Processed/Train/Soprano/S11 - Mersya/R3.wav: name 'save_augmented_audio' is not defined
2026-07-24 15:02:55,746 | ERROR | Failed augmenting /content/drive/MyDrive/SATB_Model/Dataset/Processed/Train/Soprano/S11 - Mersya/R3.wav: name 'save_augmented_audio' is not defined
2026-07-24 15:02:55,790 | ERROR | Failed augmenting /content/drive/MyDrive/SATB_Model/Dataset/Processed/Train/Soprano/S11 - Mersya/R4.wav: name 'save_augmented_audio' is not defined
2026-07-24 15:02:55,832 | ERROR | Failed augmenting /content/drive/MyDrive/SATB_Model/Dataset/Processed/Train/Soprano/S11 - Mersya/R4.wav: name 'save_augmented_audio' is not defined
2026-07-24 15:02:55,886 | ERROR | Failed augmenting /content/drive/MyDrive/SATB_Model/Dataset/Processed/Train/Soprano/S11 - Mersya/R5.wav: name 'save_augmented_audio' is not defined
2026-07-24 15:02:55,940 | ERROR | Failed augmenting /content/drive/MyDrive/SATB_Model/Dataset/Processed/Train/Soprano/S11 - Mersya/R5.wav: name 'save_augmented_audio' is not defined
2026-07-24 15:02:55,998 | ERROR | Failed augmenting /content/drive/MyDrive/SATB_Model/Dataset/Processed/Train/Soprano/S11 - Mersya/R6.wav: name 'save_augmented_audio' is not defined
2026-07-24 15:02:56,067 | ERROR | Failed augmenting /content/drive/MyDrive/SATB_Model/Dataset/Processed/Train/Soprano/S11 - Mersya/R6.wav: name 'save_augmented_audio' is not defined
2026-07-24 15:02:56,141 | ERROR | Failed augmenting /content/drive/MyDrive/SATB_Model/Dataset/Processed/Train/Soprano/S11 - Mersya/R7.wav: name 'save_augmented_audio' is not defined
2026-07-24 15:02:56,213 | ERROR | Failed augmenting /content/drive/MyDrive/SATB_Model/Dataset/Processed/Train/Soprano/S11 - Mersya/R7.wav: name 'save_augmented_audio' is not defined
2026-07-24 15:02:56,247 | ERROR | Failed augmenting /content/drive/MyDrive/SATB_Model/Dataset/Processed/Train/Soprano/S12 - tasa/R1.wav: name 'save_augmented_audio' is not defined
2026-07-24 15:02:56,283 | ERROR | Failed augmenting /content/drive/MyDrive/SATB_Model/Dataset/Processed/Train/Soprano/S12 - tasa/R1.wav: name 'save_augmented_audio' is not defined
2026-07-24 15:02:56,316 | ERROR | Failed augmenting /content/drive/MyDrive/SATB_Model/Dataset/Processed/Train/Soprano/S12 - tasa/R1.wav: name 'save_augmented_audio' is not defined
2026-07-24 15:02:56,348 | ERROR | Failed augmenting /content/drive/MyDrive/SATB_Model/Dataset/Processed/Train/Soprano/S12 - tasa/R1.wav: name 'save_augmented_audio' is not defined
2026-07-24 15:02:56,392 | ERROR | Failed augmenting /content/drive/MyDrive/SATB_Model/Dataset/Processed/Train/Soprano/S12 - tasa/R1.wav: name 'save_augmented_audio' is not defined
2026-07-24 15:02:56,432 | ERROR | Failed augmenting /content/drive/MyDrive/SATB_Model/Dataset/Processed/Train/Soprano/S12 - tasa/R1.wav: name 'save_augmented_audio' is not defined
2026-07-24 15:02:56,462 | ERROR | Failed augmenting /content/drive/MyDrive/SATB_Model/Dataset/Processed/Train/Soprano/S12 - tasa/R1.wav: name 'save_augmented_audio' is not defined
2026-07-24 15:02:56,496 | ERROR | Failed augmenting /content/drive/MyDrive/SATB_Model/Dataset/Processed/Train/Soprano/S12 - tasa/R1.wav: name 'save_augmented_audio' is not defined
2026-07-24 15:02:56,527 | ERROR | Failed augmenting /content/drive/MyDrive/SATB_Model/Dataset/Processed/Train/Soprano/S12 - tasa/R2.wav: name 'save_augmented_audio' is not defined
2026-07-24 15:02:56,556 | ERROR | Failed augmenting /content/drive/MyDrive/SATB_Model/Dataset/Processed/Train/Soprano/S12 - tasa/R2.wav: name 'save_augmented_audio' is not defined
2026-07-24 15:02:56,584 | ERROR | Failed augmenting /content/drive/MyDrive/SATB_Model/Dataset/Processed/Train/Soprano/S12 - tasa/R2.wav: name 'save_augmented_audio' is not defined
2026-07-24 15:02:56,613 | ERROR | Failed augmenting /content/drive/MyDrive/SATB_Model/Dataset/Processed/Train/Soprano/S12 - tasa/R2.wav: name 'save_augmented_audio' is not defined
2026-07-24 15:02:56,653 | ERROR | Failed augmenting /content/drive/MyDrive/SATB_Model/Dataset/Processed/Train/Soprano/S12 - tasa/R3.wav: name 'save_augmented_audio' is not defined
2026-07-24 15:02:56,689 | ERROR | Failed augmenting /content/drive/MyDrive/SATB_Model/Dataset/Processed/Train/Soprano/S12 - tasa/R3.wav: name 'save_augmented_audio' is not defined
2026-07-24 15:02:56,734 | ERROR | Failed augmenting /content/drive/MyDrive/SATB_Model/Dataset/Processed/Train/Soprano/S12 - tasa/R4.wav: name 'save_augmented_audio' is not defined
2026-07-24 15:02:56,795 | ERROR | Failed augmenting /content/drive/MyDrive/SATB_Model/Dataset/Processed/Train/Soprano/S12 - tasa/R4.wav: name 'save_augmented_audio' is not defined
2026-07-24 15:02:56,849 | ERROR | Failed augmenting /content/drive/MyDrive/SATB_Model/Dataset/Processed/Train/Soprano/S12 - tasa/R5.wav: name 'save_augmented_audio' is not defined
2026-07-24 15:02:56,900 | ERROR | Failed augmenting /content/drive/MyDrive/SATB_Model/Dataset/Processed/Train/Soprano/S12 - tasa/R5.wav: name 'save_augmented_audio' is not defined
2026-07-24 15:02:56,960 | ERROR | Failed augmenting /content/drive/MyDrive/SATB_Model/Dataset/Processed/Train/Soprano/S12 - tasa/R6.wav: name 'save_augmented_audio' is not defined
2026-07-24 15:02:57,020 | ERROR | Failed augmenting /content/drive/MyDrive/SATB_Model/Dataset/Processed/Train/Soprano/S12 - tasa/R6.wav: name 'save_augmented_audio' is not defined
2026-07-24 15:02:57,094 | ERROR | Failed augmenting /content/drive/MyDrive/SATB_Model/Dataset/Processed/Train/Soprano/S12 - tasa/R7.wav: name 'save_augmented_audio' is not defined
2026-07-24 15:02:57,165 | ERROR | Failed augmenting /content/drive/MyDrive/SATB_Model/Dataset/Processed/Train/Soprano/S12 - tasa/R7.wav: name 'save_augmented_audio' is not defined
2026-07-24 15:02:57,229 | ERROR | Failed augmenting /content/drive/MyDrive/SATB_Model/Dataset/Processed/Train/Soprano/S12 - tasa/R7.wav: name 'save_augmented_audio' is not defined
2026-07-24 15:02:57,261 | ERROR | Failed augmenting /content/drive/MyDrive/SATB_Model/Dataset/Processed/Train/Soprano/S13 - tin/R1.wav: name 'save_augmented_audio' is not defined
2026-07-24 15:02:57,289 | ERROR | Failed augmenting /content/drive/MyDrive/SATB_Model/Dataset/Processed/Train/Soprano/S13 - tin/R1.wav: name 'save_augmented_audio' is not defined
2026-07-24 15:02:57,320 | ERROR | Failed augmenting /content/drive/MyDrive/SATB_Model/Dataset/Processed/Train/Soprano/S13 - tin/R1.wav: name 'save_augmented_audio' is not defined
2026-07-24 15:02:57,348 | ERROR | Failed augmenting /content/drive/MyDrive/SATB_Model/Dataset/Processed/Train/Soprano/S13 - tin/R1.wav: name 'save_augmented_audio' is not defined
2026-07-24 15:02:57,382 | ERROR | Failed augmenting /content/drive/MyDrive/SATB_Model/Dataset/Processed/Train/Soprano/S13 - tin/R1.wav: name 'save_augmented_audio' is not defined
2026-07-24 15:02:57,410 | ERROR | Failed augmenting /content/drive/MyDrive/SATB_Model/Dataset/Processed/Train/Soprano/S13 - tin/R1.wav: name 'save_augmented_audio' is not defined
2026-07-24 15:02:57,454 | ERROR | Failed augmenting /content/drive/MyDrive/SATB_Model/Dataset/Processed/Train/Soprano/S13 - tin/R1.wav: name 'save_augmented_audio' is not defined
2026-07-24 15:02:57,487 | ERROR | Failed augmenting /content/drive/MyDrive/SATB_Model/Dataset/Processed/Train/Soprano/S13 - tin/R1.wav: name 'save_augmented_audio' is not defined
2026-07-24 15:02:57,517 | ERROR | Failed augmenting /content/drive/MyDrive/SATB_Model/Dataset/Processed/Train/Soprano/S13 - tin/R2.wav: name 'save_augmented_audio' is not defined
2026-07-24 15:02:57,546 | ERROR | Failed augmenting /content/drive/MyDrive/SATB_Model/Dataset/Processed/Train/Soprano/S13 - tin/R2.wav: name 'save_augmented_audio' is not defined
2026-07-24 15:02:57,576 | ERROR | Failed augmenting /content/drive/MyDrive/SATB_Model/Dataset/Processed/Train/Soprano/S13 - tin/R2.wav: name 'save_augmented_audio' is not defined
2026-07-24 15:02:57,610 | ERROR | Failed augmenting /content/drive/MyDrive/SATB_Model/Dataset/Processed/Train/Soprano/S13 - tin/R2.wav: name 'save_augmented_audio' is not defined
2026-07-24 15:02:57,658 | ERROR | Failed augmenting /content/drive/MyDrive/SATB_Model/Dataset/Processed/Train/Soprano/S13 - tin/R3.wav: name 'save_augmented_audio' is not defined
2026-07-24 15:02:57,701 | ERROR | Failed augmenting /content/drive/MyDrive/SATB_Model/Dataset/Processed/Train/Soprano/S13 - tin/R3.wav: name 'save_augmented_audio' is not defined
2026-07-24 15:02:57,756 | ERROR | Failed augmenting /content/drive/MyDrive/SATB_Model/Dataset/Processed/Train/Soprano/S13 - tin/R4.wav: name 'save_augmented_audio' is not defined
2026-07-24 15:02:57,807 | ERROR | Failed augmenting /content/drive/MyDrive/SATB_Model/Dataset/Processed/Train/Soprano/S13 - tin/R4.wav: name 'save_augmented_audio' is not defined
2026-07-24 15:02:57,872 | ERROR | Failed augmenting /content/drive/MyDrive/SATB_Model/Dataset/Processed/Train/Soprano/S13 - tin/R5.wav: name 'save_augmented_audio' is not defined
2026-07-24 15:02:57,945 | ERROR | Failed augmenting /content/drive/MyDrive/SATB_Model/Dataset/Processed/Train/Soprano/S13 - tin/R5.wav: name 'save_augmented_audio' is not defined
2026-07-24 15:02:58,034 | ERROR | Failed augmenting /content/drive/MyDrive/SATB_Model/Dataset/Processed/Train/Soprano/S13 - tin/R6.wav: name 'save_augmented_audio' is not defined
2026-07-24 15:02:58,106 | ERROR | Failed augmenting /content/drive/MyDrive/SATB_Model/Dataset/Processed/Train/Soprano/S13 - tin/R6.wav: name 'save_augmented_audio' is not defined
2026-07-24 15:02:58,196 | ERROR | Failed augmenting /content/drive/MyDrive/SATB_Model/Dataset/Processed/Train/Soprano/S13 - tin/R7.wav: name 'save_augmented_audio' is not defined
2026-07-24 15:02:58,279 | ERROR | Failed augmenting /content/drive/MyDrive/SATB_Model/Dataset/Processed/Train/Soprano/S13 - tin/R7.wav: name 'save_augmented_audio' is not defined
2026-07-24 15:02:58,310 | ERROR | Failed augmenting /content/drive/MyDrive/SATB_Model/Dataset/Processed/Train/Soprano/S16 - Dethryc/R1.wav: name 'save_augmented_audio' is not defined
2026-07-24 15:02:58,344 | ERROR | Failed augmenting /content/drive/MyDrive/SATB_Model/Dataset/Processed/Train/Soprano/S16 - Dethryc/R1.wav: name 'save_augmented_audio' is not defined
2026-07-24 15:02:58,380 | ERROR | Failed augmenting /content/drive/MyDrive/SATB_Model/Dataset/Processed/Train/Soprano/S16 - Dethryc/R1.wav: name 'save_augmented_audio' is not defined
2026-07-24 15:02:58,412 | ERROR | Failed augmenting /content/drive/MyDrive/SATB_Model/Dataset/Processed/Train/Soprano/S16 - Dethryc/R1.wav: name 'save_augmented_audio' is not defined
2026-07-24 15:02:58,449 | ERROR | Failed augmenting /content/drive/MyDrive/SATB_Model/Dataset/Processed/Train/Soprano/S16 - Dethryc/R1.wav: name 'save_augmented_audio' is not defined
2026-07-24 15:02:58,496 | ERROR | Failed augmenting /content/drive/MyDrive/SATB_Model/Dataset/Processed/Train/Soprano/S16 - Dethryc/R1.wav: name 'save_augmented_audio' is not defined
2026-07-24 15:02:58,533 | ERROR | Failed augmenting /content/drive/MyDrive/SATB_Model/Dataset/Processed/Train/Soprano/S16 - Dethryc/R1.wav: name 'save_augmented_audio' is not defined
2026-07-24 15:02:58,571 | ERROR | Failed augmenting /content/drive/MyDrive/SATB_Model/Dataset/Processed/Train/Soprano/S16 - Dethryc/R1.wav: name 'save_augmented_audio' is not defined
2026-07-24 15:02:58,605 | ERROR | Failed augmenting /content/drive/MyDrive/SATB_Model/Dataset/Processed/Train/Soprano/S16 - Dethryc/R2.wav: name 'save_augmented_audio' is not defined
2026-07-24 15:02:58,636 | ERROR | Failed augmenting /content/drive/MyDrive/SATB_Model/Dataset/Processed/Train/Soprano/S16 - Dethryc/R2.wav: name 'save_augmented_audio' is not defined
2026-07-24 15:02:58,670 | ERROR | Failed augmenting /content/drive/MyDrive/SATB_Model/Dataset/Processed/Train/Soprano/S16 - Dethryc/R2.wav: name 'save_augmented_audio' is not defined
2026-07-24 15:02:58,701 | ERROR | Failed augmenting /content/drive/MyDrive/SATB_Model/Dataset/Processed/Train/Soprano/S16 - Dethryc/R2.wav: name 'save_augmented_audio' is not defined
2026-07-24 15:02:58,742 | ERROR | Failed augmenting /content/drive/MyDrive/SATB_Model/Dataset/Processed/Train/Soprano/S16 - Dethryc/R3.wav: name 'save_augmented_audio' is not defined
2026-07-24 15:02:58,792 | ERROR | Failed augmenting /content/drive/MyDrive/SATB_Model/Dataset/Processed/Train/Soprano/S16 - Dethryc/R3.wav: name 'save_augmented_audio' is not defined
2026-07-24 15:02:58,872 | ERROR | Failed augmenting /content/drive/MyDrive/SATB_Model/Dataset/Processed/Train/Soprano/S16 - Dethryc/R4.wav: name 'save_augmented_audio' is not defined
2026-07-24 15:02:58,952 | ERROR | Failed augmenting /content/drive/MyDrive/SATB_Model/Dataset/Processed/Train/Soprano/S16 - Dethryc/R4.wav: name 'save_augmented_audio' is not defined
2026-07-24 15:02:59,040 | ERROR | Failed augmenting /content/drive/MyDrive/SATB_Model/Dataset/Processed/Train/Soprano/S16 - Dethryc/R5.wav: name 'save_augmented_audio' is not defined
2026-07-24 15:02:59,129 | ERROR | Failed augmenting /content/drive/MyDrive/SATB_Model/Dataset/Processed/Train/Soprano/S16 - Dethryc/R5.wav: name 'save_augmented_audio' is not defined
2026-07-24 15:02:59,225 | ERROR | Failed augmenting /content/drive/MyDrive/SATB_Model/Dataset/Processed/Train/Soprano/S16 - Dethryc/R6.wav: name 'save_augmented_audio' is not defined
2026-07-24 15:02:59,318 | ERROR | Failed augmenting /content/drive/MyDrive/SATB_Model/Dataset/Processed/Train/Soprano/S16 - Dethryc/R6.wav: name 'save_augmented_audio' is not defined
2026-07-24 15:02:59,408 | ERROR | Failed augmenting /content/drive/MyDrive/SATB_Model/Dataset/Processed/Train/Soprano/S16 - Dethryc/R7.wav: name 'save_augmented_audio' is not defined
2026-07-24 15:02:59,503 | ERROR | Failed augmenting /content/drive/MyDrive/SATB_Model/Dataset/Processed/Train/Soprano/S16 - Dethryc/R7.wav: name 'save_augmented_audio' is not defined
2026-07-24 15:02:59,564 | ERROR | Failed augmenting /content/drive/MyDrive/SATB_Model/Dataset/Processed/Train/Alto/A01 - Kak Kulla/R1.wav: name 'save_augmented_audio' is not defined
2026-07-24 15:02:59,623 | ERROR | Failed augmenting /content/drive/MyDrive/SATB_Model/Dataset/Processed/Train/Alto/A01 - Kak Kulla/R1.wav: name 'save_augmented_audio' is not defined
2026-07-24 15:02:59,678 | ERROR | Failed augmenting /content/drive/MyDrive/SATB_Model/Dataset/Processed/Train/Alto/A01 - Kak Kulla/R1.wav: name 'save_augmented_audio' is not defined
2026-07-24 15:02:59,736 | ERROR | Failed augmenting /content/drive/MyDrive/SATB_Model/Dataset/Processed/Train/Alto/A01 - Kak Kulla/R1.wav: name 'save_augmented_audio' is not defined
2026-07-24 15:02:59,791 | ERROR | Failed augmenting /content/drive/MyDrive/SATB_Model/Dataset/Processed/Train/Alto/A01 - Kak Kulla/R1.wav: name 'save_augmented_audio' is not defined
2026-07-24 15:02:59,843 | ERROR | Failed augmenting /content/drive/MyDrive/SATB_Model/Dataset/Processed/Train/Alto/A01 - Kak Kulla/R1.wav: name 'save_augmented_audio' is not defined
2026-07-24 15:02:59,893 | ERROR | Failed augmenting /content/drive/MyDrive/SATB_Model/Dataset/Processed/Train/Alto/A01 - Kak Kulla/R1.wav: name 'save_augmented_audio' is not defined
2026-07-24 15:02:59,946 | ERROR | Failed augmenting /content/drive/MyDrive/SATB_Model/Dataset/Processed/Train/Alto/A01 - Kak Kulla/R1.wav: name 'save_augmented_audio' is not defined
2026-07-24 15:02:59,993 | ERROR | Failed augmenting /content/drive/MyDrive/SATB_Model/Dataset/Processed/Train/Alto/A01 - Kak Kulla/R2.wav: name 'save_augmented_audio' is not defined
2026-07-24 15:03:00,042 | ERROR | Failed augmenting /content/drive/MyDrive/SATB_Model/Dataset/Processed/Train/Alto/A01 - Kak Kulla/R2.wav: name 'save_augmented_audio' is not defined
2026-07-24 15:03:00,101 | ERROR | Failed augmenting /content/drive/MyDrive/SATB_Model/Dataset/Processed/Train/Alto/A01 - Kak Kulla/R2.wav: name 'save_augmented_audio' is not defined
2026-07-24 15:03:00,153 | ERROR | Failed augmenting /content/drive/MyDrive/SATB_Model/Dataset/Processed/Train/Alto/A01 - Kak Kulla/R2.wav: name 'save_augmented_audio' is not defined
2026-07-24 15:03:00,212 | ERROR | Failed augmenting /content/drive/MyDrive/SATB_Model/Dataset/Processed/Train/Alto/A01 - Kak Kulla/R3.wav: name 'save_augmented_audio' is not defined
2026-07-24 15:03:00,270 | ERROR | Failed augmenting /content/drive/MyDrive/SATB_Model/Dataset/Processed/Train/Alto/A01 - Kak Kulla/R3.wav: name 'save_augmented_audio' is not defined
2026-07-24 15:03:00,361 | ERROR | Failed augmenting /content/drive/MyDrive/SATB_Model/Dataset/Processed/Train/Alto/A01 - Kak Kulla/R4.wav: name 'save_augmented_audio' is not defined
2026-07-24 15:03:00,444 | ERROR | Failed augmenting /content/drive/MyDrive/SATB_Model/Dataset/Processed/Train/Alto/A01 - Kak Kulla/R4.wav: name 'save_augmented_audio' is not defined
2026-07-24 15:03:00,535 | ERROR | Failed augmenting /content/drive/MyDrive/SATB_Model/Dataset/Processed/Train/Alto/A01 - Kak Kulla/R5.wav: name 'save_augmented_audio' is not defined
2026-07-24 15:03:00,648 | ERROR | Failed augmenting /content/drive/MyDrive/SATB_Model/Dataset/Processed/Train/Alto/A01 - Kak Kulla/R5.wav: name 'save_augmented_audio' is not defined
2026-07-24 15:03:00,781 | ERROR | Failed augmenting /content/drive/MyDrive/SATB_Model/Dataset/Processed/Train/Alto/A01 - Kak Kulla/R6.wav: name 'save_augmented_audio' is not defined
2026-07-24 15:03:00,912 | ERROR | Failed augmenting /content/drive/MyDrive/SATB_Model/Dataset/Processed/Train/Alto/A01 - Kak Kulla/R6.wav: name 'save_augmented_audio' is not defined
2026-07-24 15:03:01,054 | ERROR | Failed augmenting /content/drive/MyDrive/SATB_Model/Dataset/Processed/Train/Alto/A01 - Kak Kulla/R7.wav: name 'save_augmented_audio' is not defined
2026-07-24 15:03:01,210 | ERROR | Failed augmenting /content/drive/MyDrive/SATB_Model/Dataset/Processed/Train/Alto/A01 - Kak Kulla/R7.wav: name 'save_augmented_audio' is not defined
2026-07-24 15:03:01,254 | ERROR | Failed augmenting /content/drive/MyDrive/SATB_Model/Dataset/Processed/Train/Alto/A02 - Kak Tiara/R1.wav: name 'save_augmented_audio' is not defined
2026-07-24 15:03:01,298 | ERROR | Failed augmenting /content/drive/MyDrive/SATB_Model/Dataset/Processed/Train/Alto/A02 - Kak Tiara/R1.wav: name 'save_augmented_audio' is not defined
2026-07-24 15:03:01,344 | ERROR | Failed augmenting /content/drive/MyDrive/SATB_Model/Dataset/Processed/Train/Alto/A02 - Kak Tiara/R1.wav: name 'save_augmented_audio' is not defined
2026-07-24 15:03:01,393 | ERROR | Failed augmenting /content/drive/MyDrive/SATB_Model/Dataset/Processed/Train/Alto/A02 - Kak Tiara/R1.wav: name 'save_augmented_audio' is not defined
2026-07-24 15:03:01,445 | ERROR | Failed augmenting /content/drive/MyDrive/SATB_Model/Dataset/Processed/Train/Alto/A02 - Kak Tiara/R1.wav: name 'save_augmented_audio' is not defined
2026-07-24 15:03:01,492 | ERROR | Failed augmenting /content/drive/MyDrive/SATB_Model/Dataset/Processed/Train/Alto/A02 - Kak Tiara/R1.wav: name 'save_augmented_audio' is not defined
2026-07-24 15:03:01,540 | ERROR | Failed augmenting /content/drive/MyDrive/SATB_Model/Dataset/Processed/Train/Alto/A02 - Kak Tiara/R1.wav: name 'save_augmented_audio' is not defined
2026-07-24 15:03:01,592 | ERROR | Failed augmenting /content/drive/MyDrive/SATB_Model/Dataset/Processed/Train/Alto/A02 - Kak Tiara/R1.wav: name 'save_augmented_audio' is not defined
2026-07-24 15:03:01,653 | ERROR | Failed augmenting /content/drive/MyDrive/SATB_Model/Dataset/Processed/Train/Alto/A02 - Kak Tiara/R2.wav: name 'save_augmented_audio' is not defined
2026-07-24 15:03:01,712 | ERROR | Failed augmenting /content/drive/MyDrive/SATB_Model/Dataset/Processed/Train/Alto/A02 - Kak Tiara/R2.wav: name 'save_augmented_audio' is not defined
2026-07-24 15:03:01,767 | ERROR | Failed augmenting /content/drive/MyDrive/SATB_Model/Dataset/Processed/Train/Alto/A02 - Kak Tiara/R2.wav: name 'save_augmented_audio' is not defined
2026-07-24 15:03:01,813 | ERROR | Failed augmenting /content/drive/MyDrive/SATB_Model/Dataset/Processed/Train/Alto/A02 - Kak Tiara/R2.wav: name 'save_augmented_audio' is not defined
2026-07-24 15:03:01,889 | ERROR | Failed augmenting /content/drive/MyDrive/SATB_Model/Dataset/Processed/Train/Alto/A02 - Kak Tiara/R3.wav: name 'save_augmented_audio' is not defined
2026-07-24 15:03:01,957 | ERROR | Failed augmenting /content/drive/MyDrive/SATB_Model/Dataset/Processed/Train/Alto/A02 - Kak Tiara/R3.wav: name 'save_augmented_audio' is not defined
2026-07-24 15:03:02,034 | ERROR | Failed augmenting /content/drive/MyDrive/SATB_Model/Dataset/Processed/Train/Alto/A02 - Kak Tiara/R4.wav: name 'save_augmented_audio' is not defined
2026-07-24 15:03:02,116 | ERROR | Failed augmenting /content/drive/MyDrive/SATB_Model/Dataset/Processed/Train/Alto/A02 - Kak Tiara/R4.wav: name 'save_augmented_audio' is not defined
2026-07-24 15:03:02,213 | ERROR | Failed augmenting /content/drive/MyDrive/SATB_Model/Dataset/Processed/Train/Alto/A02 - Kak Tiara/R5.wav: name 'save_augmented_audio' is not defined
2026-07-24 15:03:02,310 | ERROR | Failed augmenting /content/drive/MyDrive/SATB_Model/Dataset/Processed/Train/Alto/A02 - Kak Tiara/R5.wav: name 'save_augmented_audio' is not defined
2026-07-24 15:03:02,423 | ERROR | Failed augmenting /content/drive/MyDrive/SATB_Model/Dataset/Processed/Train/Alto/A02 - Kak Tiara/R6.wav: name 'save_augmented_audio' is not defined
2026-07-24 15:03:02,551 | ERROR | Failed augmenting /content/drive/MyDrive/SATB_Model/Dataset/Processed/Train/Alto/A02 - Kak Tiara/R6.wav: name 'save_augmented_audio' is not defined
2026-07-24 15:03:02,688 | ERROR | Failed augmenting /content/drive/MyDrive/SATB_Model/Dataset/Processed/Train/Alto/A02 - Kak Tiara/R7.wav: name 'save_augmented_audio' is not defined
2026-07-24 15:03:02,835 | ERROR | Failed augmenting /content/drive/MyDrive/SATB_Model/Dataset/Processed/Train/Alto/A02 - Kak Tiara/R7.wav: name 'save_augmented_audio' is not defined
2026-07-24 15:03:02,884 | ERROR | Failed augmenting /content/drive/MyDrive/SATB_Model/Dataset/Processed/Train/Alto/A03 - Naim/R1.wav: name 'save_augmented_audio' is not defined
2026-07-24 15:03:02,933 | ERROR | Failed augmenting /content/drive/MyDrive/SATB_Model/Dataset/Processed/Train/Alto/A03 - Naim/R1.wav: name 'save_augmented_audio' is not defined
2026-07-24 15:03:02,981 | ERROR | Failed augmenting /content/drive/MyDrive/SATB_Model/Dataset/Processed/Train/Alto/A03 - Naim/R1.wav: name 'save_augmented_audio' is not defined
2026-07-24 15:03:03,047 | ERROR | Failed augmenting /content/drive/MyDrive/SATB_Model/Dataset/Processed/Train/Alto/A03 - Naim/R1.wav: name 'save_augmented_audio' is not defined
2026-07-24 15:03:03,110 | ERROR | Failed augmenting /content/drive/MyDrive/SATB_Model/Dataset/Processed/Train/Alto/A03 - Naim/R1.wav: name 'save_augmented_audio' is not defined
2026-07-24 15:03:03,174 | ERROR | Failed augmenting /content/drive/MyDrive/SATB_Model/Dataset/Processed/Train/Alto/A03 - Naim/R1.wav: name 'save_augmented_audio' is not defined
2026-07-24 15:03:03,243 | ERROR | Failed augmenting /content/drive/MyDrive/SATB_Model/Dataset/Processed/Train/Alto/A03 - Naim/R1.wav: name 'save_augmented_audio' is not defined
2026-07-24 15:03:03,302 | ERROR | Failed augmenting /content/drive/MyDrive/SATB_Model/Dataset/Processed/Train/Alto/A03 - Naim/R1.wav: name 'save_augmented_audio' is not defined
2026-07-24 15:03:03,359 | ERROR | Failed augmenting /content/drive/MyDrive/SATB_Model/Dataset/Processed/Train/Alto/A03 - Naim/R2.wav: name 'save_augmented_audio' is not defined
2026-07-24 15:03:03,424 | ERROR | Failed augmenting /content/drive/MyDrive/SATB_Model/Dataset/Processed/Train/Alto/A03 - Naim/R2.wav: name 'save_augmented_audio' is not defined
2026-07-24 15:03:03,493 | ERROR | Failed augmenting /content/drive/MyDrive/SATB_Model/Dataset/Processed/Train/Alto/A03 - Naim/R2.wav: name 'save_augmented_audio' is not defined
2026-07-24 15:03:03,545 | ERROR | Failed augmenting /content/drive/MyDrive/SATB_Model/Dataset/Processed/Train/Alto/A03 - Naim/R2.wav: name 'save_augmented_audio' is not defined
2026-07-24 15:03:03,611 | ERROR | Failed augmenting /content/drive/MyDrive/SATB_Model/Dataset/Processed/Train/Alto/A03 - Naim/R3.wav: name 'save_augmented_audio' is not defined
2026-07-24 15:03:03,656 | ERROR | Failed augmenting /content/drive/MyDrive/SATB_Model/Dataset/Processed/Train/Alto/A03 - Naim/R3.wav: name 'save_augmented_audio' is not defined
2026-07-24 15:03:03,714 | ERROR | Failed augmenting /content/drive/MyDrive/SATB_Model/Dataset/Processed/Train/Alto/A03 - Naim/R4.wav: name 'save_augmented_audio' is not defined
2026-07-24 15:03:03,982 | ERROR | Failed augmenting /content/drive/MyDrive/SATB_Model/Dataset/Processed/Train/Alto/A03 - Naim/R4.wav: name 'save_augmented_audio' is not defined
2026-07-24 15:03:04,130 | ERROR | Failed augmenting /content/drive/MyDrive/SATB_Model/Dataset/Processed/Train/Alto/A03 - Naim/R5.wav: name 'save_augmented_audio' is not defined
2026-07-24 15:03:04,200 | ERROR | Failed augmenting /content/drive/MyDrive/SATB_Model/Dataset/Processed/Train/Alto/A03 - Naim/R5.wav: name 'save_augmented_audio' is not defined
2026-07-24 15:03:04,275 | ERROR | Failed augmenting /content/drive/MyDrive/SATB_Model/Dataset/Processed/Train/Alto/A03 - Naim/R6.wav: name 'save_augmented_audio' is not defined
2026-07-24 15:03:04,350 | ERROR | Failed augmenting /content/drive/MyDrive/SATB_Model/Dataset/Processed/Train/Alto/A03 - Naim/R6.wav: name 'save_augmented_audio' is not defined
2026-07-24 15:03:04,442 | ERROR | Failed augmenting /content/drive/MyDrive/SATB_Model/Dataset/Processed/Train/Alto/A03 - Naim/R6.wav: name 'save_augmented_audio' is not defined
2026-07-24 15:03:04,517 | ERROR | Failed augmenting /content/drive/MyDrive/SATB_Model/Dataset/Processed/Train/Alto/A03 - Naim/R7.wav: name 'save_augmented_audio' is not defined
2026-07-24 15:03:04,592 | ERROR | Failed augmenting /content/drive/MyDrive/SATB_Model/Dataset/Processed/Train/Alto/A03 - Naim/R7.wav: name 'save_augmented_audio' is not defined
2026-07-24 15:03:04,790 | ERROR | Failed augmenting /content/drive/MyDrive/SATB_Model/Dataset/Processed/Train/Alto/A03 - Naim/R7.wav: name 'save_augmented_audio' is not defined
2026-07-24 15:03:04,983 | ERROR | Failed augmenting /content/drive/MyDrive/SATB_Model/Dataset/Processed/Train/Alto/A03 - Naim/R7.wav: name 'save_augmented_audio' is not defined
2026-07-24 15:03:05,014 | ERROR | Failed augmenting /content/drive/MyDrive/SATB_Model/Dataset/Processed/Train/Alto/A04 - Uut/R1.wav: name 'save_augmented_audio' is not defined
2026-07-24 15:03:05,048 | ERROR | Failed augmenting /content/drive/MyDrive/SATB_Model/Dataset/Processed/Train/Alto/A04 - Uut/R1.wav: name 'save_augmented_audio' is not defined
2026-07-24 15:03:05,080 | ERROR | Failed augmenting /content/drive/MyDrive/SATB_Model/Dataset/Processed/Train/Alto/A04 - Uut/R1.wav: name 'save_augmented_audio' is not defined
2026-07-24 15:03:05,118 | ERROR | Failed augmenting /content/drive/MyDrive/SATB_Model/Dataset/Processed/Train/Alto/A04 - Uut/R1.wav: name 'save_augmented_audio' is not defined
2026-07-24 15:03:05,151 | ERROR | Failed augmenting /content/drive/MyDrive/SATB_Model/Dataset/Processed/Train/Alto/A04 - Uut/R1.wav: name 'save_augmented_audio' is not defined
2026-07-24 15:03:05,182 | ERROR | Failed augmenting /content/drive/MyDrive/SATB_Model/Dataset/Processed/Train/Alto/A04 - Uut/R1.wav: name 'save_augmented_audio' is not defined
2026-07-24 15:03:05,211 | ERROR | Failed augmenting /content/drive/MyDrive/SATB_Model/Dataset/Processed/Train/Alto/A04 - Uut/R1.wav: name 'save_augmented_audio' is not defined
2026-07-24 15:03:05,243 | ERROR | Failed augmenting /content/drive/MyDrive/SATB_Model/Dataset/Processed/Train/Alto/A04 - Uut/R1.wav: name 'save_augmented_audio' is not defined
2026-07-24 15:03:05,276 | ERROR | Failed augmenting /content/drive/MyDrive/SATB_Model/Dataset/Processed/Train/Alto/A04 - Uut/R2.wav: name 'save_augmented_audio' is not defined
2026-07-24 15:03:05,307 | ERROR | Failed augmenting /content/drive/MyDrive/SATB_Model/Dataset/Processed/Train/Alto/A04 - Uut/R2.wav: name 'save_augmented_audio' is not defined
2026-07-24 15:03:05,337 | ERROR | Failed augmenting /content/drive/MyDrive/SATB_Model/Dataset/Processed/Train/Alto/A04 - Uut/R2.wav: name 'save_augmented_audio' is not defined
2026-07-24 15:03:05,367 | ERROR | Failed augmenting /content/drive/MyDrive/SATB_Model/Dataset/Processed/Train/Alto/A04 - Uut/R2.wav: name 'save_augmented_audio' is not defined
2026-07-24 15:03:05,406 | ERROR | Failed augmenting /content/drive/MyDrive/SATB_Model/Dataset/Processed/Train/Alto/A04 - Uut/R3.wav: name 'save_augmented_audio' is not defined
2026-07-24 15:03:05,443 | ERROR | Failed augmenting /content/drive/MyDrive/SATB_Model/Dataset/Processed/Train/Alto/A04 - Uut/R3.wav: name 'save_augmented_audio' is not defined
2026-07-24 15:03:05,638 | ERROR | Failed augmenting /content/drive/MyDrive/SATB_Model/Dataset/Processed/Train/Alto/A04 - Uut/R4.wav: name 'save_augmented_audio' is not defined
2026-07-24 15:03:05,750 | ERROR | Failed augmenting /content/drive/MyDrive/SATB_Model/Dataset/Processed/Train/Alto/A04 - Uut/R4.wav: name 'save_augmented_audio' is not defined
2026-07-24 15:03:05,808 | ERROR | Failed augmenting /content/drive/MyDrive/SATB_Model/Dataset/Processed/Train/Alto/A04 - Uut/R5.wav: name 'save_augmented_audio' is not defined
2026-07-24 15:03:05,867 | ERROR | Failed augmenting /content/drive/MyDrive/SATB_Model/Dataset/Processed/Train/Alto/A04 - Uut/R5.wav: name 'save_augmented_audio' is not defined
2026-07-24 15:03:05,930 | ERROR | Failed augmenting /content/drive/MyDrive/SATB_Model/Dataset/Processed/Train/Alto/A04 - Uut/R6.wav: name 'save_augmented_audio' is not defined
2026-07-24 15:03:06,006 | ERROR | Failed augmenting /content/drive/MyDrive/SATB_Model/Dataset/Processed/Train/Alto/A04 - Uut/R6.wav: name 'save_augmented_audio' is not defined
2026-07-24 15:03:06,076 | ERROR | Failed augmenting /content/drive/MyDrive/SATB_Model/Dataset/Processed/Train/Alto/A04 - Uut/R7.wav: name 'save_augmented_audio' is not defined
2026-07-24 15:03:06,145 | ERROR | Failed augmenting /content/drive/MyDrive/SATB_Model/Dataset/Processed/Train/Alto/A04 - Uut/R7.wav: name 'save_augmented_audio' is not defined
2026-07-24 15:03:06,182 | ERROR | Failed augmenting /content/drive/MyDrive/SATB_Model/Dataset/Processed/Train/Alto/A05 - Figur/R1.wav: name 'save_augmented_audio' is not defined
2026-07-24 15:03:06,217 | ERROR | Failed augmenting /content/drive/MyDrive/SATB_Model/Dataset/Processed/Train/Alto/A05 - Figur/R1.wav: name 'save_augmented_audio' is not defined
2026-07-24 15:03:06,256 | ERROR | Failed augmenting /content/drive/MyDrive/SATB_Model/Dataset/Processed/Train/Alto/A05 - Figur/R1.wav: name 'save_augmented_audio' is not defined
2026-07-24 15:03:06,292 | ERROR | Failed augmenting /content/drive/MyDrive/SATB_Model/Dataset/Processed/Train/Alto/A05 - Figur/R1.wav: name 'save_augmented_audio' is not defined
2026-07-24 15:03:06,327 | ERROR | Failed augmenting /content/drive/MyDrive/SATB_Model/Dataset/Processed/Train/Alto/A05 - Figur/R1.wav: name 'save_augmented_audio' is not defined
2026-07-24 15:03:06,362 | ERROR | Failed augmenting /content/drive/MyDrive/SATB_Model/Dataset/Processed/Train/Alto/A05 - Figur/R1.wav: name 'save_augmented_audio' is not defined
2026-07-24 15:03:06,400 | ERROR | Failed augmenting /content/drive/MyDrive/SATB_Model/Dataset/Processed/Train/Alto/A05 - Figur/R1.wav: name 'save_augmented_audio' is not defined
2026-07-24 15:03:06,435 | ERROR | Failed augmenting /content/drive/MyDrive/SATB_Model/Dataset/Processed/Train/Alto/A05 - Figur/R1.wav: name 'save_augmented_audio' is not defined
2026-07-24 15:03:06,469 | ERROR | Failed augmenting /content/drive/MyDrive/SATB_Model/Dataset/Processed/Train/Alto/A05 - Figur/R2.wav: name 'save_augmented_audio' is not defined
2026-07-24 15:03:06,508 | ERROR | Failed augmenting /content/drive/MyDrive/SATB_Model/Dataset/Processed/Train/Alto/A05 - Figur/R2.wav: name 'save_augmented_audio' is not defined
2026-07-24 15:03:06,542 | ERROR | Failed augmenting /content/drive/MyDrive/SATB_Model/Dataset/Processed/Train/Alto/A05 - Figur/R2.wav: name 'save_augmented_audio' is not defined
2026-07-24 15:03:06,578 | ERROR | Failed augmenting /content/drive/MyDrive/SATB_Model/Dataset/Processed/Train/Alto/A05 - Figur/R2.wav: name 'save_augmented_audio' is not defined
2026-07-24 15:03:06,634 | ERROR | Failed augmenting /content/drive/MyDrive/SATB_Model/Dataset/Processed/Train/Alto/A05 - Figur/R3.wav: name 'save_augmented_audio' is not defined
2026-07-24 15:03:06,681 | ERROR | Failed augmenting /content/drive/MyDrive/SATB_Model/Dataset/Processed/Train/Alto/A05 - Figur/R3.wav: name 'save_augmented_audio' is not defined
2026-07-24 15:03:06,731 | ERROR | Failed augmenting /content/drive/MyDrive/SATB_Model/Dataset/Processed/Train/Alto/A05 - Figur/R3.wav: name 'save_augmented_audio' is not defined
2026-07-24 15:03:06,786 | ERROR | Failed augmenting /content/drive/MyDrive/SATB_Model/Dataset/Processed/Train/Alto/A05 - Figur/R4.wav: name 'save_augmented_audio' is not defined
2026-07-24 15:03:06,832 | ERROR | Failed augmenting /content/drive/MyDrive/SATB_Model/Dataset/Processed/Train/Alto/A05 - Figur/R4.wav: name 'save_augmented_audio' is not defined
2026-07-24 15:03:06,918 | ERROR | Failed augmenting /content/drive/MyDrive/SATB_Model/Dataset/Processed/Train/Alto/A05 - Figur/R5.wav: name 'save_augmented_audio' is not defined
2026-07-24 15:03:07,011 | ERROR | Failed augmenting /content/drive/MyDrive/SATB_Model/Dataset/Processed/Train/Alto/A05 - Figur/R5.wav: name 'save_augmented_audio' is not defined
2026-07-24 15:03:07,086 | ERROR | Failed augmenting /content/drive/MyDrive/SATB_Model/Dataset/Processed/Train/Alto/A05 - Figur/R5.wav: name 'save_augmented_audio' is not defined
2026-07-24 15:03:07,164 | ERROR | Failed augmenting /content/drive/MyDrive/SATB_Model/Dataset/Processed/Train/Alto/A05 - Figur/R5.wav: name 'save_augmented_audio' is not defined
2026-07-24 15:03:07,207 | ERROR | Failed augmenting /content/drive/MyDrive/SATB_Model/Dataset/Processed/Train/Alto/A05 - Figur/R6.wav: name 'save_augmented_audio' is not defined
2026-07-24 15:03:07,245 | ERROR | Failed augmenting /content/drive/MyDrive/SATB_Model/Dataset/Processed/Train/Alto/A05 - Figur/R6.wav: name 'save_augmented_audio' is not defined
2026-07-24 15:03:07,278 | ERROR | Failed augmenting /content/drive/MyDrive/SATB_Model/Dataset/Processed/Train/Alto/A05 - Figur/R6.wav: name 'save_augmented_audio' is not defined
2026-07-24 15:03:07,315 | ERROR | Failed augmenting /content/drive/MyDrive/SATB_Model/Dataset/Processed/Train/Alto/A05 - Figur/R6.wav: name 'save_augmented_audio' is not defined
2026-07-24 15:03:07,403 | ERROR | Failed augmenting /content/drive/MyDrive/SATB_Model/Dataset/Processed/Train/Alto/A05 - Figur/R7.wav: name 'save_augmented_audio' is not defined
2026-07-24 15:03:07,485 | ERROR | Failed augmenting /content/drive/MyDrive/SATB_Model/Dataset/Processed/Train/Alto/A05 - Figur/R7.wav: name 'save_augmented_audio' is not defined
2026-07-24 15:03:07,519 | ERROR | Failed augmenting /content/drive/MyDrive/SATB_Model/Dataset/Processed/Train/Alto/A06 - omk/R1.wav: name 'save_augmented_audio' is not defined
2026-07-24 15:03:07,550 | ERROR | Failed augmenting /content/drive/MyDrive/SATB_Model/Dataset/Processed/Train/Alto/A06 - omk/R1.wav: name 'save_augmented_audio' is not defined
2026-07-24 15:03:07,586 | ERROR | Failed augmenting /content/drive/MyDrive/SATB_Model/Dataset/Processed/Train/Alto/A06 - omk/R1.wav: name 'save_augmented_audio' is not defined
2026-07-24 15:03:07,621 | ERROR | Failed augmenting /content/drive/MyDrive/SATB_Model/Dataset/Processed/Train/Alto/A06 - omk/R1.wav: name 'save_augmented_audio' is not defined
2026-07-24 15:03:07,650 | ERROR | Failed augmenting /content/drive/MyDrive/SATB_Model/Dataset/Processed/Train/Alto/A06 - omk/R1.wav: name 'save_augmented_audio' is not defined
2026-07-24 15:03:07,680 | ERROR | Failed augmenting /content/drive/MyDrive/SATB_Model/Dataset/Processed/Train/Alto/A06 - omk/R1.wav: name 'save_augmented_audio' is not defined
2026-07-24 15:03:07,712 | ERROR | Failed augmenting /content/drive/MyDrive/SATB_Model/Dataset/Processed/Train/Alto/A06 - omk/R1.wav: name 'save_augmented_audio' is not defined
2026-07-24 15:03:07,745 | ERROR | Failed augmenting /content/drive/MyDrive/SATB_Model/Dataset/Processed/Train/Alto/A06 - omk/R2.wav: name 'save_augmented_audio' is not defined
2026-07-24 15:03:07,772 | ERROR | Failed augmenting /content/drive/MyDrive/SATB_Model/Dataset/Processed/Train/Alto/A06 - omk/R2.wav: name 'save_augmented_audio' is not defined
2026-07-24 15:03:07,798 | ERROR | Failed augmenting /content/drive/MyDrive/SATB_Model/Dataset/Processed/Train/Alto/A06 - omk/R2.wav: name 'save_augmented_audio' is not defined
2026-07-24 15:03:07,826 | ERROR | Failed augmenting /content/drive/MyDrive/SATB_Model/Dataset/Processed/Train/Alto/A06 - omk/R2.wav: name 'save_augmented_audio' is not defined
2026-07-24 15:03:07,871 | ERROR | Failed augmenting /content/drive/MyDrive/SATB_Model/Dataset/Processed/Train/Alto/A06 - omk/R3.wav: name 'save_augmented_audio' is not defined
2026-07-24 15:03:07,910 | ERROR | Failed augmenting /content/drive/MyDrive/SATB_Model/Dataset/Processed/Train/Alto/A06 - omk/R3.wav: name 'save_augmented_audio' is not defined
2026-07-24 15:03:07,959 | ERROR | Failed augmenting /content/drive/MyDrive/SATB_Model/Dataset/Processed/Train/Alto/A06 - omk/R4.wav: name 'save_augmented_audio' is not defined
2026-07-24 15:03:08,038 | ERROR | Failed augmenting /content/drive/MyDrive/SATB_Model/Dataset/Processed/Train/Alto/A06 - omk/R4.wav: name 'save_augmented_audio' is not defined
2026-07-24 15:03:08,089 | ERROR | Failed augmenting /content/drive/MyDrive/SATB_Model/Dataset/Processed/Train/Alto/A06 - omk/R5.wav: name 'save_augmented_audio' is not defined
2026-07-24 15:03:08,150 | ERROR | Failed augmenting /content/drive/MyDrive/SATB_Model/Dataset/Processed/Train/Alto/A06 - omk/R5.wav: name 'save_augmented_audio' is not defined
2026-07-24 15:03:08,214 | ERROR | Failed augmenting /content/drive/MyDrive/SATB_Model/Dataset/Processed/Train/Alto/A06 - omk/R6.wav: name 'save_augmented_audio' is not defined
2026-07-24 15:03:08,277 | ERROR | Failed augmenting /content/drive/MyDrive/SATB_Model/Dataset/Processed/Train/Alto/A06 - omk/R6.wav: name 'save_augmented_audio' is not defined
2026-07-24 15:03:08,354 | ERROR | Failed augmenting /content/drive/MyDrive/SATB_Model/Dataset/Processed/Train/Alto/A06 - omk/R7.wav: name 'save_augmented_audio' is not defined
2026-07-24 15:03:08,433 | ERROR | Failed augmenting /content/drive/MyDrive/SATB_Model/Dataset/Processed/Train/Alto/A06 - omk/R7.wav: name 'save_augmented_audio' is not defined
2026-07-24 15:03:08,463 | ERROR | Failed augmenting /content/drive/MyDrive/SATB_Model/Dataset/Processed/Train/Alto/A08 - nabila/R1.wav: name 'save_augmented_audio' is not defined
2026-07-24 15:03:08,492 | ERROR | Failed augmenting /content/drive/MyDrive/SATB_Model/Dataset/Processed/Train/Alto/A08 - nabila/R1.wav: name 'save_augmented_audio' is not defined
2026-07-24 15:03:08,525 | ERROR | Failed augmenting /content/drive/MyDrive/SATB_Model/Dataset/Processed/Train/Alto/A08 - nabila/R1.wav: name 'save_augmented_audio' is not defined
2026-07-24 15:03:08,556 | ERROR | Failed augmenting /content/drive/MyDrive/SATB_Model/Dataset/Processed/Train/Alto/A08 - nabila/R1.wav: name 'save_augmented_audio' is not defined
2026-07-24 15:03:08,587 | ERROR | Failed augmenting /content/drive/MyDrive/SATB_Model/Dataset/Processed/Train/Alto/A08 - nabila/R1.wav: name 'save_augmented_audio' is not defined
2026-07-24 15:03:08,617 | ERROR | Failed augmenting /content/drive/MyDrive/SATB_Model/Dataset/Processed/Train/Alto/A08 - nabila/R1.wav: name 'save_augmented_audio' is not defined
2026-07-24 15:03:08,649 | ERROR | Failed augmenting /content/drive/MyDrive/SATB_Model/Dataset/Processed/Train/Alto/A08 - nabila/R1.wav: name 'save_augmented_audio' is not defined
2026-07-24 15:03:08,678 | ERROR | Failed augmenting /content/drive/MyDrive/SATB_Model/Dataset/Processed/Train/Alto/A08 - nabila/R1.wav: name 'save_augmented_audio' is not defined
2026-07-24 15:03:08,709 | ERROR | Failed augmenting /content/drive/MyDrive/SATB_Model/Dataset/Processed/Train/Alto/A08 - nabila/R2.wav: name 'save_augmented_audio' is not defined
2026-07-24 15:03:08,738 | ERROR | Failed augmenting /content/drive/MyDrive/SATB_Model/Dataset/Processed/Train/Alto/A08 - nabila/R2.wav: name 'save_augmented_audio' is not defined
2026-07-24 15:03:08,766 | ERROR | Failed augmenting /content/drive/MyDrive/SATB_Model/Dataset/Processed/Train/Alto/A08 - nabila/R2.wav: name 'save_augmented_audio' is not defined
2026-07-24 15:03:08,795 | ERROR | Failed augmenting /content/drive/MyDrive/SATB_Model/Dataset/Processed/Train/Alto/A08 - nabila/R2.wav: name 'save_augmented_audio' is not defined
2026-07-24 15:03:08,823 | ERROR | Failed augmenting /content/drive/MyDrive/SATB_Model/Dataset/Processed/Train/Alto/A08 - nabila/R2.wav: name 'save_augmented_audio' is not defined
2026-07-24 15:03:08,842 | ERROR | Failed augmenting /content/drive/MyDrive/SATB_Model/Dataset/Processed/Train/Alto/A08 - nabila/R3.wav: name 'save_augmented_audio' is not defined
2026-07-24 15:03:08,870 | ERROR | Failed augmenting /content/drive/MyDrive/SATB_Model/Dataset/Processed/Train/Alto/A08 - nabila/R3.wav: name 'save_augmented_audio' is not defined
2026-07-24 15:03:08,928 | ERROR | Failed augmenting /content/drive/MyDrive/SATB_Model/Dataset/Processed/Train/Alto/A08 - nabila/R4.wav: name 'save_augmented_audio' is not defined
2026-07-24 15:03:08,984 | ERROR | Failed augmenting /content/drive/MyDrive/SATB_Model/Dataset/Processed/Train/Alto/A08 - nabila/R4.wav: name 'save_augmented_audio' is not defined
2026-07-24 15:03:09,026 | ERROR | Failed augmenting /content/drive/MyDrive/SATB_Model/Dataset/Processed/Train/Alto/A08 - nabila/R5.wav: name 'save_augmented_audio' is not defined
2026-07-24 15:03:09,089 | ERROR | Failed augmenting /content/drive/MyDrive/SATB_Model/Dataset/Processed/Train/Alto/A08 - nabila/R5.wav: name 'save_augmented_audio' is not defined
2026-07-24 15:03:09,157 | ERROR | Failed augmenting /content/drive/MyDrive/SATB_Model/Dataset/Processed/Train/Alto/A08 - nabila/R6.wav: name 'save_augmented_audio' is not defined
2026-07-24 15:03:09,230 | ERROR | Failed augmenting /content/drive/MyDrive/SATB_Model/Dataset/Processed/Train/Alto/A08 - nabila/R6.wav: name 'save_augmented_audio' is not defined
2026-07-24 15:03:09,297 | ERROR | Failed augmenting /content/drive/MyDrive/SATB_Model/Dataset/Processed/Train/Alto/A08 - nabila/R6.wav: name 'save_augmented_audio' is not defined
2026-07-24 15:03:09,388 | ERROR | Failed augmenting /content/drive/MyDrive/SATB_Model/Dataset/Processed/Train/Alto/A08 - nabila/R7.wav: name 'save_augmented_audio' is not defined
2026-07-24 15:03:09,475 | ERROR | Failed augmenting /content/drive/MyDrive/SATB_Model/Dataset/Processed/Train/Alto/A08 - nabila/R7.wav: name 'save_augmented_audio' is not defined
2026-07-24 15:03:09,511 | ERROR | Failed augmenting /content/drive/MyDrive/SATB_Model/Dataset/Processed/Train/Alto/A09 - kk marya/R1.wav: name 'save_augmented_audio' is not defined
2026-07-24 15:03:09,546 | ERROR | Failed augmenting /content/drive/MyDrive/SATB_Model/Dataset/Processed/Train/Alto/A09 - kk marya/R1.wav: name 'save_augmented_audio' is not defined
2026-07-24 15:03:09,580 | ERROR | Failed augmenting /content/drive/MyDrive/SATB_Model/Dataset/Processed/Train/Alto/A09 - kk marya/R1.wav: name 'save_augmented_audio' is not defined
2026-07-24 15:03:09,616 | ERROR | Failed augmenting /content/drive/MyDrive/SATB_Model/Dataset/Processed/Train/Alto/A09 - kk marya/R1.wav: name 'save_augmented_audio' is not defined
2026-07-24 15:03:09,650 | ERROR | Failed augmenting /content/drive/MyDrive/SATB_Model/Dataset/Processed/Train/Alto/A09 - kk marya/R1.wav: name 'save_augmented_audio' is not defined
2026-07-24 15:03:09,680 | ERROR | Failed augmenting /content/drive/MyDrive/SATB_Model/Dataset/Processed/Train/Alto/A09 - kk marya/R1.wav: name 'save_augmented_audio' is not defined
2026-07-24 15:03:09,719 | ERROR | Failed augmenting /content/drive/MyDrive/SATB_Model/Dataset/Processed/Train/Alto/A09 - kk marya/R1.wav: name 'save_augmented_audio' is not defined
2026-07-24 15:03:09,750 | ERROR | Failed augmenting /content/drive/MyDrive/SATB_Model/Dataset/Processed/Train/Alto/A09 - kk marya/R1.wav: name 'save_augmented_audio' is not defined
2026-07-24 15:03:09,786 | ERROR | Failed augmenting /content/drive/MyDrive/SATB_Model/Dataset/Processed/Train/Alto/A09 - kk marya/R1.wav: name 'save_augmented_audio' is not defined
2026-07-24 15:03:09,821 | ERROR | Failed augmenting /content/drive/MyDrive/SATB_Model/Dataset/Processed/Train/Alto/A09 - kk marya/R2.wav: name 'save_augmented_audio' is not defined
2026-07-24 15:03:09,850 | ERROR | Failed augmenting /content/drive/MyDrive/SATB_Model/Dataset/Processed/Train/Alto/A09 - kk marya/R2.wav: name 'save_augmented_audio' is not defined
2026-07-24 15:03:09,882 | ERROR | Failed augmenting /content/drive/MyDrive/SATB_Model/Dataset/Processed/Train/Alto/A09 - kk marya/R2.wav: name 'save_augmented_audio' is not defined
2026-07-24 15:03:09,910 | ERROR | Failed augmenting /content/drive/MyDrive/SATB_Model/Dataset/Processed/Train/Alto/A09 - kk marya/R2.wav: name 'save_augmented_audio' is not defined
2026-07-24 15:03:09,943 | ERROR | Failed augmenting /content/drive/MyDrive/SATB_Model/Dataset/Processed/Train/Alto/A09 - kk marya/R2.wav: name 'save_augmented_audio' is not defined
2026-07-24 15:03:09,982 | ERROR | Failed augmenting /content/drive/MyDrive/SATB_Model/Dataset/Processed/Train/Alto/A09 - kk marya/R3.wav: name 'save_augmented_audio' is not defined
2026-07-24 15:03:10,023 | ERROR | Failed augmenting /content/drive/MyDrive/SATB_Model/Dataset/Processed/Train/Alto/A09 - kk marya/R3.wav: name 'save_augmented_audio' is not defined
2026-07-24 15:03:10,088 | ERROR | Failed augmenting /content/drive/MyDrive/SATB_Model/Dataset/Processed/Train/Alto/A09 - kk marya/R4.wav: name 'save_augmented_audio' is not defined
2026-07-24 15:03:10,152 | ERROR | Failed augmenting /content/drive/MyDrive/SATB_Model/Dataset/Processed/Train/Alto/A09 - kk marya/R4.wav: name 'save_augmented_audio' is not defined
2026-07-24 15:03:10,220 | ERROR | Failed augmenting /content/drive/MyDrive/SATB_Model/Dataset/Processed/Train/Alto/A09 - kk marya/R5.wav: name 'save_augmented_audio' is not defined
2026-07-24 15:03:10,288 | ERROR | Failed augmenting /content/drive/MyDrive/SATB_Model/Dataset/Processed/Train/Alto/A09 - kk marya/R5.wav: name 'save_augmented_audio' is not defined
2026-07-24 15:03:10,364 | ERROR | Failed augmenting /content/drive/MyDrive/SATB_Model/Dataset/Processed/Train/Alto/A09 - kk marya/R6.wav: name 'save_augmented_audio' is not defined
2026-07-24 15:03:10,439 | ERROR | Failed augmenting /content/drive/MyDrive/SATB_Model/Dataset/Processed/Train/Alto/A09 - kk marya/R6.wav: name 'save_augmented_audio' is not defined
2026-07-24 15:03:10,537 | ERROR | Failed augmenting /content/drive/MyDrive/SATB_Model/Dataset/Processed/Train/Alto/A09 - kk marya/R7.wav: name 'save_augmented_audio' is not defined
2026-07-24 15:03:10,627 | ERROR | Failed augmenting /content/drive/MyDrive/SATB_Model/Dataset/Processed/Train/Alto/A09 - kk marya/R7.wav: name 'save_augmented_audio' is not defined
2026-07-24 15:03:10,721 | ERROR | Failed augmenting /content/drive/MyDrive/SATB_Model/Dataset/Processed/Train/Alto/A09 - kk marya/R7.wav: name 'save_augmented_audio' is not defined
2026-07-24 15:03:10,815 | ERROR | Failed augmenting /content/drive/MyDrive/SATB_Model/Dataset/Processed/Train/Alto/A09 - kk marya/R7.wav: name 'save_augmented_audio' is not defined
2026-07-24 15:03:10,844 | ERROR | Failed augmenting /content/drive/MyDrive/SATB_Model/Dataset/Processed/Train/Alto/A11 - yaya/R1.wav: name 'save_augmented_audio' is not defined
2026-07-24 15:03:10,875 | ERROR | Failed augmenting /content/drive/MyDrive/SATB_Model/Dataset/Processed/Train/Alto/A11 - yaya/R1.wav: name 'save_augmented_audio' is not defined
2026-07-24 15:03:10,902 | ERROR | Failed augmenting /content/drive/MyDrive/SATB_Model/Dataset/Processed/Train/Alto/A11 - yaya/R1.wav: name 'save_augmented_audio' is not defined
2026-07-24 15:03:10,932 | ERROR | Failed augmenting /content/drive/MyDrive/SATB_Model/Dataset/Processed/Train/Alto/A11 - yaya/R1.wav: name 'save_augmented_audio' is not defined
2026-07-24 15:03:10,960 | ERROR | Failed augmenting /content/drive/MyDrive/SATB_Model/Dataset/Processed/Train/Alto/A11 - yaya/R1.wav: name 'save_augmented_audio' is not defined
2026-07-24 15:03:10,993 | ERROR | Failed augmenting /content/drive/MyDrive/SATB_Model/Dataset/Processed/Train/Alto/A11 - yaya/R1.wav: name 'save_augmented_audio' is not defined
2026-07-24 15:03:11,022 | ERROR | Failed augmenting /content/drive/MyDrive/SATB_Model/Dataset/Processed/Train/Alto/A11 - yaya/R1.wav: name 'save_augmented_audio' is not defined
2026-07-24 15:03:11,049 | ERROR | Failed augmenting /content/drive/MyDrive/SATB_Model/Dataset/Processed/Train/Alto/A11 - yaya/R1.wav: name 'save_augmented_audio' is not defined
2026-07-24 15:03:11,078 | ERROR | Failed augmenting /content/drive/MyDrive/SATB_Model/Dataset/Processed/Train/Alto/A11 - yaya/R2.wav: name 'save_augmented_audio' is not defined
2026-07-24 15:03:11,111 | ERROR | Failed augmenting /content/drive/MyDrive/SATB_Model/Dataset/Processed/Train/Alto/A11 - yaya/R2.wav: name 'save_augmented_audio' is not defined
2026-07-24 15:03:11,156 | ERROR | Failed augmenting /content/drive/MyDrive/SATB_Model/Dataset/Processed/Train/Alto/A11 - yaya/R2.wav: name 'save_augmented_audio' is not defined
2026-07-24 15:03:11,192 | ERROR | Failed augmenting /content/drive/MyDrive/SATB_Model/Dataset/Processed/Train/Alto/A11 - yaya/R2.wav: name 'save_augmented_audio' is not defined
2026-07-24 15:03:11,241 | ERROR | Failed augmenting /content/drive/MyDrive/SATB_Model/Dataset/Processed/Train/Alto/A11 - yaya/R3.wav: name 'save_augmented_audio' is not defined
2026-07-24 15:03:11,281 | ERROR | Failed augmenting /content/drive/MyDrive/SATB_Model/Dataset/Processed/Train/Alto/A11 - yaya/R3.wav: name 'save_augmented_audio' is not defined
2026-07-24 15:03:11,339 | ERROR | Failed augmenting /content/drive/MyDrive/SATB_Model/Dataset/Processed/Train/Alto/A11 - yaya/R4.wav: name 'save_augmented_audio' is not defined
2026-07-24 15:03:11,395 | ERROR | Failed augmenting /content/drive/MyDrive/SATB_Model/Dataset/Processed/Train/Alto/A11 - yaya/R4.wav: name 'save_augmented_audio' is not defined
2026-07-24 15:03:11,533 | ERROR | Failed augmenting /content/drive/MyDrive/SATB_Model/Dataset/Processed/Train/Alto/A11 - yaya/R5.wav: name 'save_augmented_audio' is not defined
2026-07-24 15:03:11,608 | ERROR | Failed augmenting /content/drive/MyDrive/SATB_Model/Dataset/Processed/Train/Alto/A11 - yaya/R6.wav: name 'save_augmented_audio' is not defined
2026-07-24 15:03:11,691 | ERROR | Failed augmenting /content/drive/MyDrive/SATB_Model/Dataset/Processed/Train/Alto/A11 - yaya/R6.wav: name 'save_augmented_audio' is not defined
2026-07-24 15:03:11,783 | ERROR | Failed augmenting /content/drive/MyDrive/SATB_Model/Dataset/Processed/Train/Alto/A11 - yaya/R7.wav: name 'save_augmented_audio' is not defined
2026-07-24 15:03:11,873 | ERROR | Failed augmenting /content/drive/MyDrive/SATB_Model/Dataset/Processed/Train/Alto/A11 - yaya/R7.wav: name 'save_augmented_audio' is not defined
2026-07-24 15:03:11,901 | ERROR | Failed augmenting /content/drive/MyDrive/SATB_Model/Dataset/Processed/Train/Alto/A14 - insy/R1.wav: name 'save_augmented_audio' is not defined
2026-07-24 15:03:11,927 | ERROR | Failed augmenting /content/drive/MyDrive/SATB_Model/Dataset/Processed/Train/Alto/A14 - insy/R1.wav: name 'save_augmented_audio' is not defined
2026-07-24 15:03:11,955 | ERROR | Failed augmenting /content/drive/MyDrive/SATB_Model/Dataset/Processed/Train/Alto/A14 - insy/R1.wav: name 'save_augmented_audio' is not defined
2026-07-24 15:03:11,980 | ERROR | Failed augmenting /content/drive/MyDrive/SATB_Model/Dataset/Processed/Train/Alto/A14 - insy/R1.wav: name 'save_augmented_audio' is not defined
2026-07-24 15:03:12,008 | ERROR | Failed augmenting /content/drive/MyDrive/SATB_Model/Dataset/Processed/Train/Alto/A14 - insy/R1.wav: name 'save_augmented_audio' is not defined
2026-07-24 15:03:12,047 | ERROR | Failed augmenting /content/drive/MyDrive/SATB_Model/Dataset/Processed/Train/Alto/A14 - insy/R1.wav: name 'save_augmented_audio' is not defined
2026-07-24 15:03:12,077 | ERROR | Failed augmenting /content/drive/MyDrive/SATB_Model/Dataset/Processed/Train/Alto/A14 - insy/R1.wav: name 'save_augmented_audio' is not defined
2026-07-24 15:03:12,101 | ERROR | Failed augmenting /content/drive/MyDrive/SATB_Model/Dataset/Processed/Train/Alto/A14 - insy/R1.wav: name 'save_augmented_audio' is not defined
2026-07-24 15:03:12,137 | ERROR | Failed augmenting /content/drive/MyDrive/SATB_Model/Dataset/Processed/Train/Alto/A14 - insy/R2.wav: name 'save_augmented_audio' is not defined
2026-07-24 15:03:12,181 | ERROR | Failed augmenting /content/drive/MyDrive/SATB_Model/Dataset/Processed/Train/Alto/A14 - insy/R2.wav: name 'save_augmented_audio' is not defined
2026-07-24 15:03:12,215 | ERROR | Failed augmenting /content/drive/MyDrive/SATB_Model/Dataset/Processed/Train/Alto/A14 - insy/R2.wav: name 'save_augmented_audio' is not defined
2026-07-24 15:03:12,250 | ERROR | Failed augmenting /content/drive/MyDrive/SATB_Model/Dataset/Processed/Train/Alto/A14 - insy/R2.wav: name 'save_augmented_audio' is not defined
2026-07-24 15:03:12,294 | ERROR | Failed augmenting /content/drive/MyDrive/SATB_Model/Dataset/Processed/Train/Alto/A14 - insy/R3.wav: name 'save_augmented_audio' is not defined
2026-07-24 15:03:12,334 | ERROR | Failed augmenting /content/drive/MyDrive/SATB_Model/Dataset/Processed/Train/Alto/A14 - insy/R3.wav: name 'save_augmented_audio' is not defined
2026-07-24 15:03:12,388 | ERROR | Failed augmenting /content/drive/MyDrive/SATB_Model/Dataset/Processed/Train/Alto/A14 - insy/R4.wav: name 'save_augmented_audio' is not defined
2026-07-24 15:03:12,440 | ERROR | Failed augmenting /content/drive/MyDrive/SATB_Model/Dataset/Processed/Train/Alto/A14 - insy/R4.wav: name 'save_augmented_audio' is not defined
2026-07-24 15:03:12,500 | ERROR | Failed augmenting /content/drive/MyDrive/SATB_Model/Dataset/Processed/Train/Alto/A14 - insy/R5.wav: name 'save_augmented_audio' is not defined
2026-07-24 15:03:12,567 | ERROR | Failed augmenting /content/drive/MyDrive/SATB_Model/Dataset/Processed/Train/Alto/A14 - insy/R5.wav: name 'save_augmented_audio' is not defined
2026-07-24 15:03:12,651 | ERROR | Failed augmenting /content/drive/MyDrive/SATB_Model/Dataset/Processed/Train/Alto/A14 - insy/R6.wav: name 'save_augmented_audio' is not defined
2026-07-24 15:03:12,738 | ERROR | Failed augmenting /content/drive/MyDrive/SATB_Model/Dataset/Processed/Train/Alto/A14 - insy/R6.wav: name 'save_augmented_audio' is not defined
2026-07-24 15:03:12,786 | ERROR | Failed augmenting /content/drive/MyDrive/SATB_Model/Dataset/Processed/Train/Alto/A14 - insy/R7.wav: name 'save_augmented_audio' is not defined
2026-07-24 15:03:12,828 | ERROR | Failed augmenting /content/drive/MyDrive/SATB_Model/Dataset/Processed/Train/Alto/A14 - insy/R7.wav: name 'save_augmented_audio' is not defined
2026-07-24 15:03:12,871 | ERROR | Failed augmenting /content/drive/MyDrive/SATB_Model/Dataset/Processed/Train/Alto/A14 - insy/R7.wav: name 'save_augmented_audio' is not defined
2026-07-24 15:03:12,923 | ERROR | Failed augmenting /content/drive/MyDrive/SATB_Model/Dataset/Processed/Train/Alto/A14 - insy/R7.wav: name 'save_augmented_audio' is not defined
2026-07-24 15:03:12,961 | ERROR | Failed augmenting /content/drive/MyDrive/SATB_Model/Dataset/Processed/Train/Tenor/T02 - dewa/R1.wav: name 'save_augmented_audio' is not defined
2026-07-24 15:03:12,998 | ERROR | Failed augmenting /content/drive/MyDrive/SATB_Model/Dataset/Processed/Train/Tenor/T02 - dewa/R1.wav: name 'save_augmented_audio' is not defined
2026-07-24 15:03:13,041 | ERROR | Failed augmenting /content/drive/MyDrive/SATB_Model/Dataset/Processed/Train/Tenor/T02 - dewa/R1.wav: name 'save_augmented_audio' is not defined
2026-07-24 15:03:13,078 | ERROR | Failed augmenting /content/drive/MyDrive/SATB_Model/Dataset/Processed/Train/Tenor/T02 - dewa/R1.wav: name 'save_augmented_audio' is not defined
2026-07-24 15:03:13,117 | ERROR | Failed augmenting /content/drive/MyDrive/SATB_Model/Dataset/Processed/Train/Tenor/T02 - dewa/R1.wav: name 'save_augmented_audio' is not defined
2026-07-24 15:03:13,160 | ERROR | Failed augmenting /content/drive/MyDrive/SATB_Model/Dataset/Processed/Train/Tenor/T02 - dewa/R1.wav: name 'save_augmented_audio' is not defined
2026-07-24 15:03:13,205 | ERROR | Failed augmenting /content/drive/MyDrive/SATB_Model/Dataset/Processed/Train/Tenor/T02 - dewa/R1.wav: name 'save_augmented_audio' is not defined
2026-07-24 15:03:13,258 | ERROR | Failed augmenting /content/drive/MyDrive/SATB_Model/Dataset/Processed/Train/Tenor/T02 - dewa/R1.wav: name 'save_augmented_audio' is not defined
2026-07-24 15:03:13,295 | ERROR | Failed augmenting /content/drive/MyDrive/SATB_Model/Dataset/Processed/Train/Tenor/T02 - dewa/R2.wav: name 'save_augmented_audio' is not defined
2026-07-24 15:03:13,329 | ERROR | Failed augmenting /content/drive/MyDrive/SATB_Model/Dataset/Processed/Train/Tenor/T02 - dewa/R2.wav: name 'save_augmented_audio' is not defined
2026-07-24 15:03:13,365 | ERROR | Failed augmenting /content/drive/MyDrive/SATB_Model/Dataset/Processed/Train/Tenor/T02 - dewa/R2.wav: name 'save_augmented_audio' is not defined
2026-07-24 15:03:13,407 | ERROR | Failed augmenting /content/drive/MyDrive/SATB_Model/Dataset/Processed/Train/Tenor/T02 - dewa/R2.wav: name 'save_augmented_audio' is not defined
2026-07-24 15:03:13,458 | ERROR | Failed augmenting /content/drive/MyDrive/SATB_Model/Dataset/Processed/Train/Tenor/T02 - dewa/R3.wav: name 'save_augmented_audio' is not defined
2026-07-24 15:03:13,509 | ERROR | Failed augmenting /content/drive/MyDrive/SATB_Model/Dataset/Processed/Train/Tenor/T02 - dewa/R3.wav: name 'save_augmented_audio' is not defined
2026-07-24 15:03:13,580 | ERROR | Failed augmenting /content/drive/MyDrive/SATB_Model/Dataset/Processed/Train/Tenor/T02 - dewa/R4.wav: name 'save_augmented_audio' is not defined
2026-07-24 15:03:13,675 | ERROR | Failed augmenting /content/drive/MyDrive/SATB_Model/Dataset/Processed/Train/Tenor/T02 - dewa/R4.wav: name 'save_augmented_audio' is not defined
2026-07-24 15:03:13,806 | ERROR | Failed augmenting /content/drive/MyDrive/SATB_Model/Dataset/Processed/Train/Tenor/T02 - dewa/R5.wav: name 'save_augmented_audio' is not defined
2026-07-24 15:03:13,922 | ERROR | Failed augmenting /content/drive/MyDrive/SATB_Model/Dataset/Processed/Train/Tenor/T02 - dewa/R5.wav: name 'save_augmented_audio' is not defined
2026-07-24 15:03:14,068 | ERROR | Failed augmenting /content/drive/MyDrive/SATB_Model/Dataset/Processed/Train/Tenor/T02 - dewa/R6.wav: name 'save_augmented_audio' is not defined
2026-07-24 15:03:14,222 | ERROR | Failed augmenting /content/drive/MyDrive/SATB_Model/Dataset/Processed/Train/Tenor/T02 - dewa/R6.wav: name 'save_augmented_audio' is not defined
2026-07-24 15:03:14,403 | ERROR | Failed augmenting /content/drive/MyDrive/SATB_Model/Dataset/Processed/Train/Tenor/T02 - dewa/R7.wav: name 'save_augmented_audio' is not defined
2026-07-24 15:03:14,570 | ERROR | Failed augmenting /content/drive/MyDrive/SATB_Model/Dataset/Processed/Train/Tenor/T02 - dewa/R7.wav: name 'save_augmented_audio' is not defined
2026-07-24 15:03:15,040 | ERROR | Failed augmenting /content/drive/MyDrive/SATB_Model/Dataset/Processed/Train/Tenor/T03 - caya/R1.wav: name 'save_augmented_audio' is not defined
2026-07-24 15:03:15,300 | ERROR | Failed augmenting /content/drive/MyDrive/SATB_Model/Dataset/Processed/Train/Tenor/T03 - caya/R2.wav: name 'save_augmented_audio' is not defined
2026-07-24 15:03:15,546 | ERROR | Failed augmenting /content/drive/MyDrive/SATB_Model/Dataset/Processed/Train/Tenor/T03 - caya/R3.wav: name 'save_augmented_audio' is not defined
2026-07-24 15:03:15,800 | ERROR | Failed augmenting /content/drive/MyDrive/SATB_Model/Dataset/Processed/Train/Tenor/T03 - caya/R4.wav: name 'save_augmented_audio' is not defined
2026-07-24 15:03:16,069 | ERROR | Failed augmenting /content/drive/MyDrive/SATB_Model/Dataset/Processed/Train/Tenor/T03 - caya/R5.wav: name 'save_augmented_audio' is not defined
2026-07-24 15:03:16,350 | ERROR | Failed augmenting /content/drive/MyDrive/SATB_Model/Dataset/Processed/Train/Tenor/T03 - caya/R6.wav: name 'save_augmented_audio' is not defined
2026-07-24 15:03:16,710 | ERROR | Failed augmenting /content/drive/MyDrive/SATB_Model/Dataset/Processed/Train/Tenor/T03 - caya/R7.wav: name 'save_augmented_audio' is not defined
2026-07-24 15:03:16,763 | ERROR | Failed augmenting /content/drive/MyDrive/SATB_Model/Dataset/Processed/Train/Tenor/T05 - esau/R1.wav: name 'save_augmented_audio' is not defined
2026-07-24 15:03:16,812 | ERROR | Failed augmenting /content/drive/MyDrive/SATB_Model/Dataset/Processed/Train/Tenor/T05 - esau/R1.wav: name 'save_augmented_audio' is not defined
2026-07-24 15:03:16,856 | ERROR | Failed augmenting /content/drive/MyDrive/SATB_Model/Dataset/Processed/Train/Tenor/T05 - esau/R1.wav: name 'save_augmented_audio' is not defined
2026-07-24 15:03:16,902 | ERROR | Failed augmenting /content/drive/MyDrive/SATB_Model/Dataset/Processed/Train/Tenor/T05 - esau/R1.wav: name 'save_augmented_audio' is not defined
2026-07-24 15:03:16,946 | ERROR | Failed augmenting /content/drive/MyDrive/SATB_Model/Dataset/Processed/Train/Tenor/T05 - esau/R1.wav: name 'save_augmented_audio' is not defined
2026-07-24 15:03:16,995 | ERROR | Failed augmenting /content/drive/MyDrive/SATB_Model/Dataset/Processed/Train/Tenor/T05 - esau/R1.wav: name 'save_augmented_audio' is not defined
2026-07-24 15:03:17,041 | ERROR | Failed augmenting /content/drive/MyDrive/SATB_Model/Dataset/Processed/Train/Tenor/T05 - esau/R1.wav: name 'save_augmented_audio' is not defined
2026-07-24 15:03:17,087 | ERROR | Failed augmenting /content/drive/MyDrive/SATB_Model/Dataset/Processed/Train/Tenor/T05 - esau/R1.wav: name 'save_augmented_audio' is not defined
2026-07-24 15:03:17,131 | ERROR | Failed augmenting /content/drive/MyDrive/SATB_Model/Dataset/Processed/Train/Tenor/T05 - esau/R1.wav: name 'save_augmented_audio' is not defined
2026-07-24 15:03:17,172 | ERROR | Failed augmenting /content/drive/MyDrive/SATB_Model/Dataset/Processed/Train/Tenor/T05 - esau/R1.wav: name 'save_augmented_audio' is not defined
2026-07-24 15:03:17,225 | ERROR | Failed augmenting /content/drive/MyDrive/SATB_Model/Dataset/Processed/Train/Tenor/T05 - esau/R2.wav: name 'save_augmented_audio' is not defined
2026-07-24 15:03:17,289 | ERROR | Failed augmenting /content/drive/MyDrive/SATB_Model/Dataset/Processed/Train/Tenor/T05 - esau/R2.wav: name 'save_augmented_audio' is not defined
2026-07-24 15:03:17,349 | ERROR | Failed augmenting /content/drive/MyDrive/SATB_Model/Dataset/Processed/Train/Tenor/T05 - esau/R2.wav: name 'save_augmented_audio' is not defined
2026-07-24 15:03:17,405 | ERROR | Failed augmenting /content/drive/MyDrive/SATB_Model/Dataset/Processed/Train/Tenor/T05 - esau/R2.wav: name 'save_augmented_audio' is not defined
2026-07-24 15:03:17,458 | ERROR | Failed augmenting /content/drive/MyDrive/SATB_Model/Dataset/Processed/Train/Tenor/T05 - esau/R2.wav: name 'save_augmented_audio' is not defined
2026-07-24 15:03:17,570 | ERROR | Failed augmenting /content/drive/MyDrive/SATB_Model/Dataset/Processed/Train/Tenor/T05 - esau/R3.wav: name 'save_augmented_audio' is not defined
2026-07-24 15:03:17,648 | ERROR | Failed augmenting /content/drive/MyDrive/SATB_Model/Dataset/Processed/Train/Tenor/T05 - esau/R3.wav: name 'save_augmented_audio' is not defined
2026-07-24 15:03:17,728 | ERROR | Failed augmenting /content/drive/MyDrive/SATB_Model/Dataset/Processed/Train/Tenor/T05 - esau/R3.wav: name 'save_augmented_audio' is not defined
2026-07-24 15:03:17,817 | ERROR | Failed augmenting /content/drive/MyDrive/SATB_Model/Dataset/Processed/Train/Tenor/T05 - esau/R3.wav: name 'save_augmented_audio' is not defined
2026-07-24 15:03:17,929 | ERROR | Failed augmenting /content/drive/MyDrive/SATB_Model/Dataset/Processed/Train/Tenor/T05 - esau/R4.wav: name 'save_augmented_audio' is not defined
2026-07-24 15:03:18,028 | ERROR | Failed augmenting /content/drive/MyDrive/SATB_Model/Dataset/Processed/Train/Tenor/T05 - esau/R4.wav: name 'save_augmented_audio' is not defined
2026-07-24 15:03:18,136 | ERROR | Failed augmenting /content/drive/MyDrive/SATB_Model/Dataset/Processed/Train/Tenor/T05 - esau/R4.wav: name 'save_augmented_audio' is not defined
2026-07-24 15:03:18,249 | ERROR | Failed augmenting /content/drive/MyDrive/SATB_Model/Dataset/Processed/Train/Tenor/T05 - esau/R5.wav: name 'save_augmented_audio' is not defined
2026-07-24 15:03:18,365 | ERROR | Failed augmenting /content/drive/MyDrive/SATB_Model/Dataset/Processed/Train/Tenor/T05 - esau/R5.wav: name 'save_augmented_audio' is not defined
2026-07-24 15:03:18,427 | ERROR | Failed augmenting /content/drive/MyDrive/SATB_Model/Dataset/Processed/Train/Tenor/T05 - esau/R5.wav: name 'save_augmented_audio' is not defined
2026-07-24 15:03:18,494 | ERROR | Failed augmenting /content/drive/MyDrive/SATB_Model/Dataset/Processed/Train/Tenor/T05 - esau/R5.wav: name 'save_augmented_audio' is not defined
2026-07-24 15:03:18,591 | ERROR | Failed augmenting /content/drive/MyDrive/SATB_Model/Dataset/Processed/Train/Tenor/T05 - esau/R6.wav: name 'save_augmented_audio' is not defined
2026-07-24 15:03:18,678 | ERROR | Failed augmenting /content/drive/MyDrive/SATB_Model/Dataset/Processed/Train/Tenor/T05 - esau/R6.wav: name 'save_augmented_audio' is not defined
2026-07-24 15:03:18,783 | ERROR | Failed augmenting /content/drive/MyDrive/SATB_Model/Dataset/Processed/Train/Tenor/T05 - esau/R7.wav: name 'save_augmented_audio' is not defined
2026-07-24 15:03:18,881 | ERROR | Failed augmenting /content/drive/MyDrive/SATB_Model/Dataset/Processed/Train/Tenor/T05 - esau/R7.wav: name 'save_augmented_audio' is not defined
2026-07-24 15:03:18,977 | ERROR | Failed augmenting /content/drive/MyDrive/SATB_Model/Dataset/Processed/Train/Tenor/T05 - esau/R7.wav: name 'save_augmented_audio' is not defined
2026-07-24 15:03:19,077 | ERROR | Failed augmenting /content/drive/MyDrive/SATB_Model/Dataset/Processed/Train/Tenor/T05 - esau/R7.wav: name 'save_augmented_audio' is not defined
2026-07-24 15:03:19,110 | ERROR | Failed augmenting /content/drive/MyDrive/SATB_Model/Dataset/Processed/Train/Tenor/T07 - julian/R1.wav: name 'save_augmented_audio' is not defined
2026-07-24 15:03:19,147 | ERROR | Failed augmenting /content/drive/MyDrive/SATB_Model/Dataset/Processed/Train/Tenor/T07 - julian/R1.wav: name 'save_augmented_audio' is not defined
2026-07-24 15:03:19,177 | ERROR | Failed augmenting /content/drive/MyDrive/SATB_Model/Dataset/Processed/Train/Tenor/T07 - julian/R1.wav: name 'save_augmented_audio' is not defined
2026-07-24 15:03:19,209 | ERROR | Failed augmenting /content/drive/MyDrive/SATB_Model/Dataset/Processed/Train/Tenor/T07 - julian/R1.wav: name 'save_augmented_audio' is not defined
2026-07-24 15:03:19,239 | ERROR | Failed augmenting /content/drive/MyDrive/SATB_Model/Dataset/Processed/Train/Tenor/T07 - julian/R1.wav: name 'save_augmented_audio' is not defined
2026-07-24 15:03:19,276 | ERROR | Failed augmenting /content/drive/MyDrive/SATB_Model/Dataset/Processed/Train/Tenor/T07 - julian/R1.wav: name 'save_augmented_audio' is not defined
2026-07-24 15:03:19,305 | ERROR | Failed augmenting /content/drive/MyDrive/SATB_Model/Dataset/Processed/Train/Tenor/T07 - julian/R1.wav: name 'save_augmented_audio' is not defined
2026-07-24 15:03:19,336 | ERROR | Failed augmenting /content/drive/MyDrive/SATB_Model/Dataset/Processed/Train/Tenor/T07 - julian/R1.wav: name 'save_augmented_audio' is not defined
2026-07-24 15:03:19,365 | ERROR | Failed augmenting /content/drive/MyDrive/SATB_Model/Dataset/Processed/Train/Tenor/T07 - julian/R2.wav: name 'save_augmented_audio' is not defined
2026-07-24 15:03:19,396 | ERROR | Failed augmenting /content/drive/MyDrive/SATB_Model/Dataset/Processed/Train/Tenor/T07 - julian/R2.wav: name 'save_augmented_audio' is not defined
2026-07-24 15:03:19,424 | ERROR | Failed augmenting /content/drive/MyDrive/SATB_Model/Dataset/Processed/Train/Tenor/T07 - julian/R2.wav: name 'save_augmented_audio' is not defined
2026-07-24 15:03:19,451 | ERROR | Failed augmenting /content/drive/MyDrive/SATB_Model/Dataset/Processed/Train/Tenor/T07 - julian/R2.wav: name 'save_augmented_audio' is not defined
2026-07-24 15:03:19,484 | ERROR | Failed augmenting /content/drive/MyDrive/SATB_Model/Dataset/Processed/Train/Tenor/T07 - julian/R3.wav: name 'save_augmented_audio' is not defined
2026-07-24 15:03:19,519 | ERROR | Failed augmenting /content/drive/MyDrive/SATB_Model/Dataset/Processed/Train/Tenor/T07 - julian/R3.wav: name 'save_augmented_audio' is not defined
2026-07-24 15:03:19,557 | ERROR | Failed augmenting /content/drive/MyDrive/SATB_Model/Dataset/Processed/Train/Tenor/T07 - julian/R4.wav: name 'save_augmented_audio' is not defined
2026-07-24 15:03:19,599 | ERROR | Failed augmenting /content/drive/MyDrive/SATB_Model/Dataset/Processed/Train/Tenor/T07 - julian/R4.wav: name 'save_augmented_audio' is not defined
2026-07-24 15:03:19,659 | ERROR | Failed augmenting /content/drive/MyDrive/SATB_Model/Dataset/Processed/Train/Tenor/T07 - julian/R5.wav: name 'save_augmented_audio' is not defined
2026-07-24 15:03:19,710 | ERROR | Failed augmenting /content/drive/MyDrive/SATB_Model/Dataset/Processed/Train/Tenor/T07 - julian/R5.wav: name 'save_augmented_audio' is not defined
2026-07-24 15:03:19,763 | ERROR | Failed augmenting /content/drive/MyDrive/SATB_Model/Dataset/Processed/Train/Tenor/T07 - julian/R6.wav: name 'save_augmented_audio' is not defined
2026-07-24 15:03:19,823 | ERROR | Failed augmenting /content/drive/MyDrive/SATB_Model/Dataset/Processed/Train/Tenor/T07 - julian/R6.wav: name 'save_augmented_audio' is not defined
2026-07-24 15:03:19,883 | ERROR | Failed augmenting /content/drive/MyDrive/SATB_Model/Dataset/Processed/Train/Tenor/T07 - julian/R7.wav: name 'save_augmented_audio' is not defined
2026-07-24 15:03:19,943 | ERROR | Failed augmenting /content/drive/MyDrive/SATB_Model/Dataset/Processed/Train/Tenor/T07 - julian/R7.wav: name 'save_augmented_audio' is not defined
2026-07-24 15:03:19,983 | ERROR | Failed augmenting /content/drive/MyDrive/SATB_Model/Dataset/Processed/Train/Tenor/T08 - reno/R1.wav: name 'save_augmented_audio' is not defined
2026-07-24 15:03:20,018 | ERROR | Failed augmenting /content/drive/MyDrive/SATB_Model/Dataset/Processed/Train/Tenor/T08 - reno/R1.wav: name 'save_augmented_audio' is not defined
2026-07-24 15:03:20,056 | ERROR | Failed augmenting /content/drive/MyDrive/SATB_Model/Dataset/Processed/Train/Tenor/T08 - reno/R1.wav: name 'save_augmented_audio' is not defined
2026-07-24 15:03:20,100 | ERROR | Failed augmenting /content/drive/MyDrive/SATB_Model/Dataset/Processed/Train/Tenor/T08 - reno/R1.wav: name 'save_augmented_audio' is not defined
2026-07-24 15:03:20,135 | ERROR | Failed augmenting /content/drive/MyDrive/SATB_Model/Dataset/Processed/Train/Tenor/T08 - reno/R1.wav: name 'save_augmented_audio' is not defined
2026-07-24 15:03:20,171 | ERROR | Failed augmenting /content/drive/MyDrive/SATB_Model/Dataset/Processed/Train/Tenor/T08 - reno/R1.wav: name 'save_augmented_audio' is not defined
2026-07-24 15:03:20,218 | ERROR | Failed augmenting /content/drive/MyDrive/SATB_Model/Dataset/Processed/Train/Tenor/T08 - reno/R1.wav: name 'save_augmented_audio' is not defined
2026-07-24 15:03:20,256 | ERROR | Failed augmenting /content/drive/MyDrive/SATB_Model/Dataset/Processed/Train/Tenor/T08 - reno/R1.wav: name 'save_augmented_audio' is not defined
2026-07-24 15:03:20,290 | ERROR | Failed augmenting /content/drive/MyDrive/SATB_Model/Dataset/Processed/Train/Tenor/T08 - reno/R2.wav: name 'save_augmented_audio' is not defined
2026-07-24 15:03:20,329 | ERROR | Failed augmenting /content/drive/MyDrive/SATB_Model/Dataset/Processed/Train/Tenor/T08 - reno/R2.wav: name 'save_augmented_audio' is not defined
2026-07-24 15:03:20,359 | ERROR | Failed augmenting /content/drive/MyDrive/SATB_Model/Dataset/Processed/Train/Tenor/T08 - reno/R3.wav: name 'save_augmented_audio' is not defined
2026-07-24 15:03:20,389 | ERROR | Failed augmenting /content/drive/MyDrive/SATB_Model/Dataset/Processed/Train/Tenor/T08 - reno/R3.wav: name 'save_augmented_audio' is not defined
2026-07-24 15:03:20,419 | ERROR | Failed augmenting /content/drive/MyDrive/SATB_Model/Dataset/Processed/Train/Tenor/T08 - reno/R3.wav: name 'save_augmented_audio' is not defined
2026-07-24 15:03:20,451 | ERROR | Failed augmenting /content/drive/MyDrive/SATB_Model/Dataset/Processed/Train/Tenor/T08 - reno/R3.wav: name 'save_augmented_audio' is not defined
2026-07-24 15:03:20,493 | ERROR | Failed augmenting /content/drive/MyDrive/SATB_Model/Dataset/Processed/Train/Tenor/T08 - reno/R4.wav: name 'save_augmented_audio' is not defined
2026-07-24 15:03:20,535 | ERROR | Failed augmenting /content/drive/MyDrive/SATB_Model/Dataset/Processed/Train/Tenor/T08 - reno/R4.wav: name 'save_augmented_audio' is not defined
2026-07-24 15:03:20,582 | ERROR | Failed augmenting /content/drive/MyDrive/SATB_Model/Dataset/Processed/Train/Tenor/T08 - reno/R5.wav: name 'save_augmented_audio' is not defined
2026-07-24 15:03:20,642 | ERROR | Failed augmenting /content/drive/MyDrive/SATB_Model/Dataset/Processed/Train/Tenor/T08 - reno/R5.wav: name 'save_augmented_audio' is not defined
2026-07-24 15:03:20,708 | ERROR | Failed augmenting /content/drive/MyDrive/SATB_Model/Dataset/Processed/Train/Tenor/T08 - reno/R6.wav: name 'save_augmented_audio' is not defined
2026-07-24 15:03:20,770 | ERROR | Failed augmenting /content/drive/MyDrive/SATB_Model/Dataset/Processed/Train/Tenor/T08 - reno/R6.wav: name 'save_augmented_audio' is not defined
2026-07-24 15:03:20,841 | ERROR | Failed augmenting /content/drive/MyDrive/SATB_Model/Dataset/Processed/Train/Tenor/T08 - reno/R7.wav: name 'save_augmented_audio' is not defined
2026-07-24 15:03:20,912 | ERROR | Failed augmenting /content/drive/MyDrive/SATB_Model/Dataset/Processed/Train/Tenor/T08 - reno/R7.wav: name 'save_augmented_audio' is not defined
2026-07-24 15:03:20,931 | ERROR | Failed augmenting /content/drive/MyDrive/SATB_Model/Dataset/Processed/Train/Tenor/T09 - omk/R1.wav: name 'save_augmented_audio' is not defined
2026-07-24 15:03:20,944 | ERROR | Failed augmenting /content/drive/MyDrive/SATB_Model/Dataset/Processed/Train/Tenor/T09 - omk/R1.wav: name 'save_augmented_audio' is not defined
2026-07-24 15:03:20,958 | ERROR | Failed augmenting /content/drive/MyDrive/SATB_Model/Dataset/Processed/Train/Tenor/T09 - omk/R1.wav: name 'save_augmented_audio' is not defined
2026-07-24 15:03:20,974 | ERROR | Failed augmenting /content/drive/MyDrive/SATB_Model/Dataset/Processed/Train/Tenor/T09 - omk/R1.wav: name 'save_augmented_audio' is not defined
2026-07-24 15:03:20,988 | ERROR | Failed augmenting /content/drive/MyDrive/SATB_Model/Dataset/Processed/Train/Tenor/T09 - omk/R1.wav: name 'save_augmented_audio' is not defined
2026-07-24 15:03:21,006 | ERROR | Failed augmenting /content/drive/MyDrive/SATB_Model/Dataset/Processed/Train/Tenor/T09 - omk/R1.wav: name 'save_augmented_audio' is not defined
2026-07-24 15:03:21,020 | ERROR | Failed augmenting /content/drive/MyDrive/SATB_Model/Dataset/Processed/Train/Tenor/T09 - omk/R1.wav: name 'save_augmented_audio' is not defined
2026-07-24 15:03:21,036 | ERROR | Failed augmenting /content/drive/MyDrive/SATB_Model/Dataset/Processed/Train/Tenor/T09 - omk/R1.wav: name 'save_augmented_audio' is not defined
2026-07-24 15:03:21,050 | ERROR | Failed augmenting /content/drive/MyDrive/SATB_Model/Dataset/Processed/Train/Tenor/T09 - omk/R1.wav: name 'save_augmented_audio' is not defined
2026-07-24 15:03:21,083 | ERROR | Failed augmenting /content/drive/MyDrive/SATB_Model/Dataset/Processed/Train/Tenor/T09 - omk/R2.wav: name 'save_augmented_audio' is not defined
2026-07-24 15:03:21,116 | ERROR | Failed augmenting /content/drive/MyDrive/SATB_Model/Dataset/Processed/Train/Tenor/T09 - omk/R2.wav: name 'save_augmented_audio' is not defined
2026-07-24 15:03:21,153 | ERROR | Failed augmenting /content/drive/MyDrive/SATB_Model/Dataset/Processed/Train/Tenor/T09 - omk/R2.wav: name 'save_augmented_audio' is not defined
2026-07-24 15:03:21,188 | ERROR | Failed augmenting /content/drive/MyDrive/SATB_Model/Dataset/Processed/Train/Tenor/T09 - omk/R2.wav: name 'save_augmented_audio' is not defined
2026-07-24 15:03:21,230 | ERROR | Failed augmenting /content/drive/MyDrive/SATB_Model/Dataset/Processed/Train/Tenor/T09 - omk/R3.wav: name 'save_augmented_audio' is not defined
2026-07-24 15:03:21,270 | ERROR | Failed augmenting /content/drive/MyDrive/SATB_Model/Dataset/Processed/Train/Tenor/T09 - omk/R3.wav: name 'save_augmented_audio' is not defined
2026-07-24 15:03:21,321 | ERROR | Failed augmenting /content/drive/MyDrive/SATB_Model/Dataset/Processed/Train/Tenor/T09 - omk/R4.wav: name 'save_augmented_audio' is not defined
2026-07-24 15:03:21,379 | ERROR | Failed augmenting /content/drive/MyDrive/SATB_Model/Dataset/Processed/Train/Tenor/T09 - omk/R4.wav: name 'save_augmented_audio' is not defined
2026-07-24 15:03:21,452 | ERROR | Failed augmenting /content/drive/MyDrive/SATB_Model/Dataset/Processed/Train/Tenor/T09 - omk/R5.wav: name 'save_augmented_audio' is not defined
2026-07-24 15:03:21,525 | ERROR | Failed augmenting /content/drive/MyDrive/SATB_Model/Dataset/Processed/Train/Tenor/T09 - omk/R5.wav: name 'save_augmented_audio' is not defined
2026-07-24 15:03:21,585 | ERROR | Failed augmenting /content/drive/MyDrive/SATB_Model/Dataset/Processed/Train/Tenor/T09 - omk/R6.wav: name 'save_augmented_audio' is not defined
2026-07-24 15:03:21,647 | ERROR | Failed augmenting /content/drive/MyDrive/SATB_Model/Dataset/Processed/Train/Tenor/T09 - omk/R6.wav: name 'save_augmented_audio' is not defined
2026-07-24 15:03:21,733 | ERROR | Failed augmenting /content/drive/MyDrive/SATB_Model/Dataset/Processed/Train/Tenor/T09 - omk/R7.wav: name 'save_augmented_audio' is not defined
2026-07-24 15:03:21,802 | ERROR | Failed augmenting /content/drive/MyDrive/SATB_Model/Dataset/Processed/Train/Tenor/T09 - omk/R7.wav: name 'save_augmented_audio' is not defined
2026-07-24 15:03:21,871 | ERROR | Failed augmenting /content/drive/MyDrive/SATB_Model/Dataset/Processed/Train/Tenor/T09 - omk/R7.wav: name 'save_augmented_audio' is not defined
2026-07-24 15:03:21,907 | ERROR | Failed augmenting /content/drive/MyDrive/SATB_Model/Dataset/Processed/Train/Tenor/T10 - Syifaiz/R1.wav: name 'save_augmented_audio' is not defined
2026-07-24 15:03:21,946 | ERROR | Failed augmenting /content/drive/MyDrive/SATB_Model/Dataset/Processed/Train/Tenor/T10 - Syifaiz/R1.wav: name 'save_augmented_audio' is not defined
2026-07-24 15:03:21,985 | ERROR | Failed augmenting /content/drive/MyDrive/SATB_Model/Dataset/Processed/Train/Tenor/T10 - Syifaiz/R1.wav: name 'save_augmented_audio' is not defined
2026-07-24 15:03:22,022 | ERROR | Failed augmenting /content/drive/MyDrive/SATB_Model/Dataset/Processed/Train/Tenor/T10 - Syifaiz/R1.wav: name 'save_augmented_audio' is not defined
2026-07-24 15:03:22,057 | ERROR | Failed augmenting /content/drive/MyDrive/SATB_Model/Dataset/Processed/Train/Tenor/T10 - Syifaiz/R1.wav: name 'save_augmented_audio' is not defined
2026-07-24 15:03:22,095 | ERROR | Failed augmenting /content/drive/MyDrive/SATB_Model/Dataset/Processed/Train/Tenor/T10 - Syifaiz/R1.wav: name 'save_augmented_audio' is not defined
2026-07-24 15:03:22,131 | ERROR | Failed augmenting /content/drive/MyDrive/SATB_Model/Dataset/Processed/Train/Tenor/T10 - Syifaiz/R1.wav: name 'save_augmented_audio' is not defined
2026-07-24 15:03:22,164 | ERROR | Failed augmenting /content/drive/MyDrive/SATB_Model/Dataset/Processed/Train/Tenor/T10 - Syifaiz/R1.wav: name 'save_augmented_audio' is not defined
2026-07-24 15:03:22,229 | ERROR | Failed augmenting /content/drive/MyDrive/SATB_Model/Dataset/Processed/Train/Tenor/T10 - Syifaiz/R2.wav: name 'save_augmented_audio' is not defined
2026-07-24 15:03:22,285 | ERROR | Failed augmenting /content/drive/MyDrive/SATB_Model/Dataset/Processed/Train/Tenor/T10 - Syifaiz/R2.wav: name 'save_augmented_audio' is not defined
2026-07-24 15:03:22,332 | ERROR | Failed augmenting /content/drive/MyDrive/SATB_Model/Dataset/Processed/Train/Tenor/T10 - Syifaiz/R3.wav: name 'save_augmented_audio' is not defined
2026-07-24 15:03:22,379 | ERROR | Failed augmenting /content/drive/MyDrive/SATB_Model/Dataset/Processed/Train/Tenor/T10 - Syifaiz/R3.wav: name 'save_augmented_audio' is not defined
2026-07-24 15:03:22,433 | ERROR | Failed augmenting /content/drive/MyDrive/SATB_Model/Dataset/Processed/Train/Tenor/T10 - Syifaiz/R4.wav: name 'save_augmented_audio' is not defined
2026-07-24 15:03:22,464 | ERROR | Failed augmenting /content/drive/MyDrive/SATB_Model/Dataset/Processed/Train/Tenor/T10 - Syifaiz/R4.wav: name 'save_augmented_audio' is not defined
2026-07-24 15:03:22,499 | ERROR | Failed augmenting /content/drive/MyDrive/SATB_Model/Dataset/Processed/Train/Tenor/T10 - Syifaiz/R4.wav: name 'save_augmented_audio' is not defined
2026-07-24 15:03:22,531 | ERROR | Failed augmenting /content/drive/MyDrive/SATB_Model/Dataset/Processed/Train/Tenor/T10 - Syifaiz/R4.wav: name 'save_augmented_audio' is not defined
2026-07-24 15:03:22,595 | ERROR | Failed augmenting /content/drive/MyDrive/SATB_Model/Dataset/Processed/Train/Tenor/T10 - Syifaiz/R5.wav: name 'save_augmented_audio' is not defined
2026-07-24 15:03:22,662 | ERROR | Failed augmenting /content/drive/MyDrive/SATB_Model/Dataset/Processed/Train/Tenor/T10 - Syifaiz/R5.wav: name 'save_augmented_audio' is not defined
2026-07-24 15:03:22,757 | ERROR | Failed augmenting /content/drive/MyDrive/SATB_Model/Dataset/Processed/Train/Tenor/T10 - Syifaiz/R6.wav: name 'save_augmented_audio' is not defined
2026-07-24 15:03:22,837 | ERROR | Failed augmenting /content/drive/MyDrive/SATB_Model/Dataset/Processed/Train/Tenor/T10 - Syifaiz/R6.wav: name 'save_augmented_audio' is not defined
2026-07-24 15:03:22,933 | ERROR | Failed augmenting /content/drive/MyDrive/SATB_Model/Dataset/Processed/Train/Tenor/T10 - Syifaiz/R7.wav: name 'save_augmented_audio' is not defined
2026-07-24 15:03:23,022 | ERROR | Failed augmenting /content/drive/MyDrive/SATB_Model/Dataset/Processed/Train/Tenor/T10 - Syifaiz/R7.wav: name 'save_augmented_audio' is not defined
2026-07-24 15:03:23,061 | ERROR | Failed augmenting /content/drive/MyDrive/SATB_Model/Dataset/Processed/Train/Tenor/T11 - fais/R1.wav: name 'save_augmented_audio' is not defined
2026-07-24 15:03:23,096 | ERROR | Failed augmenting /content/drive/MyDrive/SATB_Model/Dataset/Processed/Train/Tenor/T11 - fais/R1.wav: name 'save_augmented_audio' is not defined
2026-07-24 15:03:23,128 | ERROR | Failed augmenting /content/drive/MyDrive/SATB_Model/Dataset/Processed/Train/Tenor/T11 - fais/R1.wav: name 'save_augmented_audio' is not defined
2026-07-24 15:03:23,162 | ERROR | Failed augmenting /content/drive/MyDrive/SATB_Model/Dataset/Processed/Train/Tenor/T11 - fais/R1.wav: name 'save_augmented_audio' is not defined
2026-07-24 15:03:23,198 | ERROR | Failed augmenting /content/drive/MyDrive/SATB_Model/Dataset/Processed/Train/Tenor/T11 - fais/R1.wav: name 'save_augmented_audio' is not defined
2026-07-24 15:03:23,231 | ERROR | Failed augmenting /content/drive/MyDrive/SATB_Model/Dataset/Processed/Train/Tenor/T11 - fais/R1.wav: name 'save_augmented_audio' is not defined
2026-07-24 15:03:23,264 | ERROR | Failed augmenting /content/drive/MyDrive/SATB_Model/Dataset/Processed/Train/Tenor/T11 - fais/R1.wav: name 'save_augmented_audio' is not defined
2026-07-24 15:03:23,300 | ERROR | Failed augmenting /content/drive/MyDrive/SATB_Model/Dataset/Processed/Train/Tenor/T11 - fais/R1.wav: name 'save_augmented_audio' is not defined
2026-07-24 15:03:23,330 | ERROR | Failed augmenting /content/drive/MyDrive/SATB_Model/Dataset/Processed/Train/Tenor/T11 - fais/R2.wav: name 'save_augmented_audio' is not defined
2026-07-24 15:03:23,360 | ERROR | Failed augmenting /content/drive/MyDrive/SATB_Model/Dataset/Processed/Train/Tenor/T11 - fais/R2.wav: name 'save_augmented_audio' is not defined
2026-07-24 15:03:23,398 | ERROR | Failed augmenting /content/drive/MyDrive/SATB_Model/Dataset/Processed/Train/Tenor/T11 - fais/R2.wav: name 'save_augmented_audio' is not defined
2026-07-24 15:03:23,428 | ERROR | Failed augmenting /content/drive/MyDrive/SATB_Model/Dataset/Processed/Train/Tenor/T11 - fais/R2.wav: name 'save_augmented_audio' is not defined
2026-07-24 15:03:23,478 | ERROR | Failed augmenting /content/drive/MyDrive/SATB_Model/Dataset/Processed/Train/Tenor/T11 - fais/R3.wav: name 'save_augmented_audio' is not defined
2026-07-24 15:03:23,535 | ERROR | Failed augmenting /content/drive/MyDrive/SATB_Model/Dataset/Processed/Train/Tenor/T11 - fais/R3.wav: name 'save_augmented_audio' is not defined
2026-07-24 15:03:23,578 | ERROR | Failed augmenting /content/drive/MyDrive/SATB_Model/Dataset/Processed/Train/Tenor/T11 - fais/R4.wav: name 'save_augmented_audio' is not defined
2026-07-24 15:03:23,623 | ERROR | Failed augmenting /content/drive/MyDrive/SATB_Model/Dataset/Processed/Train/Tenor/T11 - fais/R4.wav: name 'save_augmented_audio' is not defined
2026-07-24 15:03:23,690 | ERROR | Failed augmenting /content/drive/MyDrive/SATB_Model/Dataset/Processed/Train/Tenor/T11 - fais/R5.wav: name 'save_augmented_audio' is not defined
2026-07-24 15:03:23,770 | ERROR | Failed augmenting /content/drive/MyDrive/SATB_Model/Dataset/Processed/Train/Tenor/T11 - fais/R5.wav: name 'save_augmented_audio' is not defined
2026-07-24 15:03:23,848 | ERROR | Failed augmenting /content/drive/MyDrive/SATB_Model/Dataset/Processed/Train/Tenor/T11 - fais/R6.wav: name 'save_augmented_audio' is not defined
2026-07-24 15:03:23,933 | ERROR | Failed augmenting /content/drive/MyDrive/SATB_Model/Dataset/Processed/Train/Tenor/T11 - fais/R6.wav: name 'save_augmented_audio' is not defined
2026-07-24 15:03:24,013 | ERROR | Failed augmenting /content/drive/MyDrive/SATB_Model/Dataset/Processed/Train/Tenor/T11 - fais/R6.wav: name 'save_augmented_audio' is not defined
2026-07-24 15:03:24,073 | ERROR | Failed augmenting /content/drive/MyDrive/SATB_Model/Dataset/Processed/Train/Tenor/T11 - fais/R7.wav: name 'save_augmented_audio' is not defined
2026-07-24 15:03:24,139 | ERROR | Failed augmenting /content/drive/MyDrive/SATB_Model/Dataset/Processed/Train/Tenor/T11 - fais/R7.wav: name 'save_augmented_audio' is not defined
2026-07-24 15:03:24,184 | ERROR | Failed augmenting /content/drive/MyDrive/SATB_Model/Dataset/Processed/Train/Tenor/T12 - Ernest/R1.wav: name 'save_augmented_audio' is not defined
2026-07-24 15:03:24,227 | ERROR | Failed augmenting /content/drive/MyDrive/SATB_Model/Dataset/Processed/Train/Tenor/T12 - Ernest/R1.wav: name 'save_augmented_audio' is not defined
2026-07-24 15:03:24,265 | ERROR | Failed augmenting /content/drive/MyDrive/SATB_Model/Dataset/Processed/Train/Tenor/T12 - Ernest/R1.wav: name 'save_augmented_audio' is not defined
2026-07-24 15:03:24,303 | ERROR | Failed augmenting /content/drive/MyDrive/SATB_Model/Dataset/Processed/Train/Tenor/T12 - Ernest/R1.wav: name 'save_augmented_audio' is not defined
2026-07-24 15:03:24,349 | ERROR | Failed augmenting /content/drive/MyDrive/SATB_Model/Dataset/Processed/Train/Tenor/T12 - Ernest/R1.wav: name 'save_augmented_audio' is not defined
2026-07-24 15:03:24,391 | ERROR | Failed augmenting /content/drive/MyDrive/SATB_Model/Dataset/Processed/Train/Tenor/T12 - Ernest/R1.wav: name 'save_augmented_audio' is not defined
2026-07-24 15:03:24,430 | ERROR | Failed augmenting /content/drive/MyDrive/SATB_Model/Dataset/Processed/Train/Tenor/T12 - Ernest/R1.wav: name 'save_augmented_audio' is not defined
2026-07-24 15:03:24,470 | ERROR | Failed augmenting /content/drive/MyDrive/SATB_Model/Dataset/Processed/Train/Tenor/T12 - Ernest/R1.wav: name 'save_augmented_audio' is not defined
2026-07-24 15:03:24,508 | ERROR | Failed augmenting /content/drive/MyDrive/SATB_Model/Dataset/Processed/Train/Tenor/T12 - Ernest/R1.wav: name 'save_augmented_audio' is not defined
2026-07-24 15:03:24,551 | ERROR | Failed augmenting /content/drive/MyDrive/SATB_Model/Dataset/Processed/Train/Tenor/T12 - Ernest/R2.wav: name 'save_augmented_audio' is not defined
2026-07-24 15:03:24,595 | ERROR | Failed augmenting /content/drive/MyDrive/SATB_Model/Dataset/Processed/Train/Tenor/T12 - Ernest/R2.wav: name 'save_augmented_audio' is not defined
2026-07-24 15:03:24,633 | ERROR | Failed augmenting /content/drive/MyDrive/SATB_Model/Dataset/Processed/Train/Tenor/T12 - Ernest/R2.wav: name 'save_augmented_audio' is not defined
2026-07-24 15:03:24,673 | ERROR | Failed augmenting /content/drive/MyDrive/SATB_Model/Dataset/Processed/Train/Tenor/T12 - Ernest/R2.wav: name 'save_augmented_audio' is not defined
2026-07-24 15:03:24,716 | ERROR | Failed augmenting /content/drive/MyDrive/SATB_Model/Dataset/Processed/Train/Tenor/T12 - Ernest/R2.wav: name 'save_augmented_audio' is not defined
2026-07-24 15:03:24,765 | ERROR | Failed augmenting /content/drive/MyDrive/SATB_Model/Dataset/Processed/Train/Tenor/T12 - Ernest/R3.wav: name 'save_augmented_audio' is not defined
2026-07-24 15:03:24,826 | ERROR | Failed augmenting /content/drive/MyDrive/SATB_Model/Dataset/Processed/Train/Tenor/T12 - Ernest/R3.wav: name 'save_augmented_audio' is not defined
2026-07-24 15:03:24,871 | ERROR | Failed augmenting /content/drive/MyDrive/SATB_Model/Dataset/Processed/Train/Tenor/T12 - Ernest/R3.wav: name 'save_augmented_audio' is not defined
2026-07-24 15:03:24,934 | ERROR | Failed augmenting /content/drive/MyDrive/SATB_Model/Dataset/Processed/Train/Tenor/T12 - Ernest/R4.wav: name 'save_augmented_audio' is not defined
2026-07-24 15:03:25,021 | ERROR | Failed augmenting /content/drive/MyDrive/SATB_Model/Dataset/Processed/Train/Tenor/T12 - Ernest/R4.wav: name 'save_augmented_audio' is not defined
2026-07-24 15:03:25,068 | ERROR | Failed augmenting /content/drive/MyDrive/SATB_Model/Dataset/Processed/Train/Bass/B01 - teguh /R1.wav: name 'save_augmented_audio' is not defined
2026-07-24 15:03:25,111 | ERROR | Failed augmenting /content/drive/MyDrive/SATB_Model/Dataset/Processed/Train/Bass/B01 - teguh /R1.wav: name 'save_augmented_audio' is not defined
2026-07-24 15:03:25,152 | ERROR | Failed augmenting /content/drive/MyDrive/SATB_Model/Dataset/Processed/Train/Bass/B01 - teguh /R1.wav: name 'save_augmented_audio' is not defined
2026-07-24 15:03:25,200 | ERROR | Failed augmenting /content/drive/MyDrive/SATB_Model/Dataset/Processed/Train/Bass/B01 - teguh /R1.wav: name 'save_augmented_audio' is not defined
2026-07-24 15:03:25,250 | ERROR | Failed augmenting /content/drive/MyDrive/SATB_Model/Dataset/Processed/Train/Bass/B01 - teguh /R1.wav: name 'save_augmented_audio' is not defined
2026-07-24 15:03:25,288 | ERROR | Failed augmenting /content/drive/MyDrive/SATB_Model/Dataset/Processed/Train/Bass/B01 - teguh /R1.wav: name 'save_augmented_audio' is not defined
2026-07-24 15:03:25,333 | ERROR | Failed augmenting /content/drive/MyDrive/SATB_Model/Dataset/Processed/Train/Bass/B01 - teguh /R1.wav: name 'save_augmented_audio' is not defined
2026-07-24 15:03:25,373 | ERROR | Failed augmenting /content/drive/MyDrive/SATB_Model/Dataset/Processed/Train/Bass/B01 - teguh /R1.wav: name 'save_augmented_audio' is not defined
2026-07-24 15:03:25,414 | ERROR | Failed augmenting /content/drive/MyDrive/SATB_Model/Dataset/Processed/Train/Bass/B01 - teguh /R2.wav: name 'save_augmented_audio' is not defined
2026-07-24 15:03:25,457 | ERROR | Failed augmenting /content/drive/MyDrive/SATB_Model/Dataset/Processed/Train/Bass/B01 - teguh /R2.wav: name 'save_augmented_audio' is not defined
2026-07-24 15:03:25,500 | ERROR | Failed augmenting /content/drive/MyDrive/SATB_Model/Dataset/Processed/Train/Bass/B01 - teguh /R2.wav: name 'save_augmented_audio' is not defined
2026-07-24 15:03:25,542 | ERROR | Failed augmenting /content/drive/MyDrive/SATB_Model/Dataset/Processed/Train/Bass/B01 - teguh /R2.wav: name 'save_augmented_audio' is not defined
2026-07-24 15:03:25,597 | ERROR | Failed augmenting /content/drive/MyDrive/SATB_Model/Dataset/Processed/Train/Bass/B01 - teguh /R3.wav: name 'save_augmented_audio' is not defined
2026-07-24 15:03:25,647 | ERROR | Failed augmenting /content/drive/MyDrive/SATB_Model/Dataset/Processed/Train/Bass/B01 - teguh /R3.wav: name 'save_augmented_audio' is not defined
2026-07-24 15:03:25,697 | ERROR | Failed augmenting /content/drive/MyDrive/SATB_Model/Dataset/Processed/Train/Bass/B01 - teguh /R4.wav: name 'save_augmented_audio' is not defined
2026-07-24 15:03:25,752 | ERROR | Failed augmenting /content/drive/MyDrive/SATB_Model/Dataset/Processed/Train/Bass/B01 - teguh /R4.wav: name 'save_augmented_audio' is not defined
2026-07-24 15:03:25,851 | ERROR | Failed augmenting /content/drive/MyDrive/SATB_Model/Dataset/Processed/Train/Bass/B01 - teguh /R5.wav: name 'save_augmented_audio' is not defined
2026-07-24 15:03:25,928 | ERROR | Failed augmenting /content/drive/MyDrive/SATB_Model/Dataset/Processed/Train/Bass/B01 - teguh /R5.wav: name 'save_augmented_audio' is not defined
2026-07-24 15:03:26,020 | ERROR | Failed augmenting /content/drive/MyDrive/SATB_Model/Dataset/Processed/Train/Bass/B01 - teguh /R6.wav: name 'save_augmented_audio' is not defined
2026-07-24 15:03:26,110 | ERROR | Failed augmenting /content/drive/MyDrive/SATB_Model/Dataset/Processed/Train/Bass/B01 - teguh /R6.wav: name 'save_augmented_audio' is not defined
2026-07-24 15:03:26,180 | ERROR | Failed augmenting /content/drive/MyDrive/SATB_Model/Dataset/Processed/Train/Bass/B01 - teguh /R7.wav: name 'save_augmented_audio' is not defined
2026-07-24 15:03:26,232 | ERROR | Failed augmenting /content/drive/MyDrive/SATB_Model/Dataset/Processed/Train/Bass/B01 - teguh /R7.wav: name 'save_augmented_audio' is not defined
2026-07-24 15:03:26,287 | ERROR | Failed augmenting /content/drive/MyDrive/SATB_Model/Dataset/Processed/Train/Bass/B01 - teguh /R7.wav: name 'save_augmented_audio' is not defined
2026-07-24 15:03:26,321 | ERROR | Failed augmenting /content/drive/MyDrive/SATB_Model/Dataset/Processed/Train/Bass/B02 - Abri/R1.wav: name 'save_augmented_audio' is not defined
2026-07-24 15:03:26,354 | ERROR | Failed augmenting /content/drive/MyDrive/SATB_Model/Dataset/Processed/Train/Bass/B02 - Abri/R1.wav: name 'save_augmented_audio' is not defined
2026-07-24 15:03:26,389 | ERROR | Failed augmenting /content/drive/MyDrive/SATB_Model/Dataset/Processed/Train/Bass/B02 - Abri/R1.wav: name 'save_augmented_audio' is not defined
2026-07-24 15:03:26,424 | ERROR | Failed augmenting /content/drive/MyDrive/SATB_Model/Dataset/Processed/Train/Bass/B02 - Abri/R1.wav: name 'save_augmented_audio' is not defined
2026-07-24 15:03:26,460 | ERROR | Failed augmenting /content/drive/MyDrive/SATB_Model/Dataset/Processed/Train/Bass/B02 - Abri/R1.wav: name 'save_augmented_audio' is not defined
2026-07-24 15:03:26,495 | ERROR | Failed augmenting /content/drive/MyDrive/SATB_Model/Dataset/Processed/Train/Bass/B02 - Abri/R1.wav: name 'save_augmented_audio' is not defined
2026-07-24 15:03:26,531 | ERROR | Failed augmenting /content/drive/MyDrive/SATB_Model/Dataset/Processed/Train/Bass/B02 - Abri/R1.wav: name 'save_augmented_audio' is not defined
2026-07-24 15:03:26,580 | ERROR | Failed augmenting /content/drive/MyDrive/SATB_Model/Dataset/Processed/Train/Bass/B02 - Abri/R1.wav: name 'save_augmented_audio' is not defined
2026-07-24 15:03:26,617 | ERROR | Failed augmenting /content/drive/MyDrive/SATB_Model/Dataset/Processed/Train/Bass/B02 - Abri/R2.wav: name 'save_augmented_audio' is not defined
2026-07-24 15:03:26,651 | ERROR | Failed augmenting /content/drive/MyDrive/SATB_Model/Dataset/Processed/Train/Bass/B02 - Abri/R2.wav: name 'save_augmented_audio' is not defined
2026-07-24 15:03:26,685 | ERROR | Failed augmenting /content/drive/MyDrive/SATB_Model/Dataset/Processed/Train/Bass/B02 - Abri/R2.wav: name 'save_augmented_audio' is not defined
2026-07-24 15:03:26,722 | ERROR | Failed augmenting /content/drive/MyDrive/SATB_Model/Dataset/Processed/Train/Bass/B02 - Abri/R2.wav: name 'save_augmented_audio' is not defined
2026-07-24 15:03:26,773 | ERROR | Failed augmenting /content/drive/MyDrive/SATB_Model/Dataset/Processed/Train/Bass/B02 - Abri/R3.wav: name 'save_augmented_audio' is not defined
2026-07-24 15:03:26,814 | ERROR | Failed augmenting /content/drive/MyDrive/SATB_Model/Dataset/Processed/Train/Bass/B02 - Abri/R3.wav: name 'save_augmented_audio' is not defined
2026-07-24 15:03:26,893 | ERROR | Failed augmenting /content/drive/MyDrive/SATB_Model/Dataset/Processed/Train/Bass/B02 - Abri/R4.wav: name 'save_augmented_audio' is not defined
2026-07-24 15:03:26,950 | ERROR | Failed augmenting /content/drive/MyDrive/SATB_Model/Dataset/Processed/Train/Bass/B02 - Abri/R4.wav: name 'save_augmented_audio' is not defined
2026-07-24 15:03:27,017 | ERROR | Failed augmenting /content/drive/MyDrive/SATB_Model/Dataset/Processed/Train/Bass/B02 - Abri/R5.wav: name 'save_augmented_audio' is not defined
2026-07-24 15:03:27,091 | ERROR | Failed augmenting /content/drive/MyDrive/SATB_Model/Dataset/Processed/Train/Bass/B02 - Abri/R5.wav: name 'save_augmented_audio' is not defined
2026-07-24 15:03:27,193 | ERROR | Failed augmenting /content/drive/MyDrive/SATB_Model/Dataset/Processed/Train/Bass/B02 - Abri/R6.wav: name 'save_augmented_audio' is not defined
2026-07-24 15:03:27,269 | ERROR | Failed augmenting /content/drive/MyDrive/SATB_Model/Dataset/Processed/Train/Bass/B02 - Abri/R6.wav: name 'save_augmented_audio' is not defined
2026-07-24 15:03:27,356 | ERROR | Failed augmenting /content/drive/MyDrive/SATB_Model/Dataset/Processed/Train/Bass/B02 - Abri/R6.wav: name 'save_augmented_audio' is not defined
2026-07-24 15:03:27,440 | ERROR | Failed augmenting /content/drive/MyDrive/SATB_Model/Dataset/Processed/Train/Bass/B02 - Abri/R6.wav: name 'save_augmented_audio' is not defined
2026-07-24 15:03:27,539 | ERROR | Failed augmenting /content/drive/MyDrive/SATB_Model/Dataset/Processed/Train/Bass/B02 - Abri/R7.wav: name 'save_augmented_audio' is not defined
2026-07-24 15:03:27,628 | ERROR | Failed augmenting /content/drive/MyDrive/SATB_Model/Dataset/Processed/Train/Bass/B02 - Abri/R7.wav: name 'save_augmented_audio' is not defined
2026-07-24 15:03:27,721 | ERROR | Failed augmenting /content/drive/MyDrive/SATB_Model/Dataset/Processed/Train/Bass/B02 - Abri/R7.wav: name 'save_augmented_audio' is not defined
2026-07-24 15:03:27,758 | ERROR | Failed augmenting /content/drive/MyDrive/SATB_Model/Dataset/Processed/Train/Bass/B06 - renoview/R1.wav: name 'save_augmented_audio' is not defined
2026-07-24 15:03:27,798 | ERROR | Failed augmenting /content/drive/MyDrive/SATB_Model/Dataset/Processed/Train/Bass/B06 - renoview/R1.wav: name 'save_augmented_audio' is not defined
2026-07-24 15:03:27,835 | ERROR | Failed augmenting /content/drive/MyDrive/SATB_Model/Dataset/Processed/Train/Bass/B06 - renoview/R1.wav: name 'save_augmented_audio' is not defined
2026-07-24 15:03:27,873 | ERROR | Failed augmenting /content/drive/MyDrive/SATB_Model/Dataset/Processed/Train/Bass/B06 - renoview/R1.wav: name 'save_augmented_audio' is not defined
2026-07-24 15:03:27,932 | ERROR | Failed augmenting /content/drive/MyDrive/SATB_Model/Dataset/Processed/Train/Bass/B06 - renoview/R1.wav: name 'save_augmented_audio' is not defined
2026-07-24 15:03:27,970 | ERROR | Failed augmenting /content/drive/MyDrive/SATB_Model/Dataset/Processed/Train/Bass/B06 - renoview/R1.wav: name 'save_augmented_audio' is not defined
2026-07-24 15:03:28,006 | ERROR | Failed augmenting /content/drive/MyDrive/SATB_Model/Dataset/Processed/Train/Bass/B06 - renoview/R1.wav: name 'save_augmented_audio' is not defined
2026-07-24 15:03:28,043 | ERROR | Failed augmenting /content/drive/MyDrive/SATB_Model/Dataset/Processed/Train/Bass/B06 - renoview/R1.wav: name 'save_augmented_audio' is not defined
2026-07-24 15:03:28,077 | ERROR | Failed augmenting /content/drive/MyDrive/SATB_Model/Dataset/Processed/Train/Bass/B06 - renoview/R1.wav: name 'save_augmented_audio' is not defined
2026-07-24 15:03:28,113 | ERROR | Failed augmenting /content/drive/MyDrive/SATB_Model/Dataset/Processed/Train/Bass/B06 - renoview/R1.wav: name 'save_augmented_audio' is not defined
2026-07-24 15:03:28,141 | ERROR | Failed augmenting /content/drive/MyDrive/SATB_Model/Dataset/Processed/Train/Bass/B06 - renoview/R2.wav: name 'save_augmented_audio' is not defined
2026-07-24 15:03:28,164 | ERROR | Failed augmenting /content/drive/MyDrive/SATB_Model/Dataset/Processed/Train/Bass/B06 - renoview/R2.wav: name 'save_augmented_audio' is not defined
2026-07-24 15:03:28,182 | ERROR | Failed augmenting /content/drive/MyDrive/SATB_Model/Dataset/Processed/Train/Bass/B06 - renoview/R2.wav: name 'save_augmented_audio' is not defined
2026-07-24 15:03:28,199 | ERROR | Failed augmenting /content/drive/MyDrive/SATB_Model/Dataset/Processed/Train/Bass/B06 - renoview/R2.wav: name 'save_augmented_audio' is not defined
2026-07-24 15:03:28,215 | ERROR | Failed augmenting /content/drive/MyDrive/SATB_Model/Dataset/Processed/Train/Bass/B06 - renoview/R2.wav: name 'save_augmented_audio' is not defined
2026-07-24 15:03:28,236 | ERROR | Failed augmenting /content/drive/MyDrive/SATB_Model/Dataset/Processed/Train/Bass/B06 - renoview/R3.wav: name 'save_augmented_audio' is not defined
2026-07-24 15:03:28,256 | ERROR | Failed augmenting /content/drive/MyDrive/SATB_Model/Dataset/Processed/Train/Bass/B06 - renoview/R3.wav: name 'save_augmented_audio' is not defined
2026-07-24 15:03:28,275 | ERROR | Failed augmenting /content/drive/MyDrive/SATB_Model/Dataset/Processed/Train/Bass/B06 - renoview/R3.wav: name 'save_augmented_audio' is not defined
2026-07-24 15:03:28,292 | ERROR | Failed augmenting /content/drive/MyDrive/SATB_Model/Dataset/Processed/Train/Bass/B06 - renoview/R4.wav: name 'save_augmented_audio' is not defined
2026-07-24 15:03:28,307 | ERROR | Failed augmenting /content/drive/MyDrive/SATB_Model/Dataset/Processed/Train/Bass/B06 - renoview/R4.wav: name 'save_augmented_audio' is not defined
2026-07-24 15:03:28,321 | ERROR | Failed augmenting /content/drive/MyDrive/SATB_Model/Dataset/Processed/Train/Bass/B06 - renoview/R4.wav: name 'save_augmented_audio' is not defined
2026-07-24 15:03:28,339 | ERROR | Failed augmenting /content/drive/MyDrive/SATB_Model/Dataset/Processed/Train/Bass/B06 - renoview/R4.wav: name 'save_augmented_audio' is not defined
2026-07-24 15:03:28,354 | ERROR | Failed augmenting /content/drive/MyDrive/SATB_Model/Dataset/Processed/Train/Bass/B06 - renoview/R4.wav: name 'save_augmented_audio' is not defined
2026-07-24 15:03:28,389 | ERROR | Failed augmenting /content/drive/MyDrive/SATB_Model/Dataset/Processed/Train/Bass/B06 - renoview/R5.wav: name 'save_augmented_audio' is not defined
2026-07-24 15:03:28,419 | ERROR | Failed augmenting /content/drive/MyDrive/SATB_Model/Dataset/Processed/Train/Bass/B06 - renoview/R5.wav: name 'save_augmented_audio' is not defined
2026-07-24 15:03:28,452 | ERROR | Failed augmenting /content/drive/MyDrive/SATB_Model/Dataset/Processed/Train/Bass/B06 - renoview/R5.wav: name 'save_augmented_audio' is not defined
2026-07-24 15:03:28,599 | ERROR | Failed augmenting /content/drive/MyDrive/SATB_Model/Dataset/Processed/Train/Bass/B06 - renoview/R6.wav: name 'save_augmented_audio' is not defined
2026-07-24 15:03:28,724 | ERROR | Failed augmenting /content/drive/MyDrive/SATB_Model/Dataset/Processed/Train/Bass/B06 - renoview/R6.wav: name 'save_augmented_audio' is not defined
2026-07-24 15:03:28,846 | ERROR | Failed augmenting /content/drive/MyDrive/SATB_Model/Dataset/Processed/Train/Bass/B06 - renoview/R6.wav: name 'save_augmented_audio' is not defined
2026-07-24 15:03:29,016 | ERROR | Failed augmenting /content/drive/MyDrive/SATB_Model/Dataset/Processed/Train/Bass/B06 - renoview/R7.wav: name 'save_augmented_audio' is not defined
2026-07-24 15:03:29,186 | ERROR | Failed augmenting /content/drive/MyDrive/SATB_Model/Dataset/Processed/Train/Bass/B06 - renoview/R7.wav: name 'save_augmented_audio' is not defined
2026-07-24 15:03:29,350 | ERROR | Failed augmenting /content/drive/MyDrive/SATB_Model/Dataset/Processed/Train/Bass/B06 - renoview/R7.wav: name 'save_augmented_audio' is not defined
2026-07-24 15:03:29,374 | ERROR | Failed augmenting /content/drive/MyDrive/SATB_Model/Dataset/Processed/Train/Bass/B07 - randi/R1.wav: name 'save_augmented_audio' is not defined
2026-07-24 15:03:29,405 | ERROR | Failed augmenting /content/drive/MyDrive/SATB_Model/Dataset/Processed/Train/Bass/B07 - randi/R1.wav: name 'save_augmented_audio' is not defined
2026-07-24 15:03:29,430 | ERROR | Failed augmenting /content/drive/MyDrive/SATB_Model/Dataset/Processed/Train/Bass/B07 - randi/R1.wav: name 'save_augmented_audio' is not defined
2026-07-24 15:03:29,450 | ERROR | Failed augmenting /content/drive/MyDrive/SATB_Model/Dataset/Processed/Train/Bass/B07 - randi/R1.wav: name 'save_augmented_audio' is not defined
2026-07-24 15:03:29,469 | ERROR | Failed augmenting /content/drive/MyDrive/SATB_Model/Dataset/Processed/Train/Bass/B07 - randi/R1.wav: name 'save_augmented_audio' is not defined
2026-07-24 15:03:29,490 | ERROR | Failed augmenting /content/drive/MyDrive/SATB_Model/Dataset/Processed/Train/Bass/B07 - randi/R1.wav: name 'save_augmented_audio' is not defined
2026-07-24 15:03:29,512 | ERROR | Failed augmenting /content/drive/MyDrive/SATB_Model/Dataset/Processed/Train/Bass/B07 - randi/R1.wav: name 'save_augmented_audio' is not defined
2026-07-24 15:03:29,532 | ERROR | Failed augmenting /content/drive/MyDrive/SATB_Model/Dataset/Processed/Train/Bass/B07 - randi/R1.wav: name 'save_augmented_audio' is not defined
2026-07-24 15:03:29,552 | ERROR | Failed augmenting /content/drive/MyDrive/SATB_Model/Dataset/Processed/Train/Bass/B07 - randi/R1.wav: name 'save_augmented_audio' is not defined
2026-07-24 15:03:29,591 | ERROR | Failed augmenting /content/drive/MyDrive/SATB_Model/Dataset/Processed/Train/Bass/B07 - randi/R2.wav: name 'save_augmented_audio' is not defined
2026-07-24 15:03:29,634 | ERROR | Failed augmenting /content/drive/MyDrive/SATB_Model/Dataset/Processed/Train/Bass/B07 - randi/R2.wav: name 'save_augmented_audio' is not defined
2026-07-24 15:03:29,674 | ERROR | Failed augmenting /content/drive/MyDrive/SATB_Model/Dataset/Processed/Train/Bass/B07 - randi/R2.wav: name 'save_augmented_audio' is not defined
2026-07-24 15:03:29,712 | ERROR | Failed augmenting /content/drive/MyDrive/SATB_Model/Dataset/Processed/Train/Bass/B07 - randi/R2.wav: name 'save_augmented_audio' is not defined
2026-07-24 15:03:29,765 | ERROR | Failed augmenting /content/drive/MyDrive/SATB_Model/Dataset/Processed/Train/Bass/B07 - randi/R3.wav: name 'save_augmented_audio' is not defined
2026-07-24 15:03:29,820 | ERROR | Failed augmenting /content/drive/MyDrive/SATB_Model/Dataset/Processed/Train/Bass/B07 - randi/R3.wav: name 'save_augmented_audio' is not defined
2026-07-24 15:03:29,891 | ERROR | Failed augmenting /content/drive/MyDrive/SATB_Model/Dataset/Processed/Train/Bass/B07 - randi/R4.wav: name 'save_augmented_audio' is not defined
2026-07-24 15:03:29,963 | ERROR | Failed augmenting /content/drive/MyDrive/SATB_Model/Dataset/Processed/Train/Bass/B07 - randi/R4.wav: name 'save_augmented_audio' is not defined
2026-07-24 15:03:30,054 | ERROR | Failed augmenting /content/drive/MyDrive/SATB_Model/Dataset/Processed/Train/Bass/B07 - randi/R5.wav: name 'save_augmented_audio' is not defined
2026-07-24 15:03:30,136 | ERROR | Failed augmenting /content/drive/MyDrive/SATB_Model/Dataset/Processed/Train/Bass/B07 - randi/R5.wav: name 'save_augmented_audio' is not defined
2026-07-24 15:03:30,235 | ERROR | Failed augmenting /content/drive/MyDrive/SATB_Model/Dataset/Processed/Train/Bass/B07 - randi/R6.wav: name 'save_augmented_audio' is not defined
2026-07-24 15:03:30,338 | ERROR | Failed augmenting /content/drive/MyDrive/SATB_Model/Dataset/Processed/Train/Bass/B07 - randi/R6.wav: name 'save_augmented_audio' is not defined
2026-07-24 15:03:30,477 | ERROR | Failed augmenting /content/drive/MyDrive/SATB_Model/Dataset/Processed/Train/Bass/B07 - randi/R7.wav: name 'save_augmented_audio' is not defined
2026-07-24 15:03:30,609 | ERROR | Failed augmenting /content/drive/MyDrive/SATB_Model/Dataset/Processed/Train/Bass/B07 - randi/R7.wav: name 'save_augmented_audio' is not defined
2026-07-24 15:03:30,731 | ERROR | Failed augmenting /content/drive/MyDrive/SATB_Model/Dataset/Processed/Train/Bass/B07 - randi/R7.wav: name 'save_augmented_audio' is not defined
2026-07-24 15:03:30,776 | ERROR | Failed augmenting /content/drive/MyDrive/SATB_Model/Dataset/Processed/Train/Bass/B08 - omk /R1.wav: name 'save_augmented_audio' is not defined
2026-07-24 15:03:30,822 | ERROR | Failed augmenting /content/drive/MyDrive/SATB_Model/Dataset/Processed/Train/Bass/B08 - omk /R1.wav: name 'save_augmented_audio' is not defined
2026-07-24 15:03:30,861 | ERROR | Failed augmenting /content/drive/MyDrive/SATB_Model/Dataset/Processed/Train/Bass/B08 - omk /R1.wav: name 'save_augmented_audio' is not defined
2026-07-24 15:03:30,901 | ERROR | Failed augmenting /content/drive/MyDrive/SATB_Model/Dataset/Processed/Train/Bass/B08 - omk /R1.wav: name 'save_augmented_audio' is not defined
2026-07-24 15:03:30,947 | ERROR | Failed augmenting /content/drive/MyDrive/SATB_Model/Dataset/Processed/Train/Bass/B08 - omk /R1.wav: name 'save_augmented_audio' is not defined
2026-07-24 15:03:30,993 | ERROR | Failed augmenting /content/drive/MyDrive/SATB_Model/Dataset/Processed/Train/Bass/B08 - omk /R2.wav: name 'save_augmented_audio' is not defined
2026-07-24 15:03:31,042 | ERROR | Failed augmenting /content/drive/MyDrive/SATB_Model/Dataset/Processed/Train/Bass/B08 - omk /R2.wav: name 'save_augmented_audio' is not defined
2026-07-24 15:03:31,093 | ERROR | Failed augmenting /content/drive/MyDrive/SATB_Model/Dataset/Processed/Train/Bass/B08 - omk /R2.wav: name 'save_augmented_audio' is not defined
2026-07-24 15:03:31,142 | ERROR | Failed augmenting /content/drive/MyDrive/SATB_Model/Dataset/Processed/Train/Bass/B08 - omk /R2.wav: name 'save_augmented_audio' is not defined
2026-07-24 15:03:31,197 | ERROR | Failed augmenting /content/drive/MyDrive/SATB_Model/Dataset/Processed/Train/Bass/B08 - omk /R2.wav: name 'save_augmented_audio' is not defined
2026-07-24 15:03:31,255 | ERROR | Failed augmenting /content/drive/MyDrive/SATB_Model/Dataset/Processed/Train/Bass/B08 - omk /R2.wav: name 'save_augmented_audio' is not defined
2026-07-24 15:03:31,311 | ERROR | Failed augmenting /content/drive/MyDrive/SATB_Model/Dataset/Processed/Train/Bass/B08 - omk /R2.wav: name 'save_augmented_audio' is not defined
2026-07-24 15:03:31,359 | ERROR | Failed augmenting /content/drive/MyDrive/SATB_Model/Dataset/Processed/Train/Bass/B08 - omk /R2.wav: name 'save_augmented_audio' is not defined
2026-07-24 15:03:31,418 | ERROR | Failed augmenting /content/drive/MyDrive/SATB_Model/Dataset/Processed/Train/Bass/B08 - omk /R3.wav: name 'save_augmented_audio' is not defined
2026-07-24 15:03:31,475 | ERROR | Failed augmenting /content/drive/MyDrive/SATB_Model/Dataset/Processed/Train/Bass/B08 - omk /R3.wav: name 'save_augmented_audio' is not defined
2026-07-24 15:03:31,534 | ERROR | Failed augmenting /content/drive/MyDrive/SATB_Model/Dataset/Processed/Train/Bass/B08 - omk /R3.wav: name 'save_augmented_audio' is not defined
2026-07-24 15:03:31,605 | ERROR | Failed augmenting /content/drive/MyDrive/SATB_Model/Dataset/Processed/Train/Bass/B08 - omk /R4.wav: name 'save_augmented_audio' is not defined
2026-07-24 15:03:31,678 | ERROR | Failed augmenting /content/drive/MyDrive/SATB_Model/Dataset/Processed/Train/Bass/B08 - omk /R4.wav: name 'save_augmented_audio' is not defined
2026-07-24 15:03:31,756 | ERROR | Failed augmenting /content/drive/MyDrive/SATB_Model/Dataset/Processed/Train/Bass/B08 - omk /R5.wav: name 'save_augmented_audio' is not defined
2026-07-24 15:03:31,839 | ERROR | Failed augmenting /content/drive/MyDrive/SATB_Model/Dataset/Processed/Train/Bass/B08 - omk /R5.wav: name 'save_augmented_audio' is not defined
2026-07-24 15:03:31,948 | ERROR | Failed augmenting /content/drive/MyDrive/SATB_Model/Dataset/Processed/Train/Bass/B08 - omk /R6.wav: name 'save_augmented_audio' is not defined
2026-07-24 15:03:32,055 | ERROR | Failed augmenting /content/drive/MyDrive/SATB_Model/Dataset/Processed/Train/Bass/B08 - omk /R6.wav: name 'save_augmented_audio' is not defined
2026-07-24 15:03:32,184 | ERROR | Failed augmenting /content/drive/MyDrive/SATB_Model/Dataset/Processed/Train/Bass/B08 - omk /R6.wav: name 'save_augmented_audio' is not defined
2026-07-24 15:03:32,359 | ERROR | Failed augmenting /content/drive/MyDrive/SATB_Model/Dataset/Processed/Train/Bass/B08 - omk /R7.wav: name 'save_augmented_audio' is not defined
2026-07-24 15:03:32,505 | ERROR | Failed augmenting /content/drive/MyDrive/SATB_Model/Dataset/Processed/Train/Bass/B08 - omk /R7.wav: name 'save_augmented_audio' is not defined
2026-07-24 15:03:32,530 | ERROR | Failed augmenting /content/drive/MyDrive/SATB_Model/Dataset/Processed/Train/Bass/B09 - Ofel/R1.wav: name 'save_augmented_audio' is not defined
2026-07-24 15:03:32,548 | ERROR | Failed augmenting /content/drive/MyDrive/SATB_Model/Dataset/Processed/Train/Bass/B09 - Ofel/R1.wav: name 'save_augmented_audio' is not defined
2026-07-24 15:03:32,568 | ERROR | Failed augmenting /content/drive/MyDrive/SATB_Model/Dataset/Processed/Train/Bass/B09 - Ofel/R1.wav: name 'save_augmented_audio' is not defined
2026-07-24 15:03:32,586 | ERROR | Failed augmenting /content/drive/MyDrive/SATB_Model/Dataset/Processed/Train/Bass/B09 - Ofel/R1.wav: name 'save_augmented_audio' is not defined
2026-07-24 15:03:32,603 | ERROR | Failed augmenting /content/drive/MyDrive/SATB_Model/Dataset/Processed/Train/Bass/B09 - Ofel/R1.wav: name 'save_augmented_audio' is not defined
2026-07-24 15:03:32,624 | ERROR | Failed augmenting /content/drive/MyDrive/SATB_Model/Dataset/Processed/Train/Bass/B09 - Ofel/R1.wav: name 'save_augmented_audio' is not defined
2026-07-24 15:03:32,651 | ERROR | Failed augmenting /content/drive/MyDrive/SATB_Model/Dataset/Processed/Train/Bass/B09 - Ofel/R1.wav: name 'save_augmented_audio' is not defined
2026-07-24 15:03:32,674 | ERROR | Failed augmenting /content/drive/MyDrive/SATB_Model/Dataset/Processed/Train/Bass/B09 - Ofel/R1.wav: name 'save_augmented_audio' is not defined
2026-07-24 15:03:32,697 | ERROR | Failed augmenting /content/drive/MyDrive/SATB_Model/Dataset/Processed/Train/Bass/B09 - Ofel/R1.wav: name 'save_augmented_audio' is not defined
2026-07-24 15:03:32,748 | ERROR | Failed augmenting /content/drive/MyDrive/SATB_Model/Dataset/Processed/Train/Bass/B09 - Ofel/R2.wav: name 'save_augmented_audio' is not defined
2026-07-24 15:03:32,805 | ERROR | Failed augmenting /content/drive/MyDrive/SATB_Model/Dataset/Processed/Train/Bass/B09 - Ofel/R2.wav: name 'save_augmented_audio' is not defined
2026-07-24 15:03:32,861 | ERROR | Failed augmenting /content/drive/MyDrive/SATB_Model/Dataset/Processed/Train/Bass/B09 - Ofel/R2.wav: name 'save_augmented_audio' is not defined
2026-07-24 15:03:32,910 | ERROR | Failed augmenting /content/drive/MyDrive/SATB_Model/Dataset/Processed/Train/Bass/B09 - Ofel/R2.wav: name 'save_augmented_audio' is not defined
2026-07-24 15:03:32,987 | ERROR | Failed augmenting /content/drive/MyDrive/SATB_Model/Dataset/Processed/Train/Bass/B09 - Ofel/R3.wav: name 'save_augmented_audio' is not defined
2026-07-24 15:03:33,056 | ERROR | Failed augmenting /content/drive/MyDrive/SATB_Model/Dataset/Processed/Train/Bass/B09 - Ofel/R3.wav: name 'save_augmented_audio' is not defined
2026-07-24 15:03:33,164 | ERROR | Failed augmenting /content/drive/MyDrive/SATB_Model/Dataset/Processed/Train/Bass/B09 - Ofel/R4.wav: name 'save_augmented_audio' is not defined
2026-07-24 15:03:33,272 | ERROR | Failed augmenting /content/drive/MyDrive/SATB_Model/Dataset/Processed/Train/Bass/B09 - Ofel/R4.wav: name 'save_augmented_audio' is not defined
2026-07-24 15:03:33,360 | ERROR | Failed augmenting /content/drive/MyDrive/SATB_Model/Dataset/Processed/Train/Bass/B09 - Ofel/R5.wav: name 'save_augmented_audio' is not defined
2026-07-24 15:03:33,428 | ERROR | Failed augmenting /content/drive/MyDrive/SATB_Model/Dataset/Processed/Train/Bass/B09 - Ofel/R5.wav: name 'save_augmented_audio' is not defined
2026-07-24 15:03:33,498 | ERROR | Failed augmenting /content/drive/MyDrive/SATB_Model/Dataset/Processed/Train/Bass/B09 - Ofel/R6.wav: name 'save_augmented_audio' is not defined
2026-07-24 15:03:33,576 | ERROR | Failed augmenting /content/drive/MyDrive/SATB_Model/Dataset/Processed/Train/Bass/B09 - Ofel/R6.wav: name 'save_augmented_audio' is not defined
2026-07-24 15:03:33,662 | ERROR | Failed augmenting /content/drive/MyDrive/SATB_Model/Dataset/Processed/Train/Bass/B09 - Ofel/R7.wav: name 'save_augmented_audio' is not defined
2026-07-24 15:03:33,758 | ERROR | Failed augmenting /content/drive/MyDrive/SATB_Model/Dataset/Processed/Train/Bass/B09 - Ofel/R7.wav: name 'save_augmented_audio' is not defined
2026-07-24 15:03:33,787 | ERROR | Failed augmenting /content/drive/MyDrive/SATB_Model/Dataset/Processed/Train/Bass/B10 - Tio/R1.wav: name 'save_augmented_audio' is not defined
2026-07-24 15:03:33,818 | ERROR | Failed augmenting /content/drive/MyDrive/SATB_Model/Dataset/Processed/Train/Bass/B10 - Tio/R1.wav: name 'save_augmented_audio' is not defined
2026-07-24 15:03:33,844 | ERROR | Failed augmenting /content/drive/MyDrive/SATB_Model/Dataset/Processed/Train/Bass/B10 - Tio/R1.wav: name 'save_augmented_audio' is not defined
2026-07-24 15:03:33,871 | ERROR | Failed augmenting /content/drive/MyDrive/SATB_Model/Dataset/Processed/Train/Bass/B10 - Tio/R1.wav: name 'save_augmented_audio' is not defined
2026-07-24 15:03:33,897 | ERROR | Failed augmenting /content/drive/MyDrive/SATB_Model/Dataset/Processed/Train/Bass/B10 - Tio/R1.wav: name 'save_augmented_audio' is not defined
2026-07-24 15:03:33,929 | ERROR | Failed augmenting /content/drive/MyDrive/SATB_Model/Dataset/Processed/Train/Bass/B10 - Tio/R1.wav: name 'save_augmented_audio' is not defined
2026-07-24 15:03:33,960 | ERROR | Failed augmenting /content/drive/MyDrive/SATB_Model/Dataset/Processed/Train/Bass/B10 - Tio/R1.wav: name 'save_augmented_audio' is not defined
2026-07-24 15:03:33,988 | ERROR | Failed augmenting /content/drive/MyDrive/SATB_Model/Dataset/Processed/Train/Bass/B10 - Tio/R1.wav: name 'save_augmented_audio' is not defined
2026-07-24 15:03:34,023 | ERROR | Failed augmenting /content/drive/MyDrive/SATB_Model/Dataset/Processed/Train/Bass/B10 - Tio/R2.wav: name 'save_augmented_audio' is not defined
2026-07-24 15:03:34,063 | ERROR | Failed augmenting /content/drive/MyDrive/SATB_Model/Dataset/Processed/Train/Bass/B10 - Tio/R2.wav: name 'save_augmented_audio' is not defined
2026-07-24 15:03:34,094 | ERROR | Failed augmenting /content/drive/MyDrive/SATB_Model/Dataset/Processed/Train/Bass/B10 - Tio/R2.wav: name 'save_augmented_audio' is not defined
2026-07-24 15:03:34,128 | ERROR | Failed augmenting /content/drive/MyDrive/SATB_Model/Dataset/Processed/Train/Bass/B10 - Tio/R2.wav: name 'save_augmented_audio' is not defined
2026-07-24 15:03:34,175 | ERROR | Failed augmenting /content/drive/MyDrive/SATB_Model/Dataset/Processed/Train/Bass/B10 - Tio/R3.wav: name 'save_augmented_audio' is not defined
2026-07-24 15:03:34,220 | ERROR | Failed augmenting /content/drive/MyDrive/SATB_Model/Dataset/Processed/Train/Bass/B10 - Tio/R3.wav: name 'save_augmented_audio' is not defined
2026-07-24 15:03:34,283 | ERROR | Failed augmenting /content/drive/MyDrive/SATB_Model/Dataset/Processed/Train/Bass/B10 - Tio/R4.wav: name 'save_augmented_audio' is not defined
2026-07-24 15:03:34,366 | ERROR | Failed augmenting /content/drive/MyDrive/SATB_Model/Dataset/Processed/Train/Bass/B10 - Tio/R4.wav: name 'save_augmented_audio' is not defined
2026-07-24 15:03:34,464 | ERROR | Failed augmenting /content/drive/MyDrive/SATB_Model/Dataset/Processed/Train/Bass/B10 - Tio/R5.wav: name 'save_augmented_audio' is not defined
2026-07-24 15:03:34,537 | ERROR | Failed augmenting /content/drive/MyDrive/SATB_Model/Dataset/Processed/Train/Bass/B10 - Tio/R5.wav: name 'save_augmented_audio' is not defined
2026-07-24 15:03:34,554 | ERROR | Failed augmenting /content/drive/MyDrive/SATB_Model/Dataset/Processed/Train/Bass/B10 - Tio/R6.wav: name 'save_augmented_audio' is not defined
2026-07-24 15:03:34,566 | ERROR | Failed augmenting /content/drive/MyDrive/SATB_Model/Dataset/Processed/Train/Bass/B10 - Tio/R6.wav: name 'save_augmented_audio' is not defined
2026-07-24 15:03:34,577 | ERROR | Failed augmenting /content/drive/MyDrive/SATB_Model/Dataset/Processed/Train/Bass/B10 - Tio/R6.wav: name 'save_augmented_audio' is not defined
2026-07-24 15:03:34,662 | ERROR | Failed augmenting /content/drive/MyDrive/SATB_Model/Dataset/Processed/Train/Bass/B10 - Tio/R7.wav: name 'save_augmented_audio' is not defined
2026-07-24 15:03:34,756 | ERROR | Failed augmenting /content/drive/MyDrive/SATB_Model/Dataset/Processed/Train/Bass/B10 - Tio/R7.wav: name 'save_augmented_audio' is not defined
2026-07-24 15:03:34,789 | ERROR | Failed augmenting /content/drive/MyDrive/SATB_Model/Dataset/Processed/Train/Bass/B11 - Ebi/R1.wav: name 'save_augmented_audio' is not defined
2026-07-24 15:03:34,827 | ERROR | Failed augmenting /content/drive/MyDrive/SATB_Model/Dataset/Processed/Train/Bass/B11 - Ebi/R1.wav: name 'save_augmented_audio' is not defined
2026-07-24 15:03:34,865 | ERROR | Failed augmenting /content/drive/MyDrive/SATB_Model/Dataset/Processed/Train/Bass/B11 - Ebi/R1.wav: name 'save_augmented_audio' is not defined
2026-07-24 15:03:34,897 | ERROR | Failed augmenting /content/drive/MyDrive/SATB_Model/Dataset/Processed/Train/Bass/B11 - Ebi/R1.wav: name 'save_augmented_audio' is not defined
2026-07-24 15:03:34,931 | ERROR | Failed augmenting /content/drive/MyDrive/SATB_Model/Dataset/Processed/Train/Bass/B11 - Ebi/R1.wav: name 'save_augmented_audio' is not defined
2026-07-24 15:03:34,967 | ERROR | Failed augmenting /content/drive/MyDrive/SATB_Model/Dataset/Processed/Train/Bass/B11 - Ebi/R1.wav: name 'save_augmented_audio' is not defined
2026-07-24 15:03:35,003 | ERROR | Failed augmenting /content/drive/MyDrive/SATB_Model/Dataset/Processed/Train/Bass/B11 - Ebi/R1.wav: name 'save_augmented_audio' is not defined
2026-07-24 15:03:35,038 | ERROR | Failed augmenting /content/drive/MyDrive/SATB_Model/Dataset/Processed/Train/Bass/B11 - Ebi/R2.wav: name 'save_augmented_audio' is not defined
2026-07-24 15:03:35,081 | ERROR | Failed augmenting /content/drive/MyDrive/SATB_Model/Dataset/Processed/Train/Bass/B11 - Ebi/R2.wav: name 'save_augmented_audio' is not defined
2026-07-24 15:03:35,118 | ERROR | Failed augmenting /content/drive/MyDrive/SATB_Model/Dataset/Processed/Train/Bass/B11 - Ebi/R2.wav: name 'save_augmented_audio' is not defined
2026-07-24 15:03:35,153 | ERROR | Failed augmenting /content/drive/MyDrive/SATB_Model/Dataset/Processed/Train/Bass/B11 - Ebi/R2.wav: name 'save_augmented_audio' is not defined
2026-07-24 15:03:35,203 | ERROR | Failed augmenting /content/drive/MyDrive/SATB_Model/Dataset/Processed/Train/Bass/B11 - Ebi/R3.wav: name 'save_augmented_audio' is not defined
2026-07-24 15:03:35,253 | ERROR | Failed augmenting /content/drive/MyDrive/SATB_Model/Dataset/Processed/Train/Bass/B11 - Ebi/R3.wav: name 'save_augmented_audio' is not defined
2026-07-24 15:03:35,329 | ERROR | Failed augmenting /content/drive/MyDrive/SATB_Model/Dataset/Processed/Train/Bass/B11 - Ebi/R4.wav: name 'save_augmented_audio' is not defined
2026-07-24 15:03:35,420 | ERROR | Failed augmenting /content/drive/MyDrive/SATB_Model/Dataset/Processed/Train/Bass/B11 - Ebi/R4.wav: name 'save_augmented_audio' is not defined
2026-07-24 15:03:35,484 | ERROR | Failed augmenting /content/drive/MyDrive/SATB_Model/Dataset/Processed/Train/Bass/B11 - Ebi/R5.wav: name 'save_augmented_audio' is not defined
2026-07-24 15:03:35,546 | ERROR | Failed augmenting /content/drive/MyDrive/SATB_Model/Dataset/Processed/Train/Bass/B11 - Ebi/R5.wav: name 'save_augmented_audio' is not defined
2026-07-24 15:03:35,608 | ERROR | Failed augmenting /content/drive/MyDrive/SATB_Model/Dataset/Processed/Train/Bass/B11 - Ebi/R5.wav: name 'save_augmented_audio' is not defined
2026-07-24 15:03:35,625 | ERROR | Failed augmenting /content/drive/MyDrive/SATB_Model/Dataset/Processed/Train/Bass/B11 - Ebi/R6.wav: name 'save_augmented_audio' is not defined
2026-07-24 15:03:35,639 | ERROR | Failed augmenting /content/drive/MyDrive/SATB_Model/Dataset/Processed/Train/Bass/B11 - Ebi/R6.wav: name 'save_augmented_audio' is not defined
2026-07-24 15:03:35,652 | ERROR | Failed augmenting /content/drive/MyDrive/SATB_Model/Dataset/Processed/Train/Bass/B11 - Ebi/R6.wav: name 'save_augmented_audio' is not defined
2026-07-24 15:03:35,671 | ERROR | Failed augmenting /content/drive/MyDrive/SATB_Model/Dataset/Processed/Train/Bass/B11 - Ebi/R7.wav: name 'save_augmented_audio' is not defined
2026-07-24 15:03:35,696 | ERROR | Failed augmenting /content/drive/MyDrive/SATB_Model/Dataset/Processed/Train/Bass/B11 - Ebi/R7.wav: name 'save_augmented_audio' is not defined
2026-07-24 15:03:35,710 | ERROR | Failed augmenting /content/drive/MyDrive/SATB_Model/Dataset/Processed/Train/Bass/B11 - Ebi/R7.wav: name 'save_augmented_audio' is not defined
2026-07-24 15:03:35,739 | ERROR | Failed augmenting /content/drive/MyDrive/SATB_Model/Dataset/Processed/Train/Bass/B16 - Emha/R1.wav: name 'save_augmented_audio' is not defined
2026-07-24 15:03:35,769 | ERROR | Failed augmenting /content/drive/MyDrive/SATB_Model/Dataset/Processed/Train/Bass/B16 - Emha/R1.wav: name 'save_augmented_audio' is not defined
2026-07-24 15:03:35,801 | ERROR | Failed augmenting /content/drive/MyDrive/SATB_Model/Dataset/Processed/Train/Bass/B16 - Emha/R1.wav: name 'save_augmented_audio' is not defined
2026-07-24 15:03:35,833 | ERROR | Failed augmenting /content/drive/MyDrive/SATB_Model/Dataset/Processed/Train/Bass/B16 - Emha/R1.wav: name 'save_augmented_audio' is not defined
2026-07-24 15:03:35,862 | ERROR | Failed augmenting /content/drive/MyDrive/SATB_Model/Dataset/Processed/Train/Bass/B16 - Emha/R1.wav: name 'save_augmented_audio' is not defined
2026-07-24 15:03:35,895 | ERROR | Failed augmenting /content/drive/MyDrive/SATB_Model/Dataset/Processed/Train/Bass/B16 - Emha/R1.wav: name 'save_augmented_audio' is not defined
2026-07-24 15:03:35,931 | ERROR | Failed augmenting /content/drive/MyDrive/SATB_Model/Dataset/Processed/Train/Bass/B16 - Emha/R1.wav: name 'save_augmented_audio' is not defined
2026-07-24 15:03:35,962 | ERROR | Failed augmenting /content/drive/MyDrive/SATB_Model/Dataset/Processed/Train/Bass/B16 - Emha/R1.wav: name 'save_augmented_audio' is not defined
2026-07-24 15:03:35,997 | ERROR | Failed augmenting /content/drive/MyDrive/SATB_Model/Dataset/Processed/Train/Bass/B16 - Emha/R2.wav: name 'save_augmented_audio' is not defined
2026-07-24 15:03:36,033 | ERROR | Failed augmenting /content/drive/MyDrive/SATB_Model/Dataset/Processed/Train/Bass/B16 - Emha/R2.wav: name 'save_augmented_audio' is not defined
2026-07-24 15:03:36,070 | ERROR | Failed augmenting /content/drive/MyDrive/SATB_Model/Dataset/Processed/Train/Bass/B16 - Emha/R2.wav: name 'save_augmented_audio' is not defined
2026-07-24 15:03:36,106 | ERROR | Failed augmenting /content/drive/MyDrive/SATB_Model/Dataset/Processed/Train/Bass/B16 - Emha/R2.wav: name 'save_augmented_audio' is not defined
2026-07-24 15:03:36,148 | ERROR | Failed augmenting /content/drive/MyDrive/SATB_Model/Dataset/Processed/Train/Bass/B16 - Emha/R3.wav: name 'save_augmented_audio' is not defined
2026-07-24 15:03:36,193 | ERROR | Failed augmenting /content/drive/MyDrive/SATB_Model/Dataset/Processed/Train/Bass/B16 - Emha/R3.wav: name 'save_augmented_audio' is not defined
2026-07-24 15:03:36,264 | ERROR | Failed augmenting /content/drive/MyDrive/SATB_Model/Dataset/Processed/Train/Bass/B16 - Emha/R4.wav: name 'save_augmented_audio' is not defined
2026-07-24 15:03:36,336 | ERROR | Failed augmenting /content/drive/MyDrive/SATB_Model/Dataset/Processed/Train/Bass/B16 - Emha/R4.wav: name 'save_augmented_audio' is not defined
2026-07-24 15:03:36,425 | ERROR | Failed augmenting /content/drive/MyDrive/SATB_Model/Dataset/Processed/Train/Bass/B16 - Emha/R5.wav: name 'save_augmented_audio' is not defined
2026-07-24 15:03:36,536 | ERROR | Failed augmenting /content/drive/MyDrive/SATB_Model/Dataset/Processed/Train/Bass/B16 - Emha/R5.wav: name 'save_augmented_audio' is not defined
2026-07-24 15:03:36,623 | ERROR | Failed augmenting /content/drive/MyDrive/SATB_Model/Dataset/Processed/Train/Bass/B16 - Emha/R5.wav: name 'save_augmented_audio' is not defined
2026-07-24 15:03:36,710 | ERROR | Failed augmenting /content/drive/MyDrive/SATB_Model/Dataset/Processed/Train/Bass/B16 - Emha/R6.wav: name 'save_augmented_audio' is not defined
2026-07-24 15:03:36,802 | ERROR | Failed augmenting /content/drive/MyDrive/SATB_Model/Dataset/Processed/Train/Bass/B16 - Emha/R6.wav: name 'save_augmented_audio' is not defined
2026-07-24 15:03:36,833 | ERROR | Failed augmenting /content/drive/MyDrive/SATB_Model/Dataset/Processed/Train/Bass/B16 - Emha/R7.wav: name 'save_augmented_audio' is not defined
2026-07-24 15:03:36,870 | ERROR | Failed augmenting /content/drive/MyDrive/SATB_Model/Dataset/Processed/Train/Bass/B16 - Emha/R7.wav: name 'save_augmented_audio' is not defined
2026-07-24 15:03:36,900 | ERROR | Failed augmenting /content/drive/MyDrive/SATB_Model/Dataset/Processed/Train/Bass/B16 - Emha/R7.wav: name 'save_augmented_audio' is not defined
2026-07-24 15:03:36,926 | INFO | Augmentation metadata saved: /content/drive/MyDrive/SATB_Model/Dataset/Metadata/metadata_augmentation.csv
2026-07-24 15:08:01,070 | INFO | Augmentation metadata saved: /content/drive/MyDrive/SATB_Model/Dataset/Metadata/metadata_augmentation.csv
2026-07-24 15:17:31,132 | INFO | Pipeline initialized.
2026-07-24 15:17:31,784 | INFO | Base directory: /content/drive/MyDrive/SATB_Model
2026-07-24 15:19:44,897 | WARNING | Missing R7 in /content/drive/MyDrive/SATB_Model/Dataset/Raw/Internal/Soprano/S14 - naya
2026-07-24 15:21:31,181 | WARNING | Missing R5 in /content/drive/MyDrive/SATB_Model/Dataset/Raw/Internal/Alto/A13 - kk tania
2026-07-24 15:21:31,182 | WARNING | Missing R6 in /content/drive/MyDrive/SATB_Model/Dataset/Raw/Internal/Alto/A13 - kk tania
2026-07-24 15:21:31,185 | WARNING | Missing R7 in /content/drive/MyDrive/SATB_Model/Dataset/Raw/Internal/Alto/A13 - kk tania
2026-07-24 15:21:44,072 | WARNING | Missing R6 in /content/drive/MyDrive/SATB_Model/Dataset/Raw/Internal/Alto/A15 - suri
2026-07-24 15:21:44,074 | WARNING | Missing R7 in /content/drive/MyDrive/SATB_Model/Dataset/Raw/Internal/Alto/A15 - suri
2026-07-24 15:23:19,597 | WARNING | Missing R5 in /content/drive/MyDrive/SATB_Model/Dataset/Raw/Internal/Tenor/T12 - Ernest
2026-07-24 15:23:19,599 | WARNING | Missing R6 in /content/drive/MyDrive/SATB_Model/Dataset/Raw/Internal/Tenor/T12 - Ernest
2026-07-24 15:23:19,601 | WARNING | Missing R7 in /content/drive/MyDrive/SATB_Model/Dataset/Raw/Internal/Tenor/T12 - Ernest
2026-07-24 15:23:22,728 | WARNING | Missing R6 in /content/drive/MyDrive/SATB_Model/Dataset/Raw/Internal/Tenor/T13 - Ilham
2026-07-24 15:23:22,731 | WARNING | Missing R7 in /content/drive/MyDrive/SATB_Model/Dataset/Raw/Internal/Tenor/T13 - Ilham
2026-07-24 15:23:26,663 | WARNING | Missing R7 in /content/drive/MyDrive/SATB_Model/Dataset/Raw/Internal/Tenor/T15 - Agung
2026-07-24 15:25:57,858 | WARNING | Missing R1 in /content/drive/MyDrive/SATB_Model/Dataset/Raw/External/Tenor/T02
2026-07-24 15:47:08,406 | INFO | Preprocessing metadata saved: /content/drive/MyDrive/SATB_Model/Dataset/Metadata/metadata_preprocessing.csv
2026-07-24 15:51:41,993 | ERROR | Metadata generation stage failed.
Traceback (most recent call last):
  File "/tmp/ipykernel_936/491611092.py", line 58, in <cell line: 0>
    audio_metadata_df = generate_audio_metadata()
                        ^^^^^^^^^^^^^^^^^^^^^^^^^
  File "/tmp/ipykernel_936/491611092.py", line 38, in generate_audio_metadata
    for variation in CONFIG["variations"]:
                     ~~~~~~^^^^^^^^^^^^^^
KeyError: 'variations'
2026-07-24 15:53:55,740 | INFO | Audio metadata saved: /content/drive/MyDrive/SATB_Model/Dataset/Metadata/metadata_audio.csv
2026-07-24 15:53:55,742 | ERROR | Metadata generation stage failed.
Traceback (most recent call last):
  File "/tmp/ipykernel_936/1783324617.py", line 140, in <cell line: 0>
    raise ValueError("No processed audio metadata found. Check raw dataset folders and preprocessing logs.")
ValueError: No processed audio metadata found. Check raw dataset folders and preprocessing logs.
2026-07-24 16:01:02,129 | INFO | Audio metadata saved: /content/drive/MyDrive/SATB_Model/Dataset/Metadata/metadata_audio.csv
2026-07-24 16:01:03,610 | INFO | Saved plot: /content/drive/MyDrive/SATB_Model/Result/dataset_distribution.png
2026-07-24 16:02:27,898 | INFO | Split 15 singers -> Train=10 Validation=2 Test=3
2026-07-24 16:02:27,901 | INFO | Split 15 singers -> Train=10 Validation=2 Test=3
2026-07-24 16:02:27,906 | INFO | Split 14 singers -> Train=9 Validation=2 Test=3
2026-07-24 16:02:27,909 | INFO | Split 14 singers -> Train=9 Validation=2 Test=3
2026-07-24 16:05:18,210 | INFO | Split metadata saved: /content/drive/MyDrive/SATB_Model/Dataset/Metadata/metadata_split.csv
2026-07-24 16:05:18,213 | INFO | Dataset metadata saved: /content/drive/MyDrive/SATB_Model/Dataset/Metadata/metadata_dataset.csv
2026-07-24 16:13:35,384 | INFO | Split 15 singers -> Train=10 Validation=2 Test=3
2026-07-24 16:13:35,397 | INFO | Split 15 singers -> Train=10 Validation=2 Test=3
2026-07-24 16:13:35,401 | INFO | Split 14 singers -> Train=9 Validation=2 Test=3
2026-07-24 16:13:35,404 | INFO | Split 14 singers -> Train=9 Validation=2 Test=3
2026-07-24 16:14:39,158 | INFO | Split 15 singers -> Train=10 Validation=2 Test=3
2026-07-24 16:14:39,161 | INFO | Split 15 singers -> Train=10 Validation=2 Test=3
2026-07-24 16:14:39,165 | INFO | Split 14 singers -> Train=9 Validation=2 Test=3
2026-07-24 16:14:39,170 | INFO | Split 14 singers -> Train=9 Validation=2 Test=3
2026-07-24 16:14:39,185 | ERROR | Dataset split stage failed.
Traceback (most recent call last):
  File "/tmp/ipykernel_936/3506000149.py", line 128, in <cell line: 0>
    split_df, external_processed_df = materialize_processed_split(split_df, audio_metadata_df)
                                      ^^^^^^^^^^^^^^^^^^^^^^^^^^^^^^^^^^^^^^^^^^^^^^^^^^^^^^^^
  File "/tmp/ipykernel_936/3506000149.py", line 93, in materialize_processed_split
    destination_root
NameError: name 'destination_root' is not defined
2026-07-24 16:15:04,132 | INFO | Split 15 singers -> Train=10 Validation=2 Test=3
2026-07-24 16:15:04,138 | INFO | Split 15 singers -> Train=10 Validation=2 Test=3
2026-07-24 16:15:04,147 | INFO | Split 14 singers -> Train=9 Validation=2 Test=3
2026-07-24 16:15:04,153 | INFO | Split 14 singers -> Train=9 Validation=2 Test=3
2026-07-24 16:15:04,181 | ERROR | Dataset split stage failed.
Traceback (most recent call last):
  File "/tmp/ipykernel_936/3667927886.py", line 127, in <cell line: 0>
    split_df, external_processed_df = materialize_processed_split(split_df, audio_metadata_df)
                                      ^^^^^^^^^^^^^^^^^^^^^^^^^^^^^^^^^^^^^^^^^^^^^^^^^^^^^^^^
  File "/tmp/ipykernel_936/3667927886.py", line 93, in materialize_processed_split
    destination_root
NameError: name 'destination_root' is not defined
2026-07-24 16:15:16,540 | INFO | Split 15 singers -> Train=10 Validation=2 Test=3
2026-07-24 16:15:16,547 | INFO | Split 15 singers -> Train=10 Validation=2 Test=3
2026-07-24 16:15:16,553 | INFO | Split 14 singers -> Train=9 Validation=2 Test=3
2026-07-24 16:15:16,566 | INFO | Split 14 singers -> Train=9 Validation=2 Test=3
2026-07-24 16:15:16,616 | ERROR | Dataset split stage failed.
Traceback (most recent call last):
  File "/tmp/ipykernel_936/3667927886.py", line 127, in <cell line: 0>
    split_df, external_processed_df = materialize_processed_split(split_df, audio_metadata_df)
                                      ^^^^^^^^^^^^^^^^^^^^^^^^^^^^^^^^^^^^^^^^^^^^^^^^^^^^^^^^
  File "/tmp/ipykernel_936/3667927886.py", line 93, in materialize_processed_split
    destination_root
NameError: name 'destination_root' is not defined
2026-07-24 16:16:53,381 | INFO | Split 15 singers -> Train=10 Validation=2 Test=3
2026-07-24 16:16:53,384 | INFO | Split 15 singers -> Train=10 Validation=2 Test=3
2026-07-24 16:16:53,392 | INFO | Split 14 singers -> Train=9 Validation=2 Test=3
2026-07-24 16:16:53,398 | INFO | Split 14 singers -> Train=9 Validation=2 Test=3
2026-07-24 16:17:26,389 | INFO | Split metadata saved: /content/drive/MyDrive/SATB_Model/Dataset/Metadata/metadata_split.csv
2026-07-24 16:17:26,390 | INFO | Dataset metadata saved: /content/drive/MyDrive/SATB_Model/Dataset/Metadata/metadata_dataset.csv
2026-07-24 16:21:43,397 | INFO | Augmentation metadata saved: /content/drive/MyDrive/SATB_Model/Dataset/Metadata/metadata_augmentation.csv
2026-07-24 16:40:49,099 | INFO | Split 15 singers -> Train=10 Validation=2 Test=3
2026-07-24 16:40:49,103 | INFO | Split 15 singers -> Train=10 Validation=2 Test=3
2026-07-24 16:40:49,105 | INFO | Split 14 singers -> Train=9 Validation=2 Test=3
2026-07-24 16:40:49,108 | INFO | Split 14 singers -> Train=9 Validation=2 Test=3
2026-07-24 16:41:23,175 | INFO | Split metadata saved: /content/drive/MyDrive/SATB_Model/Dataset/Metadata/metadata_split.csv
2026-07-24 16:41:23,178 | INFO | Dataset metadata saved: /content/drive/MyDrive/SATB_Model/Dataset/Metadata/metadata_dataset.csv
2026-07-24 16:45:59,973 | INFO | Augmentation metadata saved: /content/drive/MyDrive/SATB_Model/Dataset/Metadata/metadata_augmentation.csv
2026-07-24 16:48:59,106 | ERROR | MFCC scan failed /content/drive/MyDrive/SATB_Model/Dataset/Processed/Train/Soprano/S04 - kezia/R3_2.wav : when mode='interp', width=9 cannot exceed data.shape[axis]=8
2026-07-24 16:49:08,146 | ERROR | MFCC scan failed /content/drive/MyDrive/SATB_Model/Dataset/Processed/Train/Alto/A08 - nabila/R6_1.wav : when mode='interp', width=9 cannot exceed data.shape[axis]=7
2026-07-24 16:49:09,790 | ERROR | MFCC scan failed /content/drive/MyDrive/SATB_Model/Dataset/Processed/Train/Alto/A09 - kk marya/R7_3.wav : when mode='interp', width=9 cannot exceed data.shape[axis]=7
2026-07-24 16:49:24,906 | ERROR | MFCC scan failed /content/drive/MyDrive/SATB_Model/Dataset/Augmented/Train/Soprano/S04 - kezia/R3_2_aug_pitch_shift.wav : when mode='interp', width=9 cannot exceed data.shape[axis]=8
2026-07-24 16:49:24,922 | ERROR | MFCC scan failed /content/drive/MyDrive/SATB_Model/Dataset/Augmented/Train/Soprano/S04 - kezia/R3_2_aug_time_stretch.wav : when mode='interp', width=9 cannot exceed data.shape[axis]=7
2026-07-24 16:49:24,938 | ERROR | MFCC scan failed /content/drive/MyDrive/SATB_Model/Dataset/Augmented/Train/Soprano/S04 - kezia/R3_2_aug_gaussian_noise.wav : when mode='interp', width=9 cannot exceed data.shape[axis]=8
2026-07-24 16:49:24,953 | ERROR | MFCC scan failed /content/drive/MyDrive/SATB_Model/Dataset/Augmented/Train/Soprano/S04 - kezia/R3_2_aug_gain.wav : when mode='interp', width=9 cannot exceed data.shape[axis]=8
2026-07-24 16:50:05,715 | ERROR | MFCC scan failed /content/drive/MyDrive/SATB_Model/Dataset/Augmented/Train/Alto/A08 - nabila/R6_1_aug_pitch_shift.wav : when mode='interp', width=9 cannot exceed data.shape[axis]=7
2026-07-24 16:50:05,729 | ERROR | MFCC scan failed /content/drive/MyDrive/SATB_Model/Dataset/Augmented/Train/Alto/A08 - nabila/R6_1_aug_time_stretch.wav : when mode='interp', width=9 cannot exceed data.shape[axis]=7
2026-07-24 16:50:05,742 | ERROR | MFCC scan failed /content/drive/MyDrive/SATB_Model/Dataset/Augmented/Train/Alto/A08 - nabila/R6_1_aug_gaussian_noise.wav : when mode='interp', width=9 cannot exceed data.shape[axis]=7
2026-07-24 16:50:05,757 | ERROR | MFCC scan failed /content/drive/MyDrive/SATB_Model/Dataset/Augmented/Train/Alto/A08 - nabila/R6_1_aug_gain.wav : when mode='interp', width=9 cannot exceed data.shape[axis]=7
2026-07-24 16:50:08,376 | ERROR | MFCC scan failed /content/drive/MyDrive/SATB_Model/Dataset/Augmented/Train/Alto/A09 - kk marya/R7_3_aug_pitch_shift.wav : when mode='interp', width=9 cannot exceed data.shape[axis]=7
2026-07-24 16:50:08,390 | ERROR | MFCC scan failed /content/drive/MyDrive/SATB_Model/Dataset/Augmented/Train/Alto/A09 - kk marya/R7_3_aug_time_stretch.wav : when mode='interp', width=9 cannot exceed data.shape[axis]=6
2026-07-24 16:50:08,404 | ERROR | MFCC scan failed /content/drive/MyDrive/SATB_Model/Dataset/Augmented/Train/Alto/A09 - kk marya/R7_3_aug_gaussian_noise.wav : when mode='interp', width=9 cannot exceed data.shape[axis]=7
2026-07-24 16:50:08,417 | ERROR | MFCC scan failed /content/drive/MyDrive/SATB_Model/Dataset/Augmented/Train/Alto/A09 - kk marya/R7_3_aug_gain.wav : when mode='interp', width=9 cannot exceed data.shape[axis]=7
2026-07-24 16:51:08,840 | ERROR | MFCC scan failed /content/drive/MyDrive/SATB_Model/Dataset/Processed/Test/Tenor/T04 - zaky/R7_1.wav : when mode='interp', width=9 cannot exceed data.shape[axis]=7
2026-07-24 16:51:11,679 | ERROR | MFCC extraction failed /content/drive/MyDrive/SATB_Model/Dataset/Processed/Train/Soprano/S04 - kezia/R3_2.wav : when mode='interp', width=9 cannot exceed data.shape[axis]=8
2026-07-24 16:51:19,651 | ERROR | MFCC extraction failed /content/drive/MyDrive/SATB_Model/Dataset/Processed/Train/Alto/A08 - nabila/R6_1.wav : when mode='interp', width=9 cannot exceed data.shape[axis]=7
2026-07-24 16:51:21,276 | ERROR | MFCC extraction failed /content/drive/MyDrive/SATB_Model/Dataset/Processed/Train/Alto/A09 - kk marya/R7_3.wav : when mode='interp', width=9 cannot exceed data.shape[axis]=7
2026-07-24 16:51:35,577 | ERROR | MFCC extraction failed /content/drive/MyDrive/SATB_Model/Dataset/Augmented/Train/Soprano/S04 - kezia/R3_2_aug_pitch_shift.wav : when mode='interp', width=9 cannot exceed data.shape[axis]=8
2026-07-24 16:51:35,613 | ERROR | MFCC extraction failed /content/drive/MyDrive/SATB_Model/Dataset/Augmented/Train/Soprano/S04 - kezia/R3_2_aug_time_stretch.wav : when mode='interp', width=9 cannot exceed data.shape[axis]=7
2026-07-24 16:51:35,649 | ERROR | MFCC extraction failed /content/drive/MyDrive/SATB_Model/Dataset/Augmented/Train/Soprano/S04 - kezia/R3_2_aug_gaussian_noise.wav : when mode='interp', width=9 cannot exceed data.shape[axis]=8
2026-07-24 16:51:35,676 | ERROR | MFCC extraction failed /content/drive/MyDrive/SATB_Model/Dataset/Augmented/Train/Soprano/S04 - kezia/R3_2_aug_gain.wav : when mode='interp', width=9 cannot exceed data.shape[axis]=8
2026-07-24 16:52:16,161 | ERROR | MFCC extraction failed /content/drive/MyDrive/SATB_Model/Dataset/Augmented/Train/Alto/A08 - nabila/R6_1_aug_pitch_shift.wav : when mode='interp', width=9 cannot exceed data.shape[axis]=7
2026-07-24 16:52:16,175 | ERROR | MFCC extraction failed /content/drive/MyDrive/SATB_Model/Dataset/Augmented/Train/Alto/A08 - nabila/R6_1_aug_time_stretch.wav : when mode='interp', width=9 cannot exceed data.shape[axis]=7
2026-07-24 16:52:16,190 | ERROR | MFCC extraction failed /content/drive/MyDrive/SATB_Model/Dataset/Augmented/Train/Alto/A08 - nabila/R6_1_aug_gaussian_noise.wav : when mode='interp', width=9 cannot exceed data.shape[axis]=7
2026-07-24 16:52:16,204 | ERROR | MFCC extraction failed /content/drive/MyDrive/SATB_Model/Dataset/Augmented/Train/Alto/A08 - nabila/R6_1_aug_gain.wav : when mode='interp', width=9 cannot exceed data.shape[axis]=7
2026-07-24 16:52:18,649 | ERROR | MFCC extraction failed /content/drive/MyDrive/SATB_Model/Dataset/Augmented/Train/Alto/A09 - kk marya/R7_3_aug_pitch_shift.wav : when mode='interp', width=9 cannot exceed data.shape[axis]=7
2026-07-24 16:52:18,663 | ERROR | MFCC extraction failed /content/drive/MyDrive/SATB_Model/Dataset/Augmented/Train/Alto/A09 - kk marya/R7_3_aug_time_stretch.wav : when mode='interp', width=9 cannot exceed data.shape[axis]=6
2026-07-24 16:52:18,675 | ERROR | MFCC extraction failed /content/drive/MyDrive/SATB_Model/Dataset/Augmented/Train/Alto/A09 - kk marya/R7_3_aug_gaussian_noise.wav : when mode='interp', width=9 cannot exceed data.shape[axis]=7
2026-07-24 16:52:18,688 | ERROR | MFCC extraction failed /content/drive/MyDrive/SATB_Model/Dataset/Augmented/Train/Alto/A09 - kk marya/R7_3_aug_gain.wav : when mode='interp', width=9 cannot exceed data.shape[axis]=7
2026-07-24 16:53:22,339 | ERROR | MFCC extraction failed /content/drive/MyDrive/SATB_Model/Dataset/Processed/Test/Tenor/T04 - zaky/R7_1.wav : when mode='interp', width=9 cannot exceed data.shape[axis]=7
2026-07-24 17:16:35,596 | ERROR | MFCC scan failed /content/drive/MyDrive/SATB_Model/Dataset/Processed/Train/Soprano/S04 - kezia/R3_2.wav : when mode='interp', width=9 cannot exceed data.shape[axis]=8
2026-07-24 17:16:46,894 | ERROR | MFCC scan failed /content/drive/MyDrive/SATB_Model/Dataset/Processed/Train/Alto/A08 - nabila/R6_1.wav : when mode='interp', width=9 cannot exceed data.shape[axis]=7
2026-07-24 17:16:47,545 | ERROR | MFCC scan failed /content/drive/MyDrive/SATB_Model/Dataset/Processed/Train/Alto/A09 - kk marya/R7_3.wav : when mode='interp', width=9 cannot exceed data.shape[axis]=7
2026-07-24 17:17:04,788 | ERROR | MFCC scan failed /content/drive/MyDrive/SATB_Model/Dataset/Augmented/Train/Soprano/S04 - kezia/R3_2_aug_pitch_shift.wav : when mode='interp', width=9 cannot exceed data.shape[axis]=8
2026-07-24 17:17:04,802 | ERROR | MFCC scan failed /content/drive/MyDrive/SATB_Model/Dataset/Augmented/Train/Soprano/S04 - kezia/R3_2_aug_time_stretch.wav : when mode='interp', width=9 cannot exceed data.shape[axis]=7
2026-07-24 17:17:04,817 | ERROR | MFCC scan failed /content/drive/MyDrive/SATB_Model/Dataset/Augmented/Train/Soprano/S04 - kezia/R3_2_aug_gaussian_noise.wav : when mode='interp', width=9 cannot exceed data.shape[axis]=8
2026-07-24 17:17:04,829 | ERROR | MFCC scan failed /content/drive/MyDrive/SATB_Model/Dataset/Augmented/Train/Soprano/S04 - kezia/R3_2_aug_gain.wav : when mode='interp', width=9 cannot exceed data.shape[axis]=8
2026-07-24 17:17:40,303 | ERROR | MFCC scan failed /content/drive/MyDrive/SATB_Model/Dataset/Augmented/Train/Alto/A08 - nabila/R6_1_aug_pitch_shift.wav : when mode='interp', width=9 cannot exceed data.shape[axis]=7
2026-07-24 17:17:40,319 | ERROR | MFCC scan failed /content/drive/MyDrive/SATB_Model/Dataset/Augmented/Train/Alto/A08 - nabila/R6_1_aug_time_stretch.wav : when mode='interp', width=9 cannot exceed data.shape[axis]=7
2026-07-24 17:17:40,336 | ERROR | MFCC scan failed /content/drive/MyDrive/SATB_Model/Dataset/Augmented/Train/Alto/A08 - nabila/R6_1_aug_gaussian_noise.wav : when mode='interp', width=9 cannot exceed data.shape[axis]=7
2026-07-24 17:17:40,353 | ERROR | MFCC scan failed /content/drive/MyDrive/SATB_Model/Dataset/Augmented/Train/Alto/A08 - nabila/R6_1_aug_gain.wav : when mode='interp', width=9 cannot exceed data.shape[axis]=7
2026-07-24 17:17:42,746 | ERROR | MFCC scan failed /content/drive/MyDrive/SATB_Model/Dataset/Augmented/Train/Alto/A09 - kk marya/R7_3_aug_pitch_shift.wav : when mode='interp', width=9 cannot exceed data.shape[axis]=7
2026-07-24 17:17:42,782 | ERROR | MFCC scan failed /content/drive/MyDrive/SATB_Model/Dataset/Augmented/Train/Alto/A09 - kk marya/R7_3_aug_time_stretch.wav : when mode='interp', width=9 cannot exceed data.shape[axis]=6
2026-07-24 17:17:42,795 | ERROR | MFCC scan failed /content/drive/MyDrive/SATB_Model/Dataset/Augmented/Train/Alto/A09 - kk marya/R7_3_aug_gaussian_noise.wav : when mode='interp', width=9 cannot exceed data.shape[axis]=7
2026-07-24 17:17:42,810 | ERROR | MFCC scan failed /content/drive/MyDrive/SATB_Model/Dataset/Augmented/Train/Alto/A09 - kk marya/R7_3_aug_gain.wav : when mode='interp', width=9 cannot exceed data.shape[axis]=7
2026-07-24 17:18:44,326 | ERROR | MFCC scan failed /content/drive/MyDrive/SATB_Model/Dataset/Processed/Test/Tenor/T04 - zaky/R7_1.wav : when mode='interp', width=9 cannot exceed data.shape[axis]=7
2026-07-24 17:18:46,195 | ERROR | MFCC extraction stage failed.
Traceback (most recent call last):
  File "/tmp/ipykernel_936/2723911419.py", line 335, in <cell line: 0>
    target_frames = determine_target_frames(
                    ^^^^^^^^^^^^^^^^^^^^^^^^
  File "/tmp/ipykernel_936/2723911419.py", line 219, in determine_target_frames
    percentile_98,
    ^^^^^^^^^^^^^
NameError: name 'percentile_98' is not defined. Did you mean: 'percentile_95'?
2026-07-24 17:24:14,931 | ERROR | MFCC scan failed /content/drive/MyDrive/SATB_Model/Dataset/Processed/Train/Soprano/S04 - kezia/R3_2.wav : when mode='interp', width=9 cannot exceed data.shape[axis]=8
2026-07-24 17:24:31,399 | ERROR | MFCC scan failed /content/drive/MyDrive/SATB_Model/Dataset/Processed/Train/Alto/A08 - nabila/R6_1.wav : when mode='interp', width=9 cannot exceed data.shape[axis]=7
2026-07-24 17:24:32,024 | ERROR | MFCC scan failed /content/drive/MyDrive/SATB_Model/Dataset/Processed/Train/Alto/A09 - kk marya/R7_3.wav : when mode='interp', width=9 cannot exceed data.shape[axis]=7
2026-07-24 17:24:47,632 | ERROR | MFCC scan failed /content/drive/MyDrive/SATB_Model/Dataset/Augmented/Train/Soprano/S04 - kezia/R3_2_aug_pitch_shift.wav : when mode='interp', width=9 cannot exceed data.shape[axis]=8
2026-07-24 17:24:47,644 | ERROR | MFCC scan failed /content/drive/MyDrive/SATB_Model/Dataset/Augmented/Train/Soprano/S04 - kezia/R3_2_aug_time_stretch.wav : when mode='interp', width=9 cannot exceed data.shape[axis]=7
2026-07-24 17:24:47,656 | ERROR | MFCC scan failed /content/drive/MyDrive/SATB_Model/Dataset/Augmented/Train/Soprano/S04 - kezia/R3_2_aug_gaussian_noise.wav : when mode='interp', width=9 cannot exceed data.shape[axis]=8
2026-07-24 17:24:47,667 | ERROR | MFCC scan failed /content/drive/MyDrive/SATB_Model/Dataset/Augmented/Train/Soprano/S04 - kezia/R3_2_aug_gain.wav : when mode='interp', width=9 cannot exceed data.shape[axis]=8
2026-07-24 17:25:22,734 | ERROR | MFCC scan failed /content/drive/MyDrive/SATB_Model/Dataset/Augmented/Train/Alto/A08 - nabila/R6_1_aug_pitch_shift.wav : when mode='interp', width=9 cannot exceed data.shape[axis]=7
2026-07-24 17:25:22,750 | ERROR | MFCC scan failed /content/drive/MyDrive/SATB_Model/Dataset/Augmented/Train/Alto/A08 - nabila/R6_1_aug_time_stretch.wav : when mode='interp', width=9 cannot exceed data.shape[axis]=7
2026-07-24 17:25:22,764 | ERROR | MFCC scan failed /content/drive/MyDrive/SATB_Model/Dataset/Augmented/Train/Alto/A08 - nabila/R6_1_aug_gaussian_noise.wav : when mode='interp', width=9 cannot exceed data.shape[axis]=7
2026-07-24 17:25:22,785 | ERROR | MFCC scan failed /content/drive/MyDrive/SATB_Model/Dataset/Augmented/Train/Alto/A08 - nabila/R6_1_aug_gain.wav : when mode='interp', width=9 cannot exceed data.shape[axis]=7
2026-07-24 17:25:25,008 | ERROR | MFCC scan failed /content/drive/MyDrive/SATB_Model/Dataset/Augmented/Train/Alto/A09 - kk marya/R7_3_aug_pitch_shift.wav : when mode='interp', width=9 cannot exceed data.shape[axis]=7
2026-07-24 17:25:25,020 | ERROR | MFCC scan failed /content/drive/MyDrive/SATB_Model/Dataset/Augmented/Train/Alto/A09 - kk marya/R7_3_aug_time_stretch.wav : when mode='interp', width=9 cannot exceed data.shape[axis]=6
2026-07-24 17:25:25,033 | ERROR | MFCC scan failed /content/drive/MyDrive/SATB_Model/Dataset/Augmented/Train/Alto/A09 - kk marya/R7_3_aug_gaussian_noise.wav : when mode='interp', width=9 cannot exceed data.shape[axis]=7
2026-07-24 17:25:25,057 | ERROR | MFCC scan failed /content/drive/MyDrive/SATB_Model/Dataset/Augmented/Train/Alto/A09 - kk marya/R7_3_aug_gain.wav : when mode='interp', width=9 cannot exceed data.shape[axis]=7
2026-07-24 17:26:23,550 | ERROR | MFCC scan failed /content/drive/MyDrive/SATB_Model/Dataset/Processed/Test/Tenor/T04 - zaky/R7_1.wav : when mode='interp', width=9 cannot exceed data.shape[axis]=7
2026-07-24 17:26:26,727 | ERROR | MFCC extraction stage failed.
Traceback (most recent call last):
  File "/tmp/ipykernel_936/1829622041.py", line 335, in <cell line: 0>
    target_frames = determine_target_frames(
                    ^^^^^^^^^^^^^^^^^^^^^^^^
  File "/tmp/ipykernel_936/1829622041.py", line 227, in determine_target_frames
    print("95 percentile  :", percentile_95)
                              ^^^^^^^^^^^^^
NameError: name 'percentile_95' is not defined. Did you mean: 'percentile_98'?
2026-07-24 17:29:54,308 | ERROR | MFCC scan failed /content/drive/MyDrive/SATB_Model/Dataset/Processed/Train/Soprano/S04 - kezia/R3_2.wav : when mode='interp', width=9 cannot exceed data.shape[axis]=8
2026-07-24 17:30:05,053 | ERROR | MFCC scan failed /content/drive/MyDrive/SATB_Model/Dataset/Processed/Train/Alto/A08 - nabila/R6_1.wav : when mode='interp', width=9 cannot exceed data.shape[axis]=7
2026-07-24 17:30:05,655 | ERROR | MFCC scan failed /content/drive/MyDrive/SATB_Model/Dataset/Processed/Train/Alto/A09 - kk marya/R7_3.wav : when mode='interp', width=9 cannot exceed data.shape[axis]=7
2026-07-24 17:30:22,064 | ERROR | MFCC scan failed /content/drive/MyDrive/SATB_Model/Dataset/Augmented/Train/Soprano/S04 - kezia/R3_2_aug_pitch_shift.wav : when mode='interp', width=9 cannot exceed data.shape[axis]=8
2026-07-24 17:30:22,078 | ERROR | MFCC scan failed /content/drive/MyDrive/SATB_Model/Dataset/Augmented/Train/Soprano/S04 - kezia/R3_2_aug_time_stretch.wav : when mode='interp', width=9 cannot exceed data.shape[axis]=7
2026-07-24 17:30:22,092 | ERROR | MFCC scan failed /content/drive/MyDrive/SATB_Model/Dataset/Augmented/Train/Soprano/S04 - kezia/R3_2_aug_gaussian_noise.wav : when mode='interp', width=9 cannot exceed data.shape[axis]=8
2026-07-24 17:30:22,108 | ERROR | MFCC scan failed /content/drive/MyDrive/SATB_Model/Dataset/Augmented/Train/Soprano/S04 - kezia/R3_2_aug_gain.wav : when mode='interp', width=9 cannot exceed data.shape[axis]=8
2026-07-24 17:30:59,474 | ERROR | MFCC scan failed /content/drive/MyDrive/SATB_Model/Dataset/Augmented/Train/Alto/A08 - nabila/R6_1_aug_pitch_shift.wav : when mode='interp', width=9 cannot exceed data.shape[axis]=7
2026-07-24 17:30:59,558 | ERROR | MFCC scan failed /content/drive/MyDrive/SATB_Model/Dataset/Augmented/Train/Alto/A08 - nabila/R6_1_aug_time_stretch.wav : when mode='interp', width=9 cannot exceed data.shape[axis]=7
2026-07-24 17:30:59,611 | ERROR | MFCC scan failed /content/drive/MyDrive/SATB_Model/Dataset/Augmented/Train/Alto/A08 - nabila/R6_1_aug_gaussian_noise.wav : when mode='interp', width=9 cannot exceed data.shape[axis]=7
2026-07-24 17:30:59,652 | ERROR | MFCC scan failed /content/drive/MyDrive/SATB_Model/Dataset/Augmented/Train/Alto/A08 - nabila/R6_1_aug_gain.wav : when mode='interp', width=9 cannot exceed data.shape[axis]=7
2026-07-24 17:31:04,661 | ERROR | MFCC scan failed /content/drive/MyDrive/SATB_Model/Dataset/Augmented/Train/Alto/A09 - kk marya/R7_3_aug_pitch_shift.wav : when mode='interp', width=9 cannot exceed data.shape[axis]=7
2026-07-24 17:31:04,697 | ERROR | MFCC scan failed /content/drive/MyDrive/SATB_Model/Dataset/Augmented/Train/Alto/A09 - kk marya/R7_3_aug_time_stretch.wav : when mode='interp', width=9 cannot exceed data.shape[axis]=6
2026-07-24 17:31:04,728 | ERROR | MFCC scan failed /content/drive/MyDrive/SATB_Model/Dataset/Augmented/Train/Alto/A09 - kk marya/R7_3_aug_gaussian_noise.wav : when mode='interp', width=9 cannot exceed data.shape[axis]=7
2026-07-24 17:31:04,774 | ERROR | MFCC scan failed /content/drive/MyDrive/SATB_Model/Dataset/Augmented/Train/Alto/A09 - kk marya/R7_3_aug_gain.wav : when mode='interp', width=9 cannot exceed data.shape[axis]=7
2026-07-24 17:32:03,411 | ERROR | MFCC scan failed /content/drive/MyDrive/SATB_Model/Dataset/Processed/Test/Tenor/T04 - zaky/R7_1.wav : when mode='interp', width=9 cannot exceed data.shape[axis]=7
2026-07-24 17:32:06,315 | ERROR | MFCC extraction failed /content/drive/MyDrive/SATB_Model/Dataset/Processed/Train/Soprano/S04 - kezia/R3_2.wav : when mode='interp', width=9 cannot exceed data.shape[axis]=8
2026-07-24 17:32:17,707 | ERROR | MFCC extraction failed /content/drive/MyDrive/SATB_Model/Dataset/Processed/Train/Alto/A08 - nabila/R6_1.wav : when mode='interp', width=9 cannot exceed data.shape[axis]=7
2026-07-24 17:32:18,280 | ERROR | MFCC extraction failed /content/drive/MyDrive/SATB_Model/Dataset/Processed/Train/Alto/A09 - kk marya/R7_3.wav : when mode='interp', width=9 cannot exceed data.shape[axis]=7
2026-07-24 17:32:34,111 | ERROR | MFCC extraction failed /content/drive/MyDrive/SATB_Model/Dataset/Augmented/Train/Soprano/S04 - kezia/R3_2_aug_pitch_shift.wav : when mode='interp', width=9 cannot exceed data.shape[axis]=8
2026-07-24 17:32:34,125 | ERROR | MFCC extraction failed /content/drive/MyDrive/SATB_Model/Dataset/Augmented/Train/Soprano/S04 - kezia/R3_2_aug_time_stretch.wav : when mode='interp', width=9 cannot exceed data.shape[axis]=7
2026-07-24 17:32:34,148 | ERROR | MFCC extraction failed /content/drive/MyDrive/SATB_Model/Dataset/Augmented/Train/Soprano/S04 - kezia/R3_2_aug_gaussian_noise.wav : when mode='interp', width=9 cannot exceed data.shape[axis]=8
2026-07-24 17:32:34,166 | ERROR | MFCC extraction failed /content/drive/MyDrive/SATB_Model/Dataset/Augmented/Train/Soprano/S04 - kezia/R3_2_aug_gain.wav : when mode='interp', width=9 cannot exceed data.shape[axis]=8
2026-07-24 17:33:09,938 | ERROR | MFCC extraction failed /content/drive/MyDrive/SATB_Model/Dataset/Augmented/Train/Alto/A08 - nabila/R6_1_aug_pitch_shift.wav : when mode='interp', width=9 cannot exceed data.shape[axis]=7
2026-07-24 17:33:09,952 | ERROR | MFCC extraction failed /content/drive/MyDrive/SATB_Model/Dataset/Augmented/Train/Alto/A08 - nabila/R6_1_aug_time_stretch.wav : when mode='interp', width=9 cannot exceed data.shape[axis]=7
2026-07-24 17:33:09,966 | ERROR | MFCC extraction failed /content/drive/MyDrive/SATB_Model/Dataset/Augmented/Train/Alto/A08 - nabila/R6_1_aug_gaussian_noise.wav : when mode='interp', width=9 cannot exceed data.shape[axis]=7
2026-07-24 17:33:09,980 | ERROR | MFCC extraction failed /content/drive/MyDrive/SATB_Model/Dataset/Augmented/Train/Alto/A08 - nabila/R6_1_aug_gain.wav : when mode='interp', width=9 cannot exceed data.shape[axis]=7
2026-07-24 17:33:12,335 | ERROR | MFCC extraction failed /content/drive/MyDrive/SATB_Model/Dataset/Augmented/Train/Alto/A09 - kk marya/R7_3_aug_pitch_shift.wav : when mode='interp', width=9 cannot exceed data.shape[axis]=7
2026-07-24 17:33:12,352 | ERROR | MFCC extraction failed /content/drive/MyDrive/SATB_Model/Dataset/Augmented/Train/Alto/A09 - kk marya/R7_3_aug_time_stretch.wav : when mode='interp', width=9 cannot exceed data.shape[axis]=6
2026-07-24 17:33:12,368 | ERROR | MFCC extraction failed /content/drive/MyDrive/SATB_Model/Dataset/Augmented/Train/Alto/A09 - kk marya/R7_3_aug_gaussian_noise.wav : when mode='interp', width=9 cannot exceed data.shape[axis]=7
2026-07-24 17:33:12,387 | ERROR | MFCC extraction failed /content/drive/MyDrive/SATB_Model/Dataset/Augmented/Train/Alto/A09 - kk marya/R7_3_aug_gain.wav : when mode='interp', width=9 cannot exceed data.shape[axis]=7
2026-07-24 17:34:15,650 | ERROR | MFCC extraction failed /content/drive/MyDrive/SATB_Model/Dataset/Processed/Test/Tenor/T04 - zaky/R7_1.wav : when mode='interp', width=9 cannot exceed data.shape[axis]=7
2026-07-24 19:35:47,904 | INFO | CNN training completed.
2026-07-24 20:54:26,744 | INFO | CNN training completed.
2026-07-24 22:58:33,564 | INFO | CNN training completed.
2026-07-24 23:01:05,348 | INFO | Loaded best model from /content/drive/MyDrive/SATB_Model/Model/cnn_satb_best.keras
2026-07-26 05:44:32,045 | INFO | Pipeline initialized.
2026-07-26 05:44:32,912 | INFO | Base directory: /content/drive/MyDrive/SATB_Model
2026-07-26 05:53:37,469 | WARNING | Missing R7 in /content/drive/MyDrive/SATB_Model/Dataset/Raw/Internal/Soprano/S14 - naya
2026-07-26 05:58:24,278 | WARNING | Missing R5 in /content/drive/MyDrive/SATB_Model/Dataset/Raw/Internal/Alto/A13 - kk tania
2026-07-26 05:58:24,280 | WARNING | Missing R6 in /content/drive/MyDrive/SATB_Model/Dataset/Raw/Internal/Alto/A13 - kk tania
2026-07-26 05:58:24,282 | WARNING | Missing R7 in /content/drive/MyDrive/SATB_Model/Dataset/Raw/Internal/Alto/A13 - kk tania
2026-07-26 05:58:59,156 | WARNING | Missing R6 in /content/drive/MyDrive/SATB_Model/Dataset/Raw/Internal/Alto/A15 - suri
2026-07-26 05:58:59,158 | WARNING | Missing R7 in /content/drive/MyDrive/SATB_Model/Dataset/Raw/Internal/Alto/A15 - suri
2026-07-26 06:02:45,551 | WARNING | Missing R5 in /content/drive/MyDrive/SATB_Model/Dataset/Raw/Internal/Tenor/T12 - Ernest
2026-07-26 06:02:45,553 | WARNING | Missing R6 in /content/drive/MyDrive/SATB_Model/Dataset/Raw/Internal/Tenor/T12 - Ernest
2026-07-26 06:02:45,556 | WARNING | Missing R7 in /content/drive/MyDrive/SATB_Model/Dataset/Raw/Internal/Tenor/T12 - Ernest
2026-07-26 06:03:00,524 | WARNING | Missing R6 in /content/drive/MyDrive/SATB_Model/Dataset/Raw/Internal/Tenor/T13 - Ilham
2026-07-26 06:03:00,528 | WARNING | Missing R7 in /content/drive/MyDrive/SATB_Model/Dataset/Raw/Internal/Tenor/T13 - Ilham
2026-07-26 06:03:16,208 | WARNING | Missing R7 in /content/drive/MyDrive/SATB_Model/Dataset/Raw/Internal/Tenor/T15 - Agung
2026-07-26 06:10:07,331 | WARNING | Missing R1 in /content/drive/MyDrive/SATB_Model/Dataset/Raw/External/Tenor/T02
2026-07-26 06:28:38,918 | INFO | Preprocessing metadata saved: /content/drive/MyDrive/SATB_Model/Dataset/Metadata/metadata_preprocessing.csv
2026-07-26 06:48:56,482 | INFO | Audio metadata saved: /content/drive/MyDrive/SATB_Model/Dataset/Metadata/metadata_audio.csv
2026-07-26 06:48:56,483 | ERROR | Metadata generation stage failed.
Traceback (most recent call last):
  File "/tmp/ipykernel_535/2930366553.py", line 10, in <cell line: 0>
    save_barplot(audio_metadata_df, "class_name", "dataset_type", "Dataset Distribution", PATHS["result"] / "dataset_distribution.png")
    ^^^^^^^^^^^^
NameError: name 'save_barplot' is not defined
2026-07-26 06:50:07,886 | INFO | Audio metadata saved: /content/drive/MyDrive/SATB_Model/Dataset/Metadata/metadata_audio.csv
2026-07-26 06:50:07,894 | ERROR | Metadata generation stage failed.
Traceback (most recent call last):
  File "/tmp/ipykernel_535/3734829608.py", line 16, in <cell line: 0>
    save_barplot(
    ^^^^^^^^^^^^
NameError: name 'save_barplot' is not defined
2026-07-26 06:53:57,801 | INFO | Audio metadata saved: /content/drive/MyDrive/SATB_Model/Dataset/Metadata/metadata_audio.csv
2026-07-26 06:53:57,804 | ERROR | Metadata generation stage failed.
Traceback (most recent call last):
  File "/tmp/ipykernel_535/3734829608.py", line 16, in <cell line: 0>
    save_barplot(
    ^^^^^^^^^^^^
NameError: name 'save_barplot' is not defined
2026-07-26 06:55:00,468 | INFO | Audio metadata saved: /content/drive/MyDrive/SATB_Model/Dataset/Metadata/metadata_audio.csv
2026-07-26 06:55:00,470 | ERROR | Metadata generation stage failed.
Traceback (most recent call last):
  File "/tmp/ipykernel_535/3734829608.py", line 16, in <cell line: 0>
    save_barplot(
    ^^^^^^^^^^^^
NameError: name 'save_barplot' is not defined
2026-07-26 06:55:26,811 | INFO | Audio metadata saved: /content/drive/MyDrive/SATB_Model/Dataset/Metadata/metadata_audio.csv
2026-07-26 06:55:56,787 | INFO | Split 15 singers -> Train=10 Validation=2 Test=3
2026-07-26 06:55:56,791 | INFO | Split 15 singers -> Train=10 Validation=2 Test=3
2026-07-26 06:55:56,793 | INFO | Split 14 singers -> Train=9 Validation=2 Test=3
2026-07-26 06:55:56,795 | INFO | Split 14 singers -> Train=9 Validation=2 Test=3
2026-07-26 06:58:08,969 | INFO | Audio metadata saved: /content/drive/MyDrive/SATB_Model/Dataset/Metadata/metadata_audio.csv
2026-07-26 07:01:12,380 | INFO | Audio metadata saved: /content/drive/MyDrive/SATB_Model/Dataset/Metadata/metadata_audio.csv
2026-07-26 07:01:12,382 | ERROR | Metadata generation stage failed.
Traceback (most recent call last):
  File "/tmp/ipykernel_535/2930366553.py", line 10, in <cell line: 0>
    save_barplot(audio_metadata_df, "class_name", "dataset_type", "Dataset Distribution", PATHS["result"] / "dataset_distribution.png")
    ^^^^^^^^^^^^
NameError: name 'save_barplot' is not defined
2026-07-26 07:04:48,586 | INFO | Audio metadata saved: /content/drive/MyDrive/SATB_Model/Dataset/Metadata/metadata_audio.csv
2026-07-27 00:56:03,120 | INFO | Pipeline initialized.
2026-07-27 00:56:03,583 | INFO | Base directory: /content/drive/MyDrive/SATB_Model
2026-07-27 01:02:12,398 | WARNING | Missing R7 in /content/drive/MyDrive/SATB_Model/Dataset/Raw/Internal/Soprano/S14 - naya
2026-07-27 01:04:09,940 | WARNING | Missing R5 in /content/drive/MyDrive/SATB_Model/Dataset/Raw/Internal/Alto/A13 - kk tania
2026-07-27 01:04:09,942 | WARNING | Missing R6 in /content/drive/MyDrive/SATB_Model/Dataset/Raw/Internal/Alto/A13 - kk tania
2026-07-27 01:04:09,942 | WARNING | Missing R7 in /content/drive/MyDrive/SATB_Model/Dataset/Raw/Internal/Alto/A13 - kk tania
2026-07-27 01:04:25,245 | WARNING | Missing R6 in /content/drive/MyDrive/SATB_Model/Dataset/Raw/Internal/Alto/A15 - suri
2026-07-27 01:04:25,246 | WARNING | Missing R7 in /content/drive/MyDrive/SATB_Model/Dataset/Raw/Internal/Alto/A15 - suri
2026-07-27 01:05:51,143 | WARNING | Missing R5 in /content/drive/MyDrive/SATB_Model/Dataset/Raw/Internal/Tenor/T12 - Ernest
2026-07-27 01:05:51,147 | WARNING | Missing R6 in /content/drive/MyDrive/SATB_Model/Dataset/Raw/Internal/Tenor/T12 - Ernest
2026-07-27 01:05:51,150 | WARNING | Missing R7 in /content/drive/MyDrive/SATB_Model/Dataset/Raw/Internal/Tenor/T12 - Ernest
2026-07-27 01:05:56,518 | WARNING | Missing R6 in /content/drive/MyDrive/SATB_Model/Dataset/Raw/Internal/Tenor/T13 - Ilham
2026-07-27 01:05:56,521 | WARNING | Missing R7 in /content/drive/MyDrive/SATB_Model/Dataset/Raw/Internal/Tenor/T13 - Ilham
2026-07-27 01:06:01,928 | WARNING | Missing R7 in /content/drive/MyDrive/SATB_Model/Dataset/Raw/Internal/Tenor/T15 - Agung
2026-07-27 01:06:53,450 | WARNING | Missing R7 in /content/drive/MyDrive/SATB_Model/Dataset/Raw/Internal/Soprano/S14 - naya
2026-07-27 01:06:56,531 | WARNING | Missing R5 in /content/drive/MyDrive/SATB_Model/Dataset/Raw/Internal/Alto/A13 - kk tania
2026-07-27 01:06:56,533 | WARNING | Missing R6 in /content/drive/MyDrive/SATB_Model/Dataset/Raw/Internal/Alto/A13 - kk tania
2026-07-27 01:06:56,537 | WARNING | Missing R7 in /content/drive/MyDrive/SATB_Model/Dataset/Raw/Internal/Alto/A13 - kk tania
2026-07-27 01:06:56,980 | WARNING | Missing R6 in /content/drive/MyDrive/SATB_Model/Dataset/Raw/Internal/Alto/A15 - suri
2026-07-27 01:06:56,983 | WARNING | Missing R7 in /content/drive/MyDrive/SATB_Model/Dataset/Raw/Internal/Alto/A15 - suri
2026-07-27 01:06:58,456 | WARNING | Missing R5 in /content/drive/MyDrive/SATB_Model/Dataset/Raw/Internal/Tenor/T12 - Ernest
2026-07-27 01:06:58,458 | WARNING | Missing R6 in /content/drive/MyDrive/SATB_Model/Dataset/Raw/Internal/Tenor/T12 - Ernest
2026-07-27 01:06:58,461 | WARNING | Missing R7 in /content/drive/MyDrive/SATB_Model/Dataset/Raw/Internal/Tenor/T12 - Ernest
2026-07-27 01:06:58,579 | WARNING | Missing R6 in /content/drive/MyDrive/SATB_Model/Dataset/Raw/Internal/Tenor/T13 - Ilham
2026-07-27 01:06:58,582 | WARNING | Missing R7 in /content/drive/MyDrive/SATB_Model/Dataset/Raw/Internal/Tenor/T13 - Ilham
2026-07-27 01:06:58,676 | WARNING | Missing R7 in /content/drive/MyDrive/SATB_Model/Dataset/Raw/Internal/Tenor/T15 - Agung
2026-07-27 01:08:44,054 | WARNING | Missing R1 in /content/drive/MyDrive/SATB_Model/Dataset/Raw/External/Tenor/T02
2026-07-27 01:17:36,939 | INFO | Preprocessing metadata saved: /content/drive/MyDrive/SATB_Model/Dataset/Metadata/metadata_preprocessing.csv
2026-07-27 01:23:11,121 | INFO | Split 15 singers -> Train=10 Validation=2 Test=3
2026-07-27 01:23:11,123 | INFO | Split 15 singers -> Train=10 Validation=2 Test=3
2026-07-27 01:23:11,125 | INFO | Split 14 singers -> Train=9 Validation=2 Test=3
2026-07-27 01:23:11,128 | INFO | Split 14 singers -> Train=9 Validation=2 Test=3
2026-07-27 01:31:07,260 | INFO | Split 15 singers -> Train=10 Validation=2 Test=3
2026-07-27 01:31:07,268 | INFO | Split 15 singers -> Train=10 Validation=2 Test=3
2026-07-27 01:31:07,271 | INFO | Split 14 singers -> Train=9 Validation=2 Test=3
2026-07-27 01:31:07,278 | INFO | Split 14 singers -> Train=9 Validation=2 Test=3
2026-07-27 01:31:10,973 | INFO | Split metadata saved: /content/drive/MyDrive/SATB_Model/Dataset/Metadata/metadata_split.csv
2026-07-27 01:31:10,981 | INFO | Dataset metadata saved: /content/drive/MyDrive/SATB_Model/Dataset/Metadata/metadata_dataset.csv
2026-07-27 01:52:44,453 | INFO | Augmentation metadata saved: /content/drive/MyDrive/SATB_Model/Dataset/Metadata/metadata_augmentation.csv
2026-07-27 01:52:55,403 | ERROR | MFCC scan failed /content/drive/MyDrive/SATB_Model/Dataset/Processed/Train/Soprano/S04 - kezia/R3_2.wav : when mode='interp', width=9 cannot exceed data.shape[axis]=8
2026-07-27 01:53:03,503 | ERROR | MFCC scan failed /content/drive/MyDrive/SATB_Model/Dataset/Processed/Train/Alto/A08 - nabila/R6_1.wav : when mode='interp', width=9 cannot exceed data.shape[axis]=7
2026-07-27 01:53:03,884 | ERROR | MFCC scan failed /content/drive/MyDrive/SATB_Model/Dataset/Processed/Train/Alto/A09 - kk marya/R7_3.wav : when mode='interp', width=9 cannot exceed data.shape[axis]=7
2026-07-27 01:53:12,007 | ERROR | MFCC scan failed /content/drive/MyDrive/SATB_Model/Dataset/Augmented/Train/Soprano/S04 - kezia/R3_2_aug_pitch_shift.wav : when mode='interp', width=9 cannot exceed data.shape[axis]=8
2026-07-27 01:53:12,015 | ERROR | MFCC scan failed /content/drive/MyDrive/SATB_Model/Dataset/Augmented/Train/Soprano/S04 - kezia/R3_2_aug_time_stretch.wav : when mode='interp', width=9 cannot exceed data.shape[axis]=7
2026-07-27 01:53:12,024 | ERROR | MFCC scan failed /content/drive/MyDrive/SATB_Model/Dataset/Augmented/Train/Soprano/S04 - kezia/R3_2_aug_gaussian_noise.wav : when mode='interp', width=9 cannot exceed data.shape[axis]=8
2026-07-27 01:53:12,032 | ERROR | MFCC scan failed /content/drive/MyDrive/SATB_Model/Dataset/Augmented/Train/Soprano/S04 - kezia/R3_2_aug_gain.wav : when mode='interp', width=9 cannot exceed data.shape[axis]=8
2026-07-27 01:53:37,085 | ERROR | MFCC scan failed /content/drive/MyDrive/SATB_Model/Dataset/Augmented/Train/Alto/A08 - nabila/R6_1_aug_pitch_shift.wav : when mode='interp', width=9 cannot exceed data.shape[axis]=7
2026-07-27 01:53:37,100 | ERROR | MFCC scan failed /content/drive/MyDrive/SATB_Model/Dataset/Augmented/Train/Alto/A08 - nabila/R6_1_aug_time_stretch.wav : when mode='interp', width=9 cannot exceed data.shape[axis]=7
2026-07-27 01:53:37,111 | ERROR | MFCC scan failed /content/drive/MyDrive/SATB_Model/Dataset/Augmented/Train/Alto/A08 - nabila/R6_1_aug_gaussian_noise.wav : when mode='interp', width=9 cannot exceed data.shape[axis]=7
2026-07-27 01:53:37,128 | ERROR | MFCC scan failed /content/drive/MyDrive/SATB_Model/Dataset/Augmented/Train/Alto/A08 - nabila/R6_1_aug_gain.wav : when mode='interp', width=9 cannot exceed data.shape[axis]=7
2026-07-27 01:53:38,707 | ERROR | MFCC scan failed /content/drive/MyDrive/SATB_Model/Dataset/Augmented/Train/Alto/A09 - kk marya/R7_3_aug_pitch_shift.wav : when mode='interp', width=9 cannot exceed data.shape[axis]=7
2026-07-27 01:53:38,716 | ERROR | MFCC scan failed /content/drive/MyDrive/SATB_Model/Dataset/Augmented/Train/Alto/A09 - kk marya/R7_3_aug_time_stretch.wav : when mode='interp', width=9 cannot exceed data.shape[axis]=7
2026-07-27 01:53:38,725 | ERROR | MFCC scan failed /content/drive/MyDrive/SATB_Model/Dataset/Augmented/Train/Alto/A09 - kk marya/R7_3_aug_gaussian_noise.wav : when mode='interp', width=9 cannot exceed data.shape[axis]=7
2026-07-27 01:53:38,732 | ERROR | MFCC scan failed /content/drive/MyDrive/SATB_Model/Dataset/Augmented/Train/Alto/A09 - kk marya/R7_3_aug_gain.wav : when mode='interp', width=9 cannot exceed data.shape[axis]=7
2026-07-27 01:54:15,305 | ERROR | MFCC scan failed /content/drive/MyDrive/SATB_Model/Dataset/Processed/Test/Tenor/T04 - zaky/R7_1.wav : when mode='interp', width=9 cannot exceed data.shape[axis]=7
2026-07-27 01:54:19,643 | ERROR | MFCC extraction failed /content/drive/MyDrive/SATB_Model/Dataset/Processed/Train/Soprano/S04 - kezia/R3_2.wav : when mode='interp', width=9 cannot exceed data.shape[axis]=8
2026-07-27 01:54:25,147 | ERROR | MFCC extraction failed /content/drive/MyDrive/SATB_Model/Dataset/Processed/Train/Alto/A08 - nabila/R6_1.wav : when mode='interp', width=9 cannot exceed data.shape[axis]=7
2026-07-27 01:54:25,539 | ERROR | MFCC extraction failed /content/drive/MyDrive/SATB_Model/Dataset/Processed/Train/Alto/A09 - kk marya/R7_3.wav : when mode='interp', width=9 cannot exceed data.shape[axis]=7
2026-07-27 01:54:37,181 | ERROR | MFCC extraction failed /content/drive/MyDrive/SATB_Model/Dataset/Augmented/Train/Soprano/S04 - kezia/R3_2_aug_pitch_shift.wav : when mode='interp', width=9 cannot exceed data.shape[axis]=8
2026-07-27 01:54:37,189 | ERROR | MFCC extraction failed /content/drive/MyDrive/SATB_Model/Dataset/Augmented/Train/Soprano/S04 - kezia/R3_2_aug_time_stretch.wav : when mode='interp', width=9 cannot exceed data.shape[axis]=7
2026-07-27 01:54:37,197 | ERROR | MFCC extraction failed /content/drive/MyDrive/SATB_Model/Dataset/Augmented/Train/Soprano/S04 - kezia/R3_2_aug_gaussian_noise.wav : when mode='interp', width=9 cannot exceed data.shape[axis]=8
2026-07-27 01:54:37,205 | ERROR | MFCC extraction failed /content/drive/MyDrive/SATB_Model/Dataset/Augmented/Train/Soprano/S04 - kezia/R3_2_aug_gain.wav : when mode='interp', width=9 cannot exceed data.shape[axis]=8
2026-07-27 01:54:59,709 | ERROR | MFCC extraction failed /content/drive/MyDrive/SATB_Model/Dataset/Augmented/Train/Alto/A08 - nabila/R6_1_aug_pitch_shift.wav : when mode='interp', width=9 cannot exceed data.shape[axis]=7
2026-07-27 01:54:59,721 | ERROR | MFCC extraction failed /content/drive/MyDrive/SATB_Model/Dataset/Augmented/Train/Alto/A08 - nabila/R6_1_aug_time_stretch.wav : when mode='interp', width=9 cannot exceed data.shape[axis]=7
2026-07-27 01:54:59,730 | ERROR | MFCC extraction failed /content/drive/MyDrive/SATB_Model/Dataset/Augmented/Train/Alto/A08 - nabila/R6_1_aug_gaussian_noise.wav : when mode='interp', width=9 cannot exceed data.shape[axis]=7
2026-07-27 01:54:59,738 | ERROR | MFCC extraction failed /content/drive/MyDrive/SATB_Model/Dataset/Augmented/Train/Alto/A08 - nabila/R6_1_aug_gain.wav : when mode='interp', width=9 cannot exceed data.shape[axis]=7
2026-07-27 01:55:01,412 | ERROR | MFCC extraction failed /content/drive/MyDrive/SATB_Model/Dataset/Augmented/Train/Alto/A09 - kk marya/R7_3_aug_pitch_shift.wav : when mode='interp', width=9 cannot exceed data.shape[axis]=7
2026-07-27 01:55:01,422 | ERROR | MFCC extraction failed /content/drive/MyDrive/SATB_Model/Dataset/Augmented/Train/Alto/A09 - kk marya/R7_3_aug_time_stretch.wav : when mode='interp', width=9 cannot exceed data.shape[axis]=7
2026-07-27 01:55:01,430 | ERROR | MFCC extraction failed /content/drive/MyDrive/SATB_Model/Dataset/Augmented/Train/Alto/A09 - kk marya/R7_3_aug_gaussian_noise.wav : when mode='interp', width=9 cannot exceed data.shape[axis]=7
2026-07-27 01:55:01,443 | ERROR | MFCC extraction failed /content/drive/MyDrive/SATB_Model/Dataset/Augmented/Train/Alto/A09 - kk marya/R7_3_aug_gain.wav : when mode='interp', width=9 cannot exceed data.shape[axis]=7
2026-07-27 01:55:42,710 | ERROR | MFCC extraction failed /content/drive/MyDrive/SATB_Model/Dataset/Processed/Test/Tenor/T04 - zaky/R7_1.wav : when mode='interp', width=9 cannot exceed data.shape[axis]=7
2026-07-27 01:55:45,473 | ERROR | MFCC extraction failed /content/drive/MyDrive/SATB_Model/Dataset/Processed/External/Alto/A03/R2_2.wav : 
2026-07-27 02:08:27,487 | ERROR | CNN training stage failed.
Traceback (most recent call last):
  File "/tmp/ipykernel_720/1777719245.py", line 48, in <cell line: 0>
    model = build_cnn_model(X_train.shape[1:], len(CONFIG["classes"]))
            ^^^^^^^^^^^^^^^^^^^^^^^^^^^^^^^^^^^^^^^^^^^^^^^^^^^^^^^^^^
  File "/tmp/ipykernel_720/1777719245.py", line 15, in build_cnn_model
    layers.Conv2D(32, (3,3), padding="same", kernel_regularizer=regularizers.l2(1e-4)),
                                                                ^^^^^^^^^^^^
NameError: name 'regularizers' is not defined
2026-07-27 02:12:28,241 | INFO | CNN training completed.
2026-07-27 02:19:20,983 | INFO | Loaded best model from /content/drive/MyDrive/SATB_Model/Model/cnn_satb_best.keras
2026-07-27 02:30:18,743 | INFO | Split 15 singers -> Train=9 Validation=3 Test=3
2026-07-27 02:30:18,749 | INFO | Split 15 singers -> Train=9 Validation=3 Test=3
2026-07-27 02:30:18,750 | INFO | Split 14 singers -> Train=8 Validation=3 Test=3
2026-07-27 02:30:18,755 | INFO | Split 14 singers -> Train=8 Validation=3 Test=3
2026-07-27 02:30:21,132 | INFO | Split metadata saved: /content/drive/MyDrive/SATB_Model/Dataset/Metadata/metadata_split.csv
2026-07-27 02:30:21,134 | INFO | Dataset metadata saved: /content/drive/MyDrive/SATB_Model/Dataset/Metadata/metadata_dataset.csv
2026-07-27 02:36:09,786 | INFO | Augmentation metadata saved: /content/drive/MyDrive/SATB_Model/Dataset/Metadata/metadata_augmentation.csv
2026-07-27 02:42:44,477 | INFO | Augmentation metadata saved: /content/drive/MyDrive/SATB_Model/Dataset/Metadata/metadata_augmentation.csv
2026-07-27 02:44:11,683 | ERROR | MFCC scan failed /content/drive/MyDrive/SATB_Model/Dataset/Processed/Train/Alto/A08 - nabila/R6_1.wav : when mode='interp', width=9 cannot exceed data.shape[axis]=7
2026-07-27 02:44:12,732 | ERROR | MFCC scan failed /content/drive/MyDrive/SATB_Model/Dataset/Processed/Train/Alto/A09 - kk marya/R7_3.wav : when mode='interp', width=9 cannot exceed data.shape[axis]=7
2026-07-27 02:44:44,403 | ERROR | MFCC scan failed /content/drive/MyDrive/SATB_Model/Dataset/Augmented/Train/Alto/A08 - nabila/R6_1_aug_1_pitch_shift_time_stretch_gaussian_noise_gain.wav : when mode='interp', width=9 cannot exceed data.shape[axis]=7
2026-07-27 02:44:44,420 | ERROR | MFCC scan failed /content/drive/MyDrive/SATB_Model/Dataset/Augmented/Train/Alto/A08 - nabila/R6_1_aug_2_pitch_shift_gaussian_noise_gain.wav : when mode='interp', width=9 cannot exceed data.shape[axis]=7
2026-07-27 02:44:44,438 | ERROR | MFCC scan failed /content/drive/MyDrive/SATB_Model/Dataset/Augmented/Train/Alto/A08 - nabila/R6_1_aug_3_pitch_shift_gaussian_noise_gain.wav : when mode='interp', width=9 cannot exceed data.shape[axis]=7
2026-07-27 02:44:44,453 | ERROR | MFCC scan failed /content/drive/MyDrive/SATB_Model/Dataset/Augmented/Train/Alto/A08 - nabila/R6_1_aug_4_pitch_shift_gaussian_noise.wav : when mode='interp', width=9 cannot exceed data.shape[axis]=7
2026-07-27 02:44:47,215 | ERROR | MFCC scan failed /content/drive/MyDrive/SATB_Model/Dataset/Augmented/Train/Alto/A09 - kk marya/R7_3_aug_1_pitch_shift.wav : when mode='interp', width=9 cannot exceed data.shape[axis]=7
2026-07-27 02:44:47,223 | ERROR | MFCC scan failed /content/drive/MyDrive/SATB_Model/Dataset/Augmented/Train/Alto/A09 - kk marya/R7_3_aug_2_pitch_shift_time_stretch_gaussian_noise.wav : when mode='interp', width=9 cannot exceed data.shape[axis]=7
2026-07-27 02:44:47,232 | ERROR | MFCC scan failed /content/drive/MyDrive/SATB_Model/Dataset/Augmented/Train/Alto/A09 - kk marya/R7_3_aug_3_time_stretch_gaussian_noise_gain.wav : when mode='interp', width=9 cannot exceed data.shape[axis]=7
2026-07-27 02:44:47,240 | ERROR | MFCC scan failed /content/drive/MyDrive/SATB_Model/Dataset/Augmented/Train/Alto/A09 - kk marya/R7_3_aug_4_pitch_shift.wav : when mode='interp', width=9 cannot exceed data.shape[axis]=7
2026-07-27 02:45:17,968 | ERROR | MFCC scan failed /content/drive/MyDrive/SATB_Model/Dataset/Processed/Validation/Soprano/S04 - kezia/R3_2.wav : when mode='interp', width=9 cannot exceed data.shape[axis]=8
2026-07-27 02:45:23,759 | ERROR | MFCC scan failed /content/drive/MyDrive/SATB_Model/Dataset/Processed/Test/Tenor/T04 - zaky/R7_1.wav : when mode='interp', width=9 cannot exceed data.shape[axis]=7
2026-07-27 02:45:32,647 | ERROR | MFCC extraction failed /content/drive/MyDrive/SATB_Model/Dataset/Processed/Train/Alto/A08 - nabila/R6_1.wav : when mode='interp', width=9 cannot exceed data.shape[axis]=7
2026-07-27 02:45:33,503 | ERROR | MFCC extraction failed /content/drive/MyDrive/SATB_Model/Dataset/Processed/Train/Alto/A09 - kk marya/R7_3.wav : when mode='interp', width=9 cannot exceed data.shape[axis]=7
2026-07-27 02:46:08,557 | ERROR | MFCC extraction failed /content/drive/MyDrive/SATB_Model/Dataset/Augmented/Train/Alto/A08 - nabila/R6_1_aug_1_pitch_shift_time_stretch_gaussian_noise_gain.wav : when mode='interp', width=9 cannot exceed data.shape[axis]=7
2026-07-27 02:46:08,568 | ERROR | MFCC extraction failed /content/drive/MyDrive/SATB_Model/Dataset/Augmented/Train/Alto/A08 - nabila/R6_1_aug_2_pitch_shift_gaussian_noise_gain.wav : when mode='interp', width=9 cannot exceed data.shape[axis]=7
2026-07-27 02:46:08,580 | ERROR | MFCC extraction failed /content/drive/MyDrive/SATB_Model/Dataset/Augmented/Train/Alto/A08 - nabila/R6_1_aug_3_pitch_shift_gaussian_noise_gain.wav : when mode='interp', width=9 cannot exceed data.shape[axis]=7
2026-07-27 02:46:08,590 | ERROR | MFCC extraction failed /content/drive/MyDrive/SATB_Model/Dataset/Augmented/Train/Alto/A08 - nabila/R6_1_aug_4_pitch_shift_gaussian_noise.wav : when mode='interp', width=9 cannot exceed data.shape[axis]=7
2026-07-27 02:46:10,593 | ERROR | MFCC extraction failed /content/drive/MyDrive/SATB_Model/Dataset/Augmented/Train/Alto/A09 - kk marya/R7_3_aug_1_pitch_shift.wav : when mode='interp', width=9 cannot exceed data.shape[axis]=7
2026-07-27 02:46:10,610 | ERROR | MFCC extraction failed /content/drive/MyDrive/SATB_Model/Dataset/Augmented/Train/Alto/A09 - kk marya/R7_3_aug_2_pitch_shift_time_stretch_gaussian_noise.wav : when mode='interp', width=9 cannot exceed data.shape[axis]=7
2026-07-27 02:46:10,620 | ERROR | MFCC extraction failed /content/drive/MyDrive/SATB_Model/Dataset/Augmented/Train/Alto/A09 - kk marya/R7_3_aug_3_time_stretch_gaussian_noise_gain.wav : when mode='interp', width=9 cannot exceed data.shape[axis]=7
2026-07-27 02:46:10,630 | ERROR | MFCC extraction failed /content/drive/MyDrive/SATB_Model/Dataset/Augmented/Train/Alto/A09 - kk marya/R7_3_aug_4_pitch_shift.wav : when mode='interp', width=9 cannot exceed data.shape[axis]=7
2026-07-27 02:46:44,015 | ERROR | MFCC extraction failed /content/drive/MyDrive/SATB_Model/Dataset/Processed/Validation/Soprano/S04 - kezia/R3_2.wav : when mode='interp', width=9 cannot exceed data.shape[axis]=8
2026-07-27 02:46:53,361 | ERROR | MFCC extraction failed /content/drive/MyDrive/SATB_Model/Dataset/Processed/Test/Tenor/T04 - zaky/R7_1.wav : when mode='interp', width=9 cannot exceed data.shape[axis]=7
2026-07-27 02:46:56,156 | ERROR | MFCC extraction failed /content/drive/MyDrive/SATB_Model/Dataset/Processed/External/Alto/A03/R2_2.wav : 
2026-07-27 03:28:21,472 | INFO | Pipeline initialized.
2026-07-27 03:28:21,930 | INFO | Base directory: /content/drive/MyDrive/SATB_Model
2026-07-27 03:30:31,826 | WARNING | Missing R7 in /content/drive/MyDrive/SATB_Model/Dataset/Raw/Internal/Soprano/S14 - naya
2026-07-27 03:32:30,804 | WARNING | Missing R5 in /content/drive/MyDrive/SATB_Model/Dataset/Raw/Internal/Alto/A13 - kk tania
2026-07-27 03:32:30,805 | WARNING | Missing R6 in /content/drive/MyDrive/SATB_Model/Dataset/Raw/Internal/Alto/A13 - kk tania
2026-07-27 03:32:30,808 | WARNING | Missing R7 in /content/drive/MyDrive/SATB_Model/Dataset/Raw/Internal/Alto/A13 - kk tania
2026-07-27 03:32:44,668 | WARNING | Missing R6 in /content/drive/MyDrive/SATB_Model/Dataset/Raw/Internal/Alto/A15 - suri
2026-07-27 03:32:44,670 | WARNING | Missing R7 in /content/drive/MyDrive/SATB_Model/Dataset/Raw/Internal/Alto/A15 - suri
2026-07-27 03:34:12,392 | WARNING | Missing R5 in /content/drive/MyDrive/SATB_Model/Dataset/Raw/Internal/Tenor/T12 - Ernest
2026-07-27 03:34:12,394 | WARNING | Missing R6 in /content/drive/MyDrive/SATB_Model/Dataset/Raw/Internal/Tenor/T12 - Ernest
2026-07-27 03:34:12,395 | WARNING | Missing R7 in /content/drive/MyDrive/SATB_Model/Dataset/Raw/Internal/Tenor/T12 - Ernest
2026-07-27 03:34:17,315 | WARNING | Missing R6 in /content/drive/MyDrive/SATB_Model/Dataset/Raw/Internal/Tenor/T13 - Ilham
2026-07-27 03:34:17,316 | WARNING | Missing R7 in /content/drive/MyDrive/SATB_Model/Dataset/Raw/Internal/Tenor/T13 - Ilham
2026-07-27 03:34:25,418 | WARNING | Missing R7 in /content/drive/MyDrive/SATB_Model/Dataset/Raw/Internal/Tenor/T15 - Agung
2026-07-27 03:37:06,708 | WARNING | Missing R1 in /content/drive/MyDrive/SATB_Model/Dataset/Raw/External/Tenor/T02
2026-07-27 03:47:18,174 | INFO | Pipeline initialized.
2026-07-27 03:47:18,176 | INFO | Base directory: /content/drive/MyDrive/SATB_Model
2026-07-27 03:47:28,011 | WARNING | Missing R7 in /content/drive/MyDrive/SATB_Model/Dataset/Raw/Internal/Soprano/S14 - naya
2026-07-27 03:47:29,266 | WARNING | Missing R5 in /content/drive/MyDrive/SATB_Model/Dataset/Raw/Internal/Alto/A13 - kk tania
2026-07-27 03:47:29,267 | WARNING | Missing R6 in /content/drive/MyDrive/SATB_Model/Dataset/Raw/Internal/Alto/A13 - kk tania
2026-07-27 03:47:29,269 | WARNING | Missing R7 in /content/drive/MyDrive/SATB_Model/Dataset/Raw/Internal/Alto/A13 - kk tania
2026-07-27 03:47:29,448 | WARNING | Missing R6 in /content/drive/MyDrive/SATB_Model/Dataset/Raw/Internal/Alto/A15 - suri
2026-07-27 03:47:29,450 | WARNING | Missing R7 in /content/drive/MyDrive/SATB_Model/Dataset/Raw/Internal/Alto/A15 - suri
2026-07-27 03:47:30,521 | WARNING | Missing R5 in /content/drive/MyDrive/SATB_Model/Dataset/Raw/Internal/Tenor/T12 - Ernest
2026-07-27 03:47:30,522 | WARNING | Missing R6 in /content/drive/MyDrive/SATB_Model/Dataset/Raw/Internal/Tenor/T12 - Ernest
2026-07-27 03:47:30,524 | WARNING | Missing R7 in /content/drive/MyDrive/SATB_Model/Dataset/Raw/Internal/Tenor/T12 - Ernest
2026-07-27 03:47:30,594 | WARNING | Missing R6 in /content/drive/MyDrive/SATB_Model/Dataset/Raw/Internal/Tenor/T13 - Ilham
2026-07-27 03:47:30,595 | WARNING | Missing R7 in /content/drive/MyDrive/SATB_Model/Dataset/Raw/Internal/Tenor/T13 - Ilham
2026-07-27 03:47:30,662 | WARNING | Missing R7 in /content/drive/MyDrive/SATB_Model/Dataset/Raw/Internal/Tenor/T15 - Agung
2026-07-27 03:47:32,730 | WARNING | Missing R1 in /content/drive/MyDrive/SATB_Model/Dataset/Raw/External/Tenor/T02
2026-07-27 03:55:05,076 | INFO | Preprocessing metadata saved: /content/drive/MyDrive/SATB_Model/Dataset/Metadata/metadata_preprocessing.csv
2026-07-27 04:00:07,088 | INFO | Split 15 singers -> Train=9 Validation=3 Test=3
2026-07-27 04:00:07,093 | INFO | Split 15 singers -> Train=9 Validation=3 Test=3
2026-07-27 04:00:07,096 | INFO | Split 14 singers -> Train=8 Validation=3 Test=3
2026-07-27 04:00:07,098 | INFO | Split 14 singers -> Train=8 Validation=3 Test=3
2026-07-27 04:00:09,467 | INFO | Split metadata saved: /content/drive/MyDrive/SATB_Model/Dataset/Metadata/metadata_split.csv
2026-07-27 04:00:09,469 | INFO | Dataset metadata saved: /content/drive/MyDrive/SATB_Model/Dataset/Metadata/metadata_dataset.csv
2026-07-27 04:21:10,295 | INFO | Augmentation metadata saved: /content/drive/MyDrive/SATB_Model/Dataset/Metadata/metadata_augmentation.csv
2026-07-27 04:25:37,743 | ERROR | MFCC scan failed /content/drive/MyDrive/SATB_Model/Dataset/Processed/Train/Alto/A08 - nabila/R6_1.wav : when mode='interp', width=9 cannot exceed data.shape[axis]=7
2026-07-27 04:25:38,390 | ERROR | MFCC scan failed /content/drive/MyDrive/SATB_Model/Dataset/Processed/Train/Alto/A09 - kk marya/R7_3.wav : when mode='interp', width=9 cannot exceed data.shape[axis]=7
2026-07-27 04:26:26,527 | ERROR | MFCC scan failed /content/drive/MyDrive/SATB_Model/Dataset/Augmented/Train/Alto/A08 - nabila/R6_1_aug_1_pitch_shift_time_stretch_gaussian_noise_gain.wav : when mode='interp', width=9 cannot exceed data.shape[axis]=7
2026-07-27 04:26:26,540 | ERROR | MFCC scan failed /content/drive/MyDrive/SATB_Model/Dataset/Augmented/Train/Alto/A08 - nabila/R6_1_aug_2_pitch_shift_gaussian_noise_gain.wav : when mode='interp', width=9 cannot exceed data.shape[axis]=7
2026-07-27 04:26:26,553 | ERROR | MFCC scan failed /content/drive/MyDrive/SATB_Model/Dataset/Augmented/Train/Alto/A08 - nabila/R6_1_aug_3_pitch_shift_gaussian_noise_gain.wav : when mode='interp', width=9 cannot exceed data.shape[axis]=7
2026-07-27 04:26:26,566 | ERROR | MFCC scan failed /content/drive/MyDrive/SATB_Model/Dataset/Augmented/Train/Alto/A08 - nabila/R6_1_aug_4_pitch_shift_gaussian_noise.wav : when mode='interp', width=9 cannot exceed data.shape[axis]=7
2026-07-27 04:26:29,095 | ERROR | MFCC scan failed /content/drive/MyDrive/SATB_Model/Dataset/Augmented/Train/Alto/A09 - kk marya/R7_3_aug_1_pitch_shift.wav : when mode='interp', width=9 cannot exceed data.shape[axis]=7
2026-07-27 04:26:29,116 | ERROR | MFCC scan failed /content/drive/MyDrive/SATB_Model/Dataset/Augmented/Train/Alto/A09 - kk marya/R7_3_aug_2_pitch_shift_time_stretch_gaussian_noise.wav : when mode='interp', width=9 cannot exceed data.shape[axis]=7
2026-07-27 04:26:29,128 | ERROR | MFCC scan failed /content/drive/MyDrive/SATB_Model/Dataset/Augmented/Train/Alto/A09 - kk marya/R7_3_aug_3_time_stretch_gaussian_noise_gain.wav : when mode='interp', width=9 cannot exceed data.shape[axis]=7
2026-07-27 04:26:29,141 | ERROR | MFCC scan failed /content/drive/MyDrive/SATB_Model/Dataset/Augmented/Train/Alto/A09 - kk marya/R7_3_aug_4_pitch_shift.wav : when mode='interp', width=9 cannot exceed data.shape[axis]=7
2026-07-27 04:27:18,597 | ERROR | MFCC scan failed /content/drive/MyDrive/SATB_Model/Dataset/Processed/Validation/Soprano/S04 - kezia/R3_2.wav : when mode='interp', width=9 cannot exceed data.shape[axis]=8
2026-07-27 04:29:47,078 | ERROR | MFCC scan failed /content/drive/MyDrive/SATB_Model/Dataset/Processed/Test/Tenor/T04 - zaky/R7_1.wav : when mode='interp', width=9 cannot exceed data.shape[axis]=7
2026-07-27 04:30:30,242 | ERROR | MFCC extraction failed /content/drive/MyDrive/SATB_Model/Dataset/Processed/Train/Alto/A08 - nabila/R6_1.wav : when mode='interp', width=9 cannot exceed data.shape[axis]=7
2026-07-27 04:30:31,959 | ERROR | MFCC extraction failed /content/drive/MyDrive/SATB_Model/Dataset/Processed/Train/Alto/A09 - kk marya/R7_3.wav : when mode='interp', width=9 cannot exceed data.shape[axis]=7
2026-07-27 04:31:27,964 | ERROR | MFCC extraction failed /content/drive/MyDrive/SATB_Model/Dataset/Augmented/Train/Alto/A08 - nabila/R6_1_aug_1_pitch_shift_time_stretch_gaussian_noise_gain.wav : when mode='interp', width=9 cannot exceed data.shape[axis]=7
2026-07-27 04:31:27,978 | ERROR | MFCC extraction failed /content/drive/MyDrive/SATB_Model/Dataset/Augmented/Train/Alto/A08 - nabila/R6_1_aug_2_pitch_shift_gaussian_noise_gain.wav : when mode='interp', width=9 cannot exceed data.shape[axis]=7
2026-07-27 04:31:27,991 | ERROR | MFCC extraction failed /content/drive/MyDrive/SATB_Model/Dataset/Augmented/Train/Alto/A08 - nabila/R6_1_aug_3_pitch_shift_gaussian_noise_gain.wav : when mode='interp', width=9 cannot exceed data.shape[axis]=7
2026-07-27 04:31:28,004 | ERROR | MFCC extraction failed /content/drive/MyDrive/SATB_Model/Dataset/Augmented/Train/Alto/A08 - nabila/R6_1_aug_4_pitch_shift_gaussian_noise.wav : when mode='interp', width=9 cannot exceed data.shape[axis]=7
2026-07-27 04:31:30,505 | ERROR | MFCC extraction failed /content/drive/MyDrive/SATB_Model/Dataset/Augmented/Train/Alto/A09 - kk marya/R7_3_aug_1_pitch_shift.wav : when mode='interp', width=9 cannot exceed data.shape[axis]=7
2026-07-27 04:31:30,523 | ERROR | MFCC extraction failed /content/drive/MyDrive/SATB_Model/Dataset/Augmented/Train/Alto/A09 - kk marya/R7_3_aug_2_pitch_shift_time_stretch_gaussian_noise.wav : when mode='interp', width=9 cannot exceed data.shape[axis]=7
2026-07-27 04:31:30,540 | ERROR | MFCC extraction failed /content/drive/MyDrive/SATB_Model/Dataset/Augmented/Train/Alto/A09 - kk marya/R7_3_aug_3_time_stretch_gaussian_noise_gain.wav : when mode='interp', width=9 cannot exceed data.shape[axis]=7
2026-07-27 04:31:30,555 | ERROR | MFCC extraction failed /content/drive/MyDrive/SATB_Model/Dataset/Augmented/Train/Alto/A09 - kk marya/R7_3_aug_4_pitch_shift.wav : when mode='interp', width=9 cannot exceed data.shape[axis]=7
2026-07-27 04:32:19,112 | ERROR | MFCC extraction failed /content/drive/MyDrive/SATB_Model/Dataset/Processed/Validation/Soprano/S04 - kezia/R3_2.wav : when mode='interp', width=9 cannot exceed data.shape[axis]=8
2026-07-27 04:32:32,017 | ERROR | MFCC extraction failed /content/drive/MyDrive/SATB_Model/Dataset/Processed/Test/Tenor/T04 - zaky/R7_1.wav : when mode='interp', width=9 cannot exceed data.shape[axis]=7
2026-07-27 04:33:14,432 | ERROR | MFCC extraction failed /content/drive/MyDrive/SATB_Model/Dataset/Processed/External/Alto/A03/R2_2.wav : 
2026-07-27 04:51:00,498 | INFO | Pipeline initialized.
2026-07-27 04:51:01,093 | INFO | Base directory: /content/drive/MyDrive/SATB_Model
2026-07-27 04:51:30,606 | ERROR | CNN training stage failed.
Traceback (most recent call last):
  File "/tmp/ipykernel_398/1495782178.py", line 75, in <cell line: 0>
    X_train.shape[1:],
    ^^^^^^^
NameError: name 'X_train' is not defined
2026-07-27 04:52:28,970 | ERROR | MFCC extraction stage failed.
Traceback (most recent call last):
  File "/tmp/ipykernel_398/3032097289.py", line 330, in <cell line: 0>
    split_df,
    ^^^^^^^^
NameError: name 'split_df' is not defined
2026-07-27 04:56:02,635 | WARNING | Missing R7 in /content/drive/MyDrive/SATB_Model/Dataset/Raw/Internal/Soprano/S14 - naya
2026-07-27 04:59:03,402 | WARNING | Missing R5 in /content/drive/MyDrive/SATB_Model/Dataset/Raw/Internal/Alto/A13 - kk tania
2026-07-27 04:59:03,403 | WARNING | Missing R6 in /content/drive/MyDrive/SATB_Model/Dataset/Raw/Internal/Alto/A13 - kk tania
2026-07-27 04:59:03,404 | WARNING | Missing R7 in /content/drive/MyDrive/SATB_Model/Dataset/Raw/Internal/Alto/A13 - kk tania
2026-07-27 04:59:25,192 | WARNING | Missing R6 in /content/drive/MyDrive/SATB_Model/Dataset/Raw/Internal/Alto/A15 - suri
2026-07-27 04:59:25,193 | WARNING | Missing R7 in /content/drive/MyDrive/SATB_Model/Dataset/Raw/Internal/Alto/A15 - suri
2026-07-27 05:01:44,265 | WARNING | Missing R5 in /content/drive/MyDrive/SATB_Model/Dataset/Raw/Internal/Tenor/T12 - Ernest
2026-07-27 05:01:44,267 | WARNING | Missing R6 in /content/drive/MyDrive/SATB_Model/Dataset/Raw/Internal/Tenor/T12 - Ernest
2026-07-27 05:01:44,268 | WARNING | Missing R7 in /content/drive/MyDrive/SATB_Model/Dataset/Raw/Internal/Tenor/T12 - Ernest
2026-07-27 05:01:51,611 | WARNING | Missing R6 in /content/drive/MyDrive/SATB_Model/Dataset/Raw/Internal/Tenor/T13 - Ilham
2026-07-27 05:01:51,615 | WARNING | Missing R7 in /content/drive/MyDrive/SATB_Model/Dataset/Raw/Internal/Tenor/T13 - Ilham
2026-07-27 05:01:59,988 | WARNING | Missing R7 in /content/drive/MyDrive/SATB_Model/Dataset/Raw/Internal/Tenor/T15 - Agung
2026-07-27 05:06:14,450 | WARNING | Missing R1 in /content/drive/MyDrive/SATB_Model/Dataset/Raw/External/Tenor/T02
2026-07-27 05:17:30,494 | INFO | Preprocessing metadata saved: /content/drive/MyDrive/SATB_Model/Dataset/Metadata/metadata_preprocessing.csv
2026-07-27 05:20:26,512 | INFO | Split 15 singers -> Train=9 Validation=3 Test=3
2026-07-27 05:20:26,514 | INFO | Split 15 singers -> Train=9 Validation=3 Test=3
2026-07-27 05:20:26,517 | INFO | Split 14 singers -> Train=8 Validation=3 Test=3
2026-07-27 05:20:26,519 | INFO | Split 14 singers -> Train=8 Validation=3 Test=3
2026-07-27 05:20:29,238 | INFO | Split metadata saved: /content/drive/MyDrive/SATB_Model/Dataset/Metadata/metadata_split.csv
2026-07-27 05:20:29,239 | INFO | Dataset metadata saved: /content/drive/MyDrive/SATB_Model/Dataset/Metadata/metadata_dataset.csv
2026-07-27 05:57:19,948 | INFO | Augmentation metadata saved: /content/drive/MyDrive/SATB_Model/Dataset/Metadata/metadata_augmentation.csv
2026-07-27 05:59:10,603 | ERROR | MFCC scan failed /content/drive/MyDrive/SATB_Model/Dataset/Processed/Train/Alto/A08 - nabila/R6_1.wav : when mode='interp', width=9 cannot exceed data.shape[axis]=7
2026-07-27 05:59:11,052 | ERROR | MFCC scan failed /content/drive/MyDrive/SATB_Model/Dataset/Processed/Train/Alto/A09 - kk marya/R7_3.wav : when mode='interp', width=9 cannot exceed data.shape[axis]=7
2026-07-27 05:59:43,545 | ERROR | MFCC scan failed /content/drive/MyDrive/SATB_Model/Dataset/Augmented/Train/Alto/A08 - nabila/R6_1_aug_1_pitch_shift_time_stretch_gaussian_noise_gain.wav : when mode='interp', width=9 cannot exceed data.shape[axis]=7
2026-07-27 05:59:43,555 | ERROR | MFCC scan failed /content/drive/MyDrive/SATB_Model/Dataset/Augmented/Train/Alto/A08 - nabila/R6_1_aug_2_pitch_shift_gaussian_noise_gain.wav : when mode='interp', width=9 cannot exceed data.shape[axis]=7
2026-07-27 05:59:43,564 | ERROR | MFCC scan failed /content/drive/MyDrive/SATB_Model/Dataset/Augmented/Train/Alto/A08 - nabila/R6_1_aug_3_pitch_shift_gaussian_noise_gain.wav : when mode='interp', width=9 cannot exceed data.shape[axis]=7
2026-07-27 05:59:43,573 | ERROR | MFCC scan failed /content/drive/MyDrive/SATB_Model/Dataset/Augmented/Train/Alto/A08 - nabila/R6_1_aug_4_pitch_shift_gaussian_noise.wav : when mode='interp', width=9 cannot exceed data.shape[axis]=7
2026-07-27 05:59:45,252 | ERROR | MFCC scan failed /content/drive/MyDrive/SATB_Model/Dataset/Augmented/Train/Alto/A09 - kk marya/R7_3_aug_1_pitch_shift.wav : when mode='interp', width=9 cannot exceed data.shape[axis]=7
2026-07-27 05:59:45,262 | ERROR | MFCC scan failed /content/drive/MyDrive/SATB_Model/Dataset/Augmented/Train/Alto/A09 - kk marya/R7_3_aug_2_pitch_shift_time_stretch_gaussian_noise.wav : when mode='interp', width=9 cannot exceed data.shape[axis]=7
2026-07-27 05:59:45,272 | ERROR | MFCC scan failed /content/drive/MyDrive/SATB_Model/Dataset/Augmented/Train/Alto/A09 - kk marya/R7_3_aug_3_time_stretch_gaussian_noise_gain.wav : when mode='interp', width=9 cannot exceed data.shape[axis]=7
2026-07-27 05:59:45,281 | ERROR | MFCC scan failed /content/drive/MyDrive/SATB_Model/Dataset/Augmented/Train/Alto/A09 - kk marya/R7_3_aug_4_pitch_shift.wav : when mode='interp', width=9 cannot exceed data.shape[axis]=7
2026-07-27 06:00:24,031 | ERROR | MFCC scan failed /content/drive/MyDrive/SATB_Model/Dataset/Processed/Validation/Soprano/S04 - kezia/R3_2.wav : when mode='interp', width=9 cannot exceed data.shape[axis]=8
2026-07-27 06:04:03,189 | ERROR | MFCC scan failed /content/drive/MyDrive/SATB_Model/Dataset/Processed/Test/Tenor/T04 - zaky/R7_1.wav : when mode='interp', width=9 cannot exceed data.shape[axis]=7
2026-07-27 06:05:00,188 | ERROR | MFCC extraction failed /content/drive/MyDrive/SATB_Model/Dataset/Processed/Train/Alto/A08 - nabila/R6_1.wav : when mode='interp', width=9 cannot exceed data.shape[axis]=7
2026-07-27 06:05:00,661 | ERROR | MFCC extraction failed /content/drive/MyDrive/SATB_Model/Dataset/Processed/Train/Alto/A09 - kk marya/R7_3.wav : when mode='interp', width=9 cannot exceed data.shape[axis]=7
2026-07-27 06:05:33,859 | ERROR | MFCC extraction failed /content/drive/MyDrive/SATB_Model/Dataset/Augmented/Train/Alto/A08 - nabila/R6_1_aug_1_pitch_shift_time_stretch_gaussian_noise_gain.wav : when mode='interp', width=9 cannot exceed data.shape[axis]=7
2026-07-27 06:05:33,870 | ERROR | MFCC extraction failed /content/drive/MyDrive/SATB_Model/Dataset/Augmented/Train/Alto/A08 - nabila/R6_1_aug_2_pitch_shift_gaussian_noise_gain.wav : when mode='interp', width=9 cannot exceed data.shape[axis]=7
2026-07-27 06:05:33,884 | ERROR | MFCC extraction failed /content/drive/MyDrive/SATB_Model/Dataset/Augmented/Train/Alto/A08 - nabila/R6_1_aug_3_pitch_shift_gaussian_noise_gain.wav : when mode='interp', width=9 cannot exceed data.shape[axis]=7
2026-07-27 06:05:33,893 | ERROR | MFCC extraction failed /content/drive/MyDrive/SATB_Model/Dataset/Augmented/Train/Alto/A08 - nabila/R6_1_aug_4_pitch_shift_gaussian_noise.wav : when mode='interp', width=9 cannot exceed data.shape[axis]=7
2026-07-27 06:05:35,607 | ERROR | MFCC extraction failed /content/drive/MyDrive/SATB_Model/Dataset/Augmented/Train/Alto/A09 - kk marya/R7_3_aug_1_pitch_shift.wav : when mode='interp', width=9 cannot exceed data.shape[axis]=7
2026-07-27 06:05:35,620 | ERROR | MFCC extraction failed /content/drive/MyDrive/SATB_Model/Dataset/Augmented/Train/Alto/A09 - kk marya/R7_3_aug_2_pitch_shift_time_stretch_gaussian_noise.wav : when mode='interp', width=9 cannot exceed data.shape[axis]=7
2026-07-27 06:05:35,631 | ERROR | MFCC extraction failed /content/drive/MyDrive/SATB_Model/Dataset/Augmented/Train/Alto/A09 - kk marya/R7_3_aug_3_time_stretch_gaussian_noise_gain.wav : when mode='interp', width=9 cannot exceed data.shape[axis]=7
2026-07-27 06:05:35,642 | ERROR | MFCC extraction failed /content/drive/MyDrive/SATB_Model/Dataset/Augmented/Train/Alto/A09 - kk marya/R7_3_aug_4_pitch_shift.wav : when mode='interp', width=9 cannot exceed data.shape[axis]=7
2026-07-27 06:06:09,870 | ERROR | MFCC extraction failed /content/drive/MyDrive/SATB_Model/Dataset/Processed/Validation/Soprano/S04 - kezia/R3_2.wav : when mode='interp', width=9 cannot exceed data.shape[axis]=8
2026-07-27 06:06:19,654 | ERROR | MFCC extraction failed /content/drive/MyDrive/SATB_Model/Dataset/Processed/Test/Tenor/T04 - zaky/R7_1.wav : when mode='interp', width=9 cannot exceed data.shape[axis]=7
2026-07-27 06:07:18,169 | ERROR | MFCC extraction failed /content/drive/MyDrive/SATB_Model/Dataset/Processed/External/Alto/A03/R2_2.wav : 
2026-07-27 06:10:50,391 | INFO | CNN training completed.
2026-07-27 06:10:56,169 | INFO | Loaded best model from /content/drive/MyDrive/SATB_Model/Model/cnn_satb_best.keras
2026-07-27 06:17:01,070 | ERROR | Data augmentation stage failed.
concurrent.futures.process._RemoteTraceback: 
"""
Traceback (most recent call last):
  File "/usr/lib/python3.12/multiprocessing/queues.py", line 264, in _feed
    obj = _ForkingPickler.dumps(obj)
          ^^^^^^^^^^^^^^^^^^^^^^^^^^
  File "/usr/lib/python3.12/multiprocessing/reduction.py", line 51, in dumps
    cls(buf, protocol).dump(obj)
_pickle.PicklingError: Can't pickle <class 'pandas.core.frame.Pandas'>: attribute lookup Pandas on pandas.core.frame failed
"""

The above exception was the direct cause of the following exception:

Traceback (most recent call last):
  File "/tmp/ipykernel_398/3135688268.py", line 113, in <cell line: 0>
    for result in tqdm(executor.map(process,zip(rows,seeds)),total=len(rows),desc="Augmenting training data"):
                  ^^^^^^^^^^^^^^^^^^^^^^^^^^^^^^^^^^^^^^^^^^^^^^^^^^^^^^^^^^^^^^^^^^^^^^^^^^^^^^^^^^^^^^^^^^^
  File "/usr/local/lib/python3.12/dist-packages/tqdm/notebook.py", line 250, in __iter__
    yield from it
  File "/usr/local/lib/python3.12/dist-packages/tqdm/std.py", line 1181, in __iter__
    for obj in iterable:
               ^^^^^^^^
  File "/usr/lib/python3.12/concurrent/futures/process.py", line 636, in _chain_from_iterable_of_lists
    for element in iterable:
                   ^^^^^^^^
  File "/usr/lib/python3.12/concurrent/futures/_base.py", line 619, in result_iterator
    yield _result_or_cancel(fs.pop())
          ^^^^^^^^^^^^^^^^^^^^^^^^^^^
  File "/usr/lib/python3.12/concurrent/futures/_base.py", line 317, in _result_or_cancel
    return fut.result(timeout)
           ^^^^^^^^^^^^^^^^^^^
  File "/usr/lib/python3.12/concurrent/futures/_base.py", line 449, in result
    return self.__get_result()
           ^^^^^^^^^^^^^^^^^^^
  File "/usr/lib/python3.12/concurrent/futures/_base.py", line 401, in __get_result
    raise self._exception
  File "/usr/lib/python3.12/multiprocessing/queues.py", line 264, in _feed
    obj = _ForkingPickler.dumps(obj)
          ^^^^^^^^^^^^^^^^^^^^^^^^^^
  File "/usr/lib/python3.12/multiprocessing/reduction.py", line 51, in dumps
    cls(buf, protocol).dump(obj)
_pickle.PicklingError: Can't pickle <class 'pandas.core.frame.Pandas'>: attribute lookup Pandas on pandas.core.frame failed
2026-07-27 06:45:00,432 | INFO | Augmentation metadata saved: /content/drive/MyDrive/SATB_Model/Dataset/Metadata/metadata_augmentation.csv
2026-07-27 06:49:28,148 | ERROR | MFCC scan failed /content/drive/MyDrive/SATB_Model/Dataset/Processed/Train/Alto/A08 - nabila/R6_1.wav : when mode='interp', width=9 cannot exceed data.shape[axis]=7
2026-07-27 06:49:28,603 | ERROR | MFCC scan failed /content/drive/MyDrive/SATB_Model/Dataset/Processed/Train/Alto/A09 - kk marya/R7_3.wav : when mode='interp', width=9 cannot exceed data.shape[axis]=7
2026-07-27 06:50:00,792 | ERROR | MFCC scan failed /content/drive/MyDrive/SATB_Model/Dataset/Augmented/Train/Alto/A08 - nabila/R6_1_aug_pitch_shift.wav : when mode='interp', width=9 cannot exceed data.shape[axis]=7
2026-07-27 06:50:00,803 | ERROR | MFCC scan failed /content/drive/MyDrive/SATB_Model/Dataset/Augmented/Train/Alto/A08 - nabila/R6_1_aug_time_stretch.wav : when mode='interp', width=9 cannot exceed data.shape[axis]=7
2026-07-27 06:50:00,812 | ERROR | MFCC scan failed /content/drive/MyDrive/SATB_Model/Dataset/Augmented/Train/Alto/A08 - nabila/R6_1_aug_gaussian_noise.wav : when mode='interp', width=9 cannot exceed data.shape[axis]=7
2026-07-27 06:50:00,821 | ERROR | MFCC scan failed /content/drive/MyDrive/SATB_Model/Dataset/Augmented/Train/Alto/A08 - nabila/R6_1_aug_gain.wav : when mode='interp', width=9 cannot exceed data.shape[axis]=7
2026-07-27 06:50:02,537 | ERROR | MFCC scan failed /content/drive/MyDrive/SATB_Model/Dataset/Augmented/Train/Alto/A09 - kk marya/R7_3_aug_pitch_shift.wav : when mode='interp', width=9 cannot exceed data.shape[axis]=7
2026-07-27 06:50:02,546 | ERROR | MFCC scan failed /content/drive/MyDrive/SATB_Model/Dataset/Augmented/Train/Alto/A09 - kk marya/R7_3_aug_time_stretch.wav : when mode='interp', width=9 cannot exceed data.shape[axis]=6
2026-07-27 06:50:02,554 | ERROR | MFCC scan failed /content/drive/MyDrive/SATB_Model/Dataset/Augmented/Train/Alto/A09 - kk marya/R7_3_aug_gaussian_noise.wav : when mode='interp', width=9 cannot exceed data.shape[axis]=7
2026-07-27 06:50:02,563 | ERROR | MFCC scan failed /content/drive/MyDrive/SATB_Model/Dataset/Augmented/Train/Alto/A09 - kk marya/R7_3_aug_gain.wav : when mode='interp', width=9 cannot exceed data.shape[axis]=7
2026-07-27 06:50:34,591 | ERROR | MFCC scan failed /content/drive/MyDrive/SATB_Model/Dataset/Processed/Validation/Soprano/S04 - kezia/R3_2.wav : when mode='interp', width=9 cannot exceed data.shape[axis]=8
2026-07-27 06:50:40,780 | ERROR | MFCC scan failed /content/drive/MyDrive/SATB_Model/Dataset/Processed/Test/Tenor/T04 - zaky/R7_1.wav : when mode='interp', width=9 cannot exceed data.shape[axis]=7
2026-07-27 06:50:50,257 | ERROR | MFCC extraction failed /content/drive/MyDrive/SATB_Model/Dataset/Processed/Train/Alto/A08 - nabila/R6_1.wav : when mode='interp', width=9 cannot exceed data.shape[axis]=7
2026-07-27 06:50:50,698 | ERROR | MFCC extraction failed /content/drive/MyDrive/SATB_Model/Dataset/Processed/Train/Alto/A09 - kk marya/R7_3.wav : when mode='interp', width=9 cannot exceed data.shape[axis]=7
2026-07-27 06:51:24,281 | ERROR | MFCC extraction failed /content/drive/MyDrive/SATB_Model/Dataset/Augmented/Train/Alto/A08 - nabila/R6_1_aug_pitch_shift.wav : when mode='interp', width=9 cannot exceed data.shape[axis]=7
2026-07-27 06:51:24,294 | ERROR | MFCC extraction failed /content/drive/MyDrive/SATB_Model/Dataset/Augmented/Train/Alto/A08 - nabila/R6_1_aug_time_stretch.wav : when mode='interp', width=9 cannot exceed data.shape[axis]=7
2026-07-27 06:51:24,320 | ERROR | MFCC extraction failed /content/drive/MyDrive/SATB_Model/Dataset/Augmented/Train/Alto/A08 - nabila/R6_1_aug_gaussian_noise.wav : when mode='interp', width=9 cannot exceed data.shape[axis]=7
2026-07-27 06:51:24,330 | ERROR | MFCC extraction failed /content/drive/MyDrive/SATB_Model/Dataset/Augmented/Train/Alto/A08 - nabila/R6_1_aug_gain.wav : when mode='interp', width=9 cannot exceed data.shape[axis]=7
2026-07-27 06:51:26,064 | ERROR | MFCC extraction failed /content/drive/MyDrive/SATB_Model/Dataset/Augmented/Train/Alto/A09 - kk marya/R7_3_aug_pitch_shift.wav : when mode='interp', width=9 cannot exceed data.shape[axis]=7
2026-07-27 06:51:26,072 | ERROR | MFCC extraction failed /content/drive/MyDrive/SATB_Model/Dataset/Augmented/Train/Alto/A09 - kk marya/R7_3_aug_time_stretch.wav : when mode='interp', width=9 cannot exceed data.shape[axis]=6
2026-07-27 06:51:26,081 | ERROR | MFCC extraction failed /content/drive/MyDrive/SATB_Model/Dataset/Augmented/Train/Alto/A09 - kk marya/R7_3_aug_gaussian_noise.wav : when mode='interp', width=9 cannot exceed data.shape[axis]=7
2026-07-27 06:51:26,091 | ERROR | MFCC extraction failed /content/drive/MyDrive/SATB_Model/Dataset/Augmented/Train/Alto/A09 - kk marya/R7_3_aug_gain.wav : when mode='interp', width=9 cannot exceed data.shape[axis]=7
2026-07-27 06:52:00,846 | ERROR | MFCC extraction failed /content/drive/MyDrive/SATB_Model/Dataset/Processed/Validation/Soprano/S04 - kezia/R3_2.wav : when mode='interp', width=9 cannot exceed data.shape[axis]=8
2026-07-27 06:52:10,932 | ERROR | MFCC extraction failed /content/drive/MyDrive/SATB_Model/Dataset/Processed/Test/Tenor/T04 - zaky/R7_1.wav : when mode='interp', width=9 cannot exceed data.shape[axis]=7
2026-07-27 06:52:14,007 | ERROR | MFCC extraction failed /content/drive/MyDrive/SATB_Model/Dataset/Processed/External/Alto/A03/R2_2.wav : 
2026-07-27 06:58:17,421 | INFO | CNN training completed.
2026-07-27 07:01:06,063 | INFO | Pipeline initialized.
2026-07-27 07:01:06,430 | INFO | Base directory: /content/drive/MyDrive/SATB_Model
2026-07-27 07:04:00,024 | INFO | Pipeline initialized.
2026-07-27 07:04:00,038 | INFO | Base directory: /content/drive/MyDrive/SATB_Model
2026-07-27 07:04:09,450 | ERROR | MFCC extraction stage failed.
Traceback (most recent call last):
  File "/tmp/ipykernel_1148/3032097289.py", line 330, in <cell line: 0>
    split_df,
    ^^^^^^^^
NameError: name 'split_df' is not defined
2026-07-27 07:05:41,113 | WARNING | Missing R7 in /content/drive/MyDrive/SATB_Model/Dataset/Raw/Internal/Soprano/S14 - naya
2026-07-27 07:06:56,301 | WARNING | Missing R5 in /content/drive/MyDrive/SATB_Model/Dataset/Raw/Internal/Alto/A13 - kk tania
2026-07-27 07:06:56,302 | WARNING | Missing R6 in /content/drive/MyDrive/SATB_Model/Dataset/Raw/Internal/Alto/A13 - kk tania
2026-07-27 07:06:56,305 | WARNING | Missing R7 in /content/drive/MyDrive/SATB_Model/Dataset/Raw/Internal/Alto/A13 - kk tania
2026-07-27 07:07:06,109 | WARNING | Missing R6 in /content/drive/MyDrive/SATB_Model/Dataset/Raw/Internal/Alto/A15 - suri
2026-07-27 07:07:06,110 | WARNING | Missing R7 in /content/drive/MyDrive/SATB_Model/Dataset/Raw/Internal/Alto/A15 - suri
2026-07-27 07:08:03,443 | WARNING | Missing R5 in /content/drive/MyDrive/SATB_Model/Dataset/Raw/Internal/Tenor/T12 - Ernest
2026-07-27 07:08:03,445 | WARNING | Missing R6 in /content/drive/MyDrive/SATB_Model/Dataset/Raw/Internal/Tenor/T12 - Ernest
2026-07-27 07:08:03,445 | WARNING | Missing R7 in /content/drive/MyDrive/SATB_Model/Dataset/Raw/Internal/Tenor/T12 - Ernest
2026-07-27 07:08:06,668 | WARNING | Missing R6 in /content/drive/MyDrive/SATB_Model/Dataset/Raw/Internal/Tenor/T13 - Ilham
2026-07-27 07:08:06,675 | WARNING | Missing R7 in /content/drive/MyDrive/SATB_Model/Dataset/Raw/Internal/Tenor/T13 - Ilham
2026-07-27 07:08:09,811 | WARNING | Missing R7 in /content/drive/MyDrive/SATB_Model/Dataset/Raw/Internal/Tenor/T15 - Agung
2026-07-27 07:09:53,420 | WARNING | Missing R1 in /content/drive/MyDrive/SATB_Model/Dataset/Raw/External/Tenor/T02
2026-07-27 07:56:10,432 | INFO | Pipeline initialized.
2026-07-27 07:56:10,448 | INFO | Base directory: /content/drive/MyDrive/SATB_Model
2026-07-27 07:56:24,627 | WARNING | Missing R7 in /content/drive/MyDrive/SATB_Model/Dataset/Raw/Internal/Soprano/S14 - naya
2026-07-27 07:56:28,960 | WARNING | Missing R5 in /content/drive/MyDrive/SATB_Model/Dataset/Raw/Internal/Alto/A13 - kk tania
2026-07-27 07:56:28,961 | WARNING | Missing R6 in /content/drive/MyDrive/SATB_Model/Dataset/Raw/Internal/Alto/A13 - kk tania
2026-07-27 07:56:28,970 | WARNING | Missing R7 in /content/drive/MyDrive/SATB_Model/Dataset/Raw/Internal/Alto/A13 - kk tania
2026-07-27 07:56:29,452 | WARNING | Missing R6 in /content/drive/MyDrive/SATB_Model/Dataset/Raw/Internal/Alto/A15 - suri
2026-07-27 07:56:29,454 | WARNING | Missing R7 in /content/drive/MyDrive/SATB_Model/Dataset/Raw/Internal/Alto/A15 - suri
2026-07-27 07:56:31,616 | WARNING | Missing R5 in /content/drive/MyDrive/SATB_Model/Dataset/Raw/Internal/Tenor/T12 - Ernest
2026-07-27 07:56:31,619 | WARNING | Missing R6 in /content/drive/MyDrive/SATB_Model/Dataset/Raw/Internal/Tenor/T12 - Ernest
2026-07-27 07:56:31,627 | WARNING | Missing R7 in /content/drive/MyDrive/SATB_Model/Dataset/Raw/Internal/Tenor/T12 - Ernest
2026-07-27 07:56:31,832 | WARNING | Missing R6 in /content/drive/MyDrive/SATB_Model/Dataset/Raw/Internal/Tenor/T13 - Ilham
2026-07-27 07:56:31,833 | WARNING | Missing R7 in /content/drive/MyDrive/SATB_Model/Dataset/Raw/Internal/Tenor/T13 - Ilham
2026-07-27 07:56:32,026 | WARNING | Missing R7 in /content/drive/MyDrive/SATB_Model/Dataset/Raw/Internal/Tenor/T15 - Agung
2026-07-27 07:56:34,991 | WARNING | Missing R1 in /content/drive/MyDrive/SATB_Model/Dataset/Raw/External/Tenor/T02
2026-07-27 08:01:03,815 | INFO | Preprocessing metadata saved: /content/drive/MyDrive/SATB_Model/Dataset/Metadata/metadata_preprocessing.csv
2026-07-27 08:02:46,323 | INFO | Split 15 singers -> Train=9 Validation=3 Test=3
2026-07-27 08:02:46,328 | INFO | Split 15 singers -> Train=9 Validation=3 Test=3
2026-07-27 08:02:46,330 | INFO | Split 14 singers -> Train=8 Validation=3 Test=3
2026-07-27 08:02:46,333 | INFO | Split 14 singers -> Train=8 Validation=3 Test=3
2026-07-27 08:02:48,741 | INFO | Split metadata saved: /content/drive/MyDrive/SATB_Model/Dataset/Metadata/metadata_split.csv
2026-07-27 08:02:48,751 | INFO | Dataset metadata saved: /content/drive/MyDrive/SATB_Model/Dataset/Metadata/metadata_dataset.csv
2026-07-27 08:21:00,479 | INFO | Augmentation metadata saved: /content/drive/MyDrive/SATB_Model/Dataset/Metadata/metadata_augmentation.csv
2026-07-27 08:21:48,303 | ERROR | MFCC scan failed /content/drive/MyDrive/SATB_Model/Dataset/Processed/Train/Alto/A08 - nabila/R6_1.wav : when mode='interp', width=9 cannot exceed data.shape[axis]=7
2026-07-27 08:21:48,862 | ERROR | MFCC scan failed /content/drive/MyDrive/SATB_Model/Dataset/Processed/Train/Alto/A09 - kk marya/R7_3.wav : when mode='interp', width=9 cannot exceed data.shape[axis]=7
2026-07-27 08:22:39,203 | ERROR | MFCC scan failed /content/drive/MyDrive/SATB_Model/Dataset/Augmented/Train/Alto/A08 - nabila/R6_1_aug_pitch_shift.wav : when mode='interp', width=9 cannot exceed data.shape[axis]=7
2026-07-27 08:22:39,223 | ERROR | MFCC scan failed /content/drive/MyDrive/SATB_Model/Dataset/Augmented/Train/Alto/A08 - nabila/R6_1_aug_time_stretch.wav : when mode='interp', width=9 cannot exceed data.shape[axis]=7
2026-07-27 08:22:39,237 | ERROR | MFCC scan failed /content/drive/MyDrive/SATB_Model/Dataset/Augmented/Train/Alto/A08 - nabila/R6_1_aug_gaussian_noise.wav : when mode='interp', width=9 cannot exceed data.shape[axis]=7
2026-07-27 08:22:39,251 | ERROR | MFCC scan failed /content/drive/MyDrive/SATB_Model/Dataset/Augmented/Train/Alto/A08 - nabila/R6_1_aug_gain.wav : when mode='interp', width=9 cannot exceed data.shape[axis]=7
2026-07-27 08:22:41,892 | ERROR | MFCC scan failed /content/drive/MyDrive/SATB_Model/Dataset/Augmented/Train/Alto/A09 - kk marya/R7_3_aug_pitch_shift.wav : when mode='interp', width=9 cannot exceed data.shape[axis]=7
2026-07-27 08:22:41,909 | ERROR | MFCC scan failed /content/drive/MyDrive/SATB_Model/Dataset/Augmented/Train/Alto/A09 - kk marya/R7_3_aug_time_stretch.wav : when mode='interp', width=9 cannot exceed data.shape[axis]=6
2026-07-27 08:22:41,923 | ERROR | MFCC scan failed /content/drive/MyDrive/SATB_Model/Dataset/Augmented/Train/Alto/A09 - kk marya/R7_3_aug_gaussian_noise.wav : when mode='interp', width=9 cannot exceed data.shape[axis]=7
2026-07-27 08:22:41,937 | ERROR | MFCC scan failed /content/drive/MyDrive/SATB_Model/Dataset/Augmented/Train/Alto/A09 - kk marya/R7_3_aug_gain.wav : when mode='interp', width=9 cannot exceed data.shape[axis]=7
2026-07-27 08:23:28,832 | ERROR | MFCC scan failed /content/drive/MyDrive/SATB_Model/Dataset/Processed/Validation/Soprano/S04 - kezia/R3_2.wav : when mode='interp', width=9 cannot exceed data.shape[axis]=8
2026-07-27 08:25:02,208 | ERROR | MFCC scan failed /content/drive/MyDrive/SATB_Model/Dataset/Processed/Test/Tenor/T04 - zaky/R7_1.wav : when mode='interp', width=9 cannot exceed data.shape[axis]=7
2026-07-27 08:25:30,098 | ERROR | MFCC extraction failed /content/drive/MyDrive/SATB_Model/Dataset/Processed/Train/Alto/A08 - nabila/R6_1.wav : when mode='interp', width=9 cannot exceed data.shape[axis]=7
2026-07-27 08:25:31,674 | ERROR | MFCC extraction failed /content/drive/MyDrive/SATB_Model/Dataset/Processed/Train/Alto/A09 - kk marya/R7_3.wav : when mode='interp', width=9 cannot exceed data.shape[axis]=7
2026-07-27 08:26:15,658 | ERROR | MFCC extraction failed /content/drive/MyDrive/SATB_Model/Dataset/Augmented/Train/Alto/A08 - nabila/R6_1_aug_pitch_shift.wav : when mode='interp', width=9 cannot exceed data.shape[axis]=7
2026-07-27 08:26:15,669 | ERROR | MFCC extraction failed /content/drive/MyDrive/SATB_Model/Dataset/Augmented/Train/Alto/A08 - nabila/R6_1_aug_time_stretch.wav : when mode='interp', width=9 cannot exceed data.shape[axis]=7
2026-07-27 08:26:15,681 | ERROR | MFCC extraction failed /content/drive/MyDrive/SATB_Model/Dataset/Augmented/Train/Alto/A08 - nabila/R6_1_aug_gaussian_noise.wav : when mode='interp', width=9 cannot exceed data.shape[axis]=7
2026-07-27 08:26:15,693 | ERROR | MFCC extraction failed /content/drive/MyDrive/SATB_Model/Dataset/Augmented/Train/Alto/A08 - nabila/R6_1_aug_gain.wav : when mode='interp', width=9 cannot exceed data.shape[axis]=7
2026-07-27 08:26:19,376 | ERROR | MFCC extraction failed /content/drive/MyDrive/SATB_Model/Dataset/Augmented/Train/Alto/A09 - kk marya/R7_3_aug_pitch_shift.wav : when mode='interp', width=9 cannot exceed data.shape[axis]=7
2026-07-27 08:26:19,408 | ERROR | MFCC extraction failed /content/drive/MyDrive/SATB_Model/Dataset/Augmented/Train/Alto/A09 - kk marya/R7_3_aug_time_stretch.wav : when mode='interp', width=9 cannot exceed data.shape[axis]=6
2026-07-27 08:26:19,431 | ERROR | MFCC extraction failed /content/drive/MyDrive/SATB_Model/Dataset/Augmented/Train/Alto/A09 - kk marya/R7_3_aug_gaussian_noise.wav : when mode='interp', width=9 cannot exceed data.shape[axis]=7
2026-07-27 08:26:19,455 | ERROR | MFCC extraction failed /content/drive/MyDrive/SATB_Model/Dataset/Augmented/Train/Alto/A09 - kk marya/R7_3_aug_gain.wav : when mode='interp', width=9 cannot exceed data.shape[axis]=7
2026-07-27 08:27:06,587 | ERROR | MFCC extraction failed /content/drive/MyDrive/SATB_Model/Dataset/Processed/Validation/Soprano/S04 - kezia/R3_2.wav : when mode='interp', width=9 cannot exceed data.shape[axis]=8
2026-07-27 08:27:17,857 | ERROR | MFCC extraction failed /content/drive/MyDrive/SATB_Model/Dataset/Processed/Test/Tenor/T04 - zaky/R7_1.wav : when mode='interp', width=9 cannot exceed data.shape[axis]=7
2026-07-27 08:27:45,969 | ERROR | MFCC extraction failed /content/drive/MyDrive/SATB_Model/Dataset/Processed/External/Alto/A03/R2_2.wav : 
2026-07-27 09:40:25,962 | INFO | CNN training completed.
2026-07-27 09:44:17,509 | INFO | Loaded best model from /content/drive/MyDrive/SATB_Model/Model/cnn_satb_best.keras
2026-07-27 09:44:50,839 | INFO | Loaded best model from /content/drive/MyDrive/SATB_Model/Model/cnn_satb_best.keras
2026-07-27 09:56:59,250 | INFO | Final model saved: /content/drive/MyDrive/SATB_Model/Model/cnn_satb.keras
2026-07-28 02:02:53,966 | INFO | Pipeline initialized.
2026-07-28 02:02:54,177 | INFO | Base directory: /content/drive/MyDrive/SATB_Model
2026-07-28 03:03:18,117 | INFO | Pipeline initialized.
2026-07-28 03:03:18,121 | INFO | Base directory: /content/drive/MyDrive/SATB_Model
2026-07-28 03:09:43,846 | WARNING | Missing R7 in /content/drive/MyDrive/SATB_Model/Dataset/Raw/Internal/Soprano/S14 - naya
2026-07-28 03:11:04,997 | WARNING | Missing R5 in /content/drive/MyDrive/SATB_Model/Dataset/Raw/Internal/Alto/A13 - kk tania
2026-07-28 03:11:04,999 | WARNING | Missing R6 in /content/drive/MyDrive/SATB_Model/Dataset/Raw/Internal/Alto/A13 - kk tania
2026-07-28 03:11:05,003 | WARNING | Missing R7 in /content/drive/MyDrive/SATB_Model/Dataset/Raw/Internal/Alto/A13 - kk tania
2026-07-28 03:11:14,821 | WARNING | Missing R6 in /content/drive/MyDrive/SATB_Model/Dataset/Raw/Internal/Alto/A15 - suri
2026-07-28 03:11:14,829 | WARNING | Missing R7 in /content/drive/MyDrive/SATB_Model/Dataset/Raw/Internal/Alto/A15 - suri
2026-07-28 03:12:16,475 | WARNING | Missing R5 in /content/drive/MyDrive/SATB_Model/Dataset/Raw/Internal/Tenor/T12 - Ernest
2026-07-28 03:12:16,477 | WARNING | Missing R6 in /content/drive/MyDrive/SATB_Model/Dataset/Raw/Internal/Tenor/T12 - Ernest
2026-07-28 03:12:16,478 | WARNING | Missing R7 in /content/drive/MyDrive/SATB_Model/Dataset/Raw/Internal/Tenor/T12 - Ernest
2026-07-28 03:12:21,659 | WARNING | Missing R6 in /content/drive/MyDrive/SATB_Model/Dataset/Raw/Internal/Tenor/T13 - Ilham
2026-07-28 03:12:21,660 | WARNING | Missing R7 in /content/drive/MyDrive/SATB_Model/Dataset/Raw/Internal/Tenor/T13 - Ilham
2026-07-28 03:12:25,007 | WARNING | Missing R7 in /content/drive/MyDrive/SATB_Model/Dataset/Raw/Internal/Tenor/T15 - Agung
2026-07-28 03:35:08,088 | INFO | Preprocessing metadata saved: /content/drive/MyDrive/SATB_Model/Dataset/Metadata/metadata_preprocessing.csv
2026-07-28 03:40:55,323 | INFO | Split 16 singers -> Train=10 Validation=3 Test=3
2026-07-28 03:40:55,326 | INFO | Split 15 singers -> Train=9 Validation=3 Test=3
2026-07-28 03:40:55,332 | INFO | Split 14 singers -> Train=8 Validation=3 Test=3
2026-07-28 03:40:55,338 | INFO | Split 15 singers -> Train=9 Validation=3 Test=3
2026-07-28 03:41:04,521 | INFO | Split metadata saved: /content/drive/MyDrive/SATB_Model/Dataset/Metadata/metadata_split.csv
2026-07-28 03:41:04,525 | INFO | Dataset metadata saved: /content/drive/MyDrive/SATB_Model/Dataset/Metadata/metadata_dataset.csv
2026-07-28 04:00:07,770 | INFO | Augmentation metadata saved: /content/drive/MyDrive/SATB_Model/Dataset/Metadata/metadata_augmentation.csv
2026-07-28 04:05:32,492 | ERROR | MFCC scan failed /content/drive/MyDrive/SATB_Model/Dataset/Processed/Train/Soprano/S04 - kezia/R3_2.wav : when mode='interp', width=9 cannot exceed data.shape[axis]=8
2026-07-28 04:05:43,193 | ERROR | MFCC scan failed /content/drive/MyDrive/SATB_Model/Dataset/Processed/Train/Alto/A08 - nabila/R6_1.wav : when mode='interp', width=9 cannot exceed data.shape[axis]=7
2026-07-28 04:05:43,777 | ERROR | MFCC scan failed /content/drive/MyDrive/SATB_Model/Dataset/Processed/Train/Alto/A09 - kk marya/R7_3.wav : when mode='interp', width=9 cannot exceed data.shape[axis]=7
2026-07-28 04:05:59,977 | ERROR | MFCC scan failed /content/drive/MyDrive/SATB_Model/Dataset/Augmented/Train/Soprano/S04 - kezia/R3_2_aug_pitch_shift.wav : when mode='interp', width=9 cannot exceed data.shape[axis]=8
2026-07-28 04:06:00,002 | ERROR | MFCC scan failed /content/drive/MyDrive/SATB_Model/Dataset/Augmented/Train/Soprano/S04 - kezia/R3_2_aug_time_stretch.wav : when mode='interp', width=9 cannot exceed data.shape[axis]=7
2026-07-28 04:06:00,020 | ERROR | MFCC scan failed /content/drive/MyDrive/SATB_Model/Dataset/Augmented/Train/Soprano/S04 - kezia/R3_2_aug_gaussian_noise.wav : when mode='interp', width=9 cannot exceed data.shape[axis]=8
2026-07-28 04:06:00,039 | ERROR | MFCC scan failed /content/drive/MyDrive/SATB_Model/Dataset/Augmented/Train/Soprano/S04 - kezia/R3_2_aug_gain.wav : when mode='interp', width=9 cannot exceed data.shape[axis]=8
2026-07-28 04:06:34,489 | ERROR | MFCC scan failed /content/drive/MyDrive/SATB_Model/Dataset/Augmented/Train/Alto/A08 - nabila/R6_1_aug_pitch_shift.wav : when mode='interp', width=9 cannot exceed data.shape[axis]=7
2026-07-28 04:06:34,503 | ERROR | MFCC scan failed /content/drive/MyDrive/SATB_Model/Dataset/Augmented/Train/Alto/A08 - nabila/R6_1_aug_time_stretch.wav : when mode='interp', width=9 cannot exceed data.shape[axis]=6
2026-07-28 04:06:34,515 | ERROR | MFCC scan failed /content/drive/MyDrive/SATB_Model/Dataset/Augmented/Train/Alto/A08 - nabila/R6_1_aug_gaussian_noise.wav : when mode='interp', width=9 cannot exceed data.shape[axis]=7
2026-07-28 04:06:34,527 | ERROR | MFCC scan failed /content/drive/MyDrive/SATB_Model/Dataset/Augmented/Train/Alto/A08 - nabila/R6_1_aug_gain.wav : when mode='interp', width=9 cannot exceed data.shape[axis]=7
2026-07-28 04:06:36,688 | ERROR | MFCC scan failed /content/drive/MyDrive/SATB_Model/Dataset/Augmented/Train/Alto/A09 - kk marya/R7_3_aug_pitch_shift.wav : when mode='interp', width=9 cannot exceed data.shape[axis]=7
2026-07-28 04:06:36,704 | ERROR | MFCC scan failed /content/drive/MyDrive/SATB_Model/Dataset/Augmented/Train/Alto/A09 - kk marya/R7_3_aug_time_stretch.wav : when mode='interp', width=9 cannot exceed data.shape[axis]=7
2026-07-28 04:06:36,723 | ERROR | MFCC scan failed /content/drive/MyDrive/SATB_Model/Dataset/Augmented/Train/Alto/A09 - kk marya/R7_3_aug_gaussian_noise.wav : when mode='interp', width=9 cannot exceed data.shape[axis]=7
2026-07-28 04:06:36,738 | ERROR | MFCC scan failed /content/drive/MyDrive/SATB_Model/Dataset/Augmented/Train/Alto/A09 - kk marya/R7_3_aug_gain.wav : when mode='interp', width=9 cannot exceed data.shape[axis]=7
2026-07-28 04:08:43,594 | ERROR | MFCC extraction failed /content/drive/MyDrive/SATB_Model/Dataset/Processed/Train/Soprano/S04 - kezia/R3_2.wav : when mode='interp', width=9 cannot exceed data.shape[axis]=8
2026-07-28 04:08:52,011 | ERROR | MFCC extraction failed /content/drive/MyDrive/SATB_Model/Dataset/Processed/Train/Alto/A08 - nabila/R6_1.wav : when mode='interp', width=9 cannot exceed data.shape[axis]=7
2026-07-28 04:08:52,605 | ERROR | MFCC extraction failed /content/drive/MyDrive/SATB_Model/Dataset/Processed/Train/Alto/A09 - kk marya/R7_3.wav : when mode='interp', width=9 cannot exceed data.shape[axis]=7
2026-07-28 04:09:09,103 | ERROR | MFCC extraction failed /content/drive/MyDrive/SATB_Model/Dataset/Augmented/Train/Soprano/S04 - kezia/R3_2_aug_pitch_shift.wav : when mode='interp', width=9 cannot exceed data.shape[axis]=8
2026-07-28 04:09:09,117 | ERROR | MFCC extraction failed /content/drive/MyDrive/SATB_Model/Dataset/Augmented/Train/Soprano/S04 - kezia/R3_2_aug_time_stretch.wav : when mode='interp', width=9 cannot exceed data.shape[axis]=7
2026-07-28 04:09:09,130 | ERROR | MFCC extraction failed /content/drive/MyDrive/SATB_Model/Dataset/Augmented/Train/Soprano/S04 - kezia/R3_2_aug_gaussian_noise.wav : when mode='interp', width=9 cannot exceed data.shape[axis]=8
2026-07-28 04:09:09,144 | ERROR | MFCC extraction failed /content/drive/MyDrive/SATB_Model/Dataset/Augmented/Train/Soprano/S04 - kezia/R3_2_aug_gain.wav : when mode='interp', width=9 cannot exceed data.shape[axis]=8
2026-07-28 04:09:45,030 | ERROR | MFCC extraction failed /content/drive/MyDrive/SATB_Model/Dataset/Augmented/Train/Alto/A08 - nabila/R6_1_aug_pitch_shift.wav : when mode='interp', width=9 cannot exceed data.shape[axis]=7
2026-07-28 04:09:45,043 | ERROR | MFCC extraction failed /content/drive/MyDrive/SATB_Model/Dataset/Augmented/Train/Alto/A08 - nabila/R6_1_aug_time_stretch.wav : when mode='interp', width=9 cannot exceed data.shape[axis]=6
2026-07-28 04:09:45,057 | ERROR | MFCC extraction failed /content/drive/MyDrive/SATB_Model/Dataset/Augmented/Train/Alto/A08 - nabila/R6_1_aug_gaussian_noise.wav : when mode='interp', width=9 cannot exceed data.shape[axis]=7
2026-07-28 04:09:45,071 | ERROR | MFCC extraction failed /content/drive/MyDrive/SATB_Model/Dataset/Augmented/Train/Alto/A08 - nabila/R6_1_aug_gain.wav : when mode='interp', width=9 cannot exceed data.shape[axis]=7
2026-07-28 04:09:47,475 | ERROR | MFCC extraction failed /content/drive/MyDrive/SATB_Model/Dataset/Augmented/Train/Alto/A09 - kk marya/R7_3_aug_pitch_shift.wav : when mode='interp', width=9 cannot exceed data.shape[axis]=7
2026-07-28 04:09:47,502 | ERROR | MFCC extraction failed /content/drive/MyDrive/SATB_Model/Dataset/Augmented/Train/Alto/A09 - kk marya/R7_3_aug_time_stretch.wav : when mode='interp', width=9 cannot exceed data.shape[axis]=7
2026-07-28 04:09:47,529 | ERROR | MFCC extraction failed /content/drive/MyDrive/SATB_Model/Dataset/Augmented/Train/Alto/A09 - kk marya/R7_3_aug_gaussian_noise.wav : when mode='interp', width=9 cannot exceed data.shape[axis]=7
2026-07-28 04:09:47,552 | ERROR | MFCC extraction failed /content/drive/MyDrive/SATB_Model/Dataset/Augmented/Train/Alto/A09 - kk marya/R7_3_aug_gain.wav : when mode='interp', width=9 cannot exceed data.shape[axis]=7
2026-07-28 04:11:30,519 | ERROR | MFCC extraction failed /content/drive/MyDrive/SATB_Model/Dataset/Processed/External/Alto/A03/R2_2.wav : 
2026-07-28 05:05:35,084 | INFO | Pipeline initialized.
2026-07-28 05:05:36,052 | INFO | Base directory: /content/drive/MyDrive/SATB_Model
2026-07-28 05:07:50,316 | WARNING | Missing R7 in /content/drive/MyDrive/SATB_Model/Dataset/Raw/Internal/Soprano/S14 - naya
2026-07-28 05:09:56,179 | WARNING | Missing R5 in /content/drive/MyDrive/SATB_Model/Dataset/Raw/Internal/Alto/A13 - kk tania
2026-07-28 05:09:56,181 | WARNING | Missing R6 in /content/drive/MyDrive/SATB_Model/Dataset/Raw/Internal/Alto/A13 - kk tania
2026-07-28 05:09:56,183 | WARNING | Missing R7 in /content/drive/MyDrive/SATB_Model/Dataset/Raw/Internal/Alto/A13 - kk tania
2026-07-28 05:10:12,555 | WARNING | Missing R6 in /content/drive/MyDrive/SATB_Model/Dataset/Raw/Internal/Alto/A15 - suri
2026-07-28 05:10:12,556 | WARNING | Missing R7 in /content/drive/MyDrive/SATB_Model/Dataset/Raw/Internal/Alto/A15 - suri
2026-07-28 05:11:42,712 | WARNING | Missing R5 in /content/drive/MyDrive/SATB_Model/Dataset/Raw/Internal/Tenor/T12 - Ernest
2026-07-28 05:11:42,714 | WARNING | Missing R6 in /content/drive/MyDrive/SATB_Model/Dataset/Raw/Internal/Tenor/T12 - Ernest
2026-07-28 05:11:42,716 | WARNING | Missing R7 in /content/drive/MyDrive/SATB_Model/Dataset/Raw/Internal/Tenor/T12 - Ernest
2026-07-28 05:11:50,901 | WARNING | Missing R6 in /content/drive/MyDrive/SATB_Model/Dataset/Raw/Internal/Tenor/T13 - Ilham
2026-07-28 05:11:50,902 | WARNING | Missing R7 in /content/drive/MyDrive/SATB_Model/Dataset/Raw/Internal/Tenor/T13 - Ilham
2026-07-28 05:11:57,438 | WARNING | Missing R7 in /content/drive/MyDrive/SATB_Model/Dataset/Raw/Internal/Tenor/T15 - Agung
2026-07-28 05:26:49,408 | INFO | Preprocessing metadata saved: /content/drive/MyDrive/SATB_Model/Dataset/Metadata/metadata_preprocessing.csv
2026-07-28 05:27:03,342 | INFO | Split 16 singers -> Train=10 Validation=3 Test=3
2026-07-28 05:27:03,344 | INFO | Split 15 singers -> Train=9 Validation=3 Test=3
2026-07-28 05:27:03,346 | INFO | Split 14 singers -> Train=8 Validation=3 Test=3
2026-07-28 05:27:03,349 | INFO | Split 15 singers -> Train=9 Validation=3 Test=3
2026-07-28 05:27:05,172 | INFO | Split metadata saved: /content/drive/MyDrive/SATB_Model/Dataset/Metadata/metadata_split.csv
2026-07-28 05:27:05,173 | INFO | Dataset metadata saved: /content/drive/MyDrive/SATB_Model/Dataset/Metadata/metadata_dataset.csv
2026-07-28 05:52:44,534 | INFO | Augmentation metadata saved: /content/drive/MyDrive/SATB_Model/Dataset/Metadata/metadata_augmentation.csv
2026-07-28 05:52:45,093 | ERROR | MFCC scan failed /content/drive/MyDrive/SATB_Model/Dataset/Processed/Train/Soprano/S04 - kezia/R3_2.wav : when mode='interp', width=9 cannot exceed data.shape[axis]=8
2026-07-28 05:52:49,513 | ERROR | MFCC scan failed /content/drive/MyDrive/SATB_Model/Dataset/Processed/Train/Alto/A08 - nabila/R6_1.wav : when mode='interp', width=9 cannot exceed data.shape[axis]=7
2026-07-28 05:52:49,903 | ERROR | MFCC scan failed /content/drive/MyDrive/SATB_Model/Dataset/Processed/Train/Alto/A09 - kk marya/R7_3.wav : when mode='interp', width=9 cannot exceed data.shape[axis]=7
2026-07-28 05:53:00,605 | ERROR | MFCC scan failed /content/drive/MyDrive/SATB_Model/Dataset/Augmented/Train/Soprano/S04 - kezia/R3_2_aug_pitch_shift.wav : when mode='interp', width=9 cannot exceed data.shape[axis]=8
2026-07-28 05:53:00,615 | ERROR | MFCC scan failed /content/drive/MyDrive/SATB_Model/Dataset/Augmented/Train/Soprano/S04 - kezia/R3_2_aug_time_stretch.wav : when mode='interp', width=9 cannot exceed data.shape[axis]=7
2026-07-28 05:53:00,624 | ERROR | MFCC scan failed /content/drive/MyDrive/SATB_Model/Dataset/Augmented/Train/Soprano/S04 - kezia/R3_2_aug_gaussian_noise.wav : when mode='interp', width=9 cannot exceed data.shape[axis]=8
2026-07-28 05:53:00,633 | ERROR | MFCC scan failed /content/drive/MyDrive/SATB_Model/Dataset/Augmented/Train/Soprano/S04 - kezia/R3_2_aug_gain.wav : when mode='interp', width=9 cannot exceed data.shape[axis]=8
2026-07-28 05:53:20,027 | ERROR | MFCC scan failed /content/drive/MyDrive/SATB_Model/Dataset/Augmented/Train/Alto/A08 - nabila/R6_1_aug_pitch_shift.wav : when mode='interp', width=9 cannot exceed data.shape[axis]=7
2026-07-28 05:53:20,037 | ERROR | MFCC scan failed /content/drive/MyDrive/SATB_Model/Dataset/Augmented/Train/Alto/A08 - nabila/R6_1_aug_time_stretch.wav : when mode='interp', width=9 cannot exceed data.shape[axis]=6
2026-07-28 05:53:20,046 | ERROR | MFCC scan failed /content/drive/MyDrive/SATB_Model/Dataset/Augmented/Train/Alto/A08 - nabila/R6_1_aug_gaussian_noise.wav : when mode='interp', width=9 cannot exceed data.shape[axis]=7
2026-07-28 05:53:20,057 | ERROR | MFCC scan failed /content/drive/MyDrive/SATB_Model/Dataset/Augmented/Train/Alto/A08 - nabila/R6_1_aug_gain.wav : when mode='interp', width=9 cannot exceed data.shape[axis]=7
2026-07-28 05:53:23,346 | ERROR | MFCC scan failed /content/drive/MyDrive/SATB_Model/Dataset/Augmented/Train/Alto/A09 - kk marya/R7_3_aug_pitch_shift.wav : when mode='interp', width=9 cannot exceed data.shape[axis]=7
2026-07-28 05:53:23,371 | ERROR | MFCC scan failed /content/drive/MyDrive/SATB_Model/Dataset/Augmented/Train/Alto/A09 - kk marya/R7_3_aug_time_stretch.wav : when mode='interp', width=9 cannot exceed data.shape[axis]=7
2026-07-28 05:53:23,396 | ERROR | MFCC scan failed /content/drive/MyDrive/SATB_Model/Dataset/Augmented/Train/Alto/A09 - kk marya/R7_3_aug_gaussian_noise.wav : when mode='interp', width=9 cannot exceed data.shape[axis]=7
2026-07-28 05:53:23,417 | ERROR | MFCC scan failed /content/drive/MyDrive/SATB_Model/Dataset/Augmented/Train/Alto/A09 - kk marya/R7_3_aug_gain.wav : when mode='interp', width=9 cannot exceed data.shape[axis]=7
2026-07-28 05:57:02,381 | ERROR | MFCC extraction failed /content/drive/MyDrive/SATB_Model/Dataset/Processed/Train/Soprano/S04 - kezia/R3_2.wav : when mode='interp', width=9 cannot exceed data.shape[axis]=8
2026-07-28 05:57:09,931 | ERROR | MFCC extraction failed /content/drive/MyDrive/SATB_Model/Dataset/Processed/Train/Alto/A08 - nabila/R6_1.wav : when mode='interp', width=9 cannot exceed data.shape[axis]=7
2026-07-28 05:57:10,326 | ERROR | MFCC extraction failed /content/drive/MyDrive/SATB_Model/Dataset/Processed/Train/Alto/A09 - kk marya/R7_3.wav : when mode='interp', width=9 cannot exceed data.shape[axis]=7
2026-07-28 05:57:18,315 | ERROR | MFCC extraction failed /content/drive/MyDrive/SATB_Model/Dataset/Augmented/Train/Soprano/S04 - kezia/R3_2_aug_pitch_shift.wav : when mode='interp', width=9 cannot exceed data.shape[axis]=8
2026-07-28 05:57:18,324 | ERROR | MFCC extraction failed /content/drive/MyDrive/SATB_Model/Dataset/Augmented/Train/Soprano/S04 - kezia/R3_2_aug_time_stretch.wav : when mode='interp', width=9 cannot exceed data.shape[axis]=7
2026-07-28 05:57:18,336 | ERROR | MFCC extraction failed /content/drive/MyDrive/SATB_Model/Dataset/Augmented/Train/Soprano/S04 - kezia/R3_2_aug_gaussian_noise.wav : when mode='interp', width=9 cannot exceed data.shape[axis]=8
2026-07-28 05:57:18,346 | ERROR | MFCC extraction failed /content/drive/MyDrive/SATB_Model/Dataset/Augmented/Train/Soprano/S04 - kezia/R3_2_aug_gain.wav : when mode='interp', width=9 cannot exceed data.shape[axis]=8
2026-07-28 05:57:42,775 | ERROR | MFCC extraction failed /content/drive/MyDrive/SATB_Model/Dataset/Augmented/Train/Alto/A08 - nabila/R6_1_aug_pitch_shift.wav : when mode='interp', width=9 cannot exceed data.shape[axis]=7
2026-07-28 05:57:42,788 | ERROR | MFCC extraction failed /content/drive/MyDrive/SATB_Model/Dataset/Augmented/Train/Alto/A08 - nabila/R6_1_aug_time_stretch.wav : when mode='interp', width=9 cannot exceed data.shape[axis]=6
2026-07-28 05:57:42,798 | ERROR | MFCC extraction failed /content/drive/MyDrive/SATB_Model/Dataset/Augmented/Train/Alto/A08 - nabila/R6_1_aug_gaussian_noise.wav : when mode='interp', width=9 cannot exceed data.shape[axis]=7
2026-07-28 05:57:42,807 | ERROR | MFCC extraction failed /content/drive/MyDrive/SATB_Model/Dataset/Augmented/Train/Alto/A08 - nabila/R6_1_aug_gain.wav : when mode='interp', width=9 cannot exceed data.shape[axis]=7
2026-07-28 05:57:44,378 | ERROR | MFCC extraction failed /content/drive/MyDrive/SATB_Model/Dataset/Augmented/Train/Alto/A09 - kk marya/R7_3_aug_pitch_shift.wav : when mode='interp', width=9 cannot exceed data.shape[axis]=7
2026-07-28 05:57:44,390 | ERROR | MFCC extraction failed /content/drive/MyDrive/SATB_Model/Dataset/Augmented/Train/Alto/A09 - kk marya/R7_3_aug_time_stretch.wav : when mode='interp', width=9 cannot exceed data.shape[axis]=7
2026-07-28 05:57:44,409 | ERROR | MFCC extraction failed /content/drive/MyDrive/SATB_Model/Dataset/Augmented/Train/Alto/A09 - kk marya/R7_3_aug_gaussian_noise.wav : when mode='interp', width=9 cannot exceed data.shape[axis]=7
2026-07-28 05:57:44,419 | ERROR | MFCC extraction failed /content/drive/MyDrive/SATB_Model/Dataset/Augmented/Train/Alto/A09 - kk marya/R7_3_aug_gain.wav : when mode='interp', width=9 cannot exceed data.shape[axis]=7
2026-07-28 05:59:05,967 | ERROR | MFCC extraction failed /content/drive/MyDrive/SATB_Model/Dataset/Processed/External/Alto/A03/R2_2.wav : 
2026-07-28 06:01:38,090 | INFO | CNN training completed.
2026-07-28 06:03:52,392 | INFO | CNN training completed.
2026-07-28 06:05:55,396 | INFO | Loaded best model from /content/drive/MyDrive/SATB_Model/Model/cnn_satb_best.keras
2026-07-28 06:06:50,242 | INFO | Final model saved: /content/drive/MyDrive/SATB_Model/Model/cnn_satb.keras
2026-07-28 06:57:00,277 | WARNING | 5 out of the last 68 calls to <function TensorFlowTrainer.make_predict_function.<locals>.one_step_on_data_distributed at 0x7e4774443880> triggered tf.function retracing. Tracing is expensive and the excessive number of tracings could be due to (1) creating @tf.function repeatedly in a loop, (2) passing tensors with different shapes, (3) passing Python objects instead of tensors. For (1), please define your @tf.function outside of the loop. For (2), @tf.function has reduce_retracing=True option that can avoid unnecessary retracing. For (3), please refer to https://www.tensorflow.org/guide/function#controlling_retracing and https://www.tensorflow.org/api_docs/python/tf/function for  more details.
2026-07-28 09:59:54,410 | INFO | Pipeline initialized.
2026-07-28 09:59:55,146 | INFO | Base directory: /content/drive/MyDrive/SATB_Model
2026-07-28 10:17:28,388 | INFO | Pipeline initialized.
2026-07-28 10:17:28,392 | INFO | Base directory: /content/drive/MyDrive/SATB_Model
2026-07-28 10:19:37,616 | WARNING | Missing R7 in /content/drive/MyDrive/SATB_Model/Dataset/Raw/Internal/Soprano/S14 - naya
2026-07-28 10:20:58,951 | WARNING | Missing R5 in /content/drive/MyDrive/SATB_Model/Dataset/Raw/Internal/Alto/A13 - kk tania
2026-07-28 10:20:58,953 | WARNING | Missing R6 in /content/drive/MyDrive/SATB_Model/Dataset/Raw/Internal/Alto/A13 - kk tania
2026-07-28 10:20:58,955 | WARNING | Missing R7 in /content/drive/MyDrive/SATB_Model/Dataset/Raw/Internal/Alto/A13 - kk tania
2026-07-28 10:21:09,191 | WARNING | Missing R6 in /content/drive/MyDrive/SATB_Model/Dataset/Raw/Internal/Alto/A15 - suri
2026-07-28 10:21:09,193 | WARNING | Missing R7 in /content/drive/MyDrive/SATB_Model/Dataset/Raw/Internal/Alto/A15 - suri
2026-07-28 10:22:13,265 | WARNING | Missing R5 in /content/drive/MyDrive/SATB_Model/Dataset/Raw/Internal/Tenor/T12 - Ernest
2026-07-28 10:22:13,268 | WARNING | Missing R6 in /content/drive/MyDrive/SATB_Model/Dataset/Raw/Internal/Tenor/T12 - Ernest
2026-07-28 10:22:13,269 | WARNING | Missing R7 in /content/drive/MyDrive/SATB_Model/Dataset/Raw/Internal/Tenor/T12 - Ernest
2026-07-28 10:22:18,416 | WARNING | Missing R6 in /content/drive/MyDrive/SATB_Model/Dataset/Raw/Internal/Tenor/T13 - Ilham
2026-07-28 10:22:18,418 | WARNING | Missing R7 in /content/drive/MyDrive/SATB_Model/Dataset/Raw/Internal/Tenor/T13 - Ilham
2026-07-28 10:22:23,007 | WARNING | Missing R7 in /content/drive/MyDrive/SATB_Model/Dataset/Raw/Internal/Tenor/T15 - Agung
2026-07-28 13:22:00,228 | INFO | Pipeline initialized.
2026-07-28 13:22:00,508 | INFO | Base directory: /content/drive/MyDrive/SATB_Model
2026-07-28 13:24:03,804 | WARNING | Missing R7 in /content/drive/MyDrive/SATB_Model/Dataset/Raw/Internal/Soprano/S14 - naya
2026-07-28 13:25:52,449 | WARNING | Missing R5 in /content/drive/MyDrive/SATB_Model/Dataset/Raw/Internal/Alto/A13 - kk tania
2026-07-28 13:25:52,452 | WARNING | Missing R6 in /content/drive/MyDrive/SATB_Model/Dataset/Raw/Internal/Alto/A13 - kk tania
2026-07-28 13:25:52,453 | WARNING | Missing R7 in /content/drive/MyDrive/SATB_Model/Dataset/Raw/Internal/Alto/A13 - kk tania
2026-07-28 13:26:04,047 | WARNING | Missing R6 in /content/drive/MyDrive/SATB_Model/Dataset/Raw/Internal/Alto/A15 - suri
2026-07-28 13:26:04,049 | WARNING | Missing R7 in /content/drive/MyDrive/SATB_Model/Dataset/Raw/Internal/Alto/A15 - suri
2026-07-28 13:27:22,287 | WARNING | Missing R5 in /content/drive/MyDrive/SATB_Model/Dataset/Raw/Internal/Tenor/T12 - Ernest
2026-07-28 13:27:22,289 | WARNING | Missing R6 in /content/drive/MyDrive/SATB_Model/Dataset/Raw/Internal/Tenor/T12 - Ernest
2026-07-28 13:27:22,290 | WARNING | Missing R7 in /content/drive/MyDrive/SATB_Model/Dataset/Raw/Internal/Tenor/T12 - Ernest
2026-07-28 13:27:30,642 | WARNING | Missing R6 in /content/drive/MyDrive/SATB_Model/Dataset/Raw/Internal/Tenor/T13 - Ilham
2026-07-28 13:27:30,643 | WARNING | Missing R7 in /content/drive/MyDrive/SATB_Model/Dataset/Raw/Internal/Tenor/T13 - Ilham
2026-07-28 13:27:34,930 | WARNING | Missing R7 in /content/drive/MyDrive/SATB_Model/Dataset/Raw/Internal/Tenor/T15 - Agung
2026-07-28 13:38:57,732 | INFO | Preprocessing metadata saved: /content/drive/MyDrive/SATB_Model/Dataset/Metadata/metadata_preprocessing.csv
2026-07-28 13:39:13,818 | INFO | Split 16 singers -> Train=10 Validation=3 Test=3
2026-07-28 13:39:13,821 | INFO | Split 15 singers -> Train=9 Validation=3 Test=3
2026-07-28 13:39:13,823 | INFO | Split 14 singers -> Train=8 Validation=3 Test=3
2026-07-28 13:39:13,826 | INFO | Split 15 singers -> Train=9 Validation=3 Test=3
2026-07-28 13:39:16,161 | INFO | Split metadata saved: /content/drive/MyDrive/SATB_Model/Dataset/Metadata/metadata_split.csv
2026-07-28 13:39:16,162 | INFO | Dataset metadata saved: /content/drive/MyDrive/SATB_Model/Dataset/Metadata/metadata_dataset.csv
2026-07-28 13:42:39,558 | INFO | Split 16 singers -> Train=10 Validation=3 Test=3
2026-07-28 13:42:39,560 | INFO | Split 15 singers -> Train=9 Validation=3 Test=3
2026-07-28 13:42:39,566 | INFO | Split 14 singers -> Train=8 Validation=3 Test=3
2026-07-28 13:42:39,568 | INFO | Split 15 singers -> Train=9 Validation=3 Test=3
2026-07-28 13:42:41,357 | INFO | Split metadata saved: /content/drive/MyDrive/SATB_Model/Dataset/Metadata/metadata_split.csv
2026-07-28 13:42:41,359 | INFO | Dataset metadata saved: /content/drive/MyDrive/SATB_Model/Dataset/Metadata/metadata_dataset.csv
2026-07-28 13:42:51,432 | INFO | Split 16 singers -> Train=10 Validation=3 Test=3
2026-07-28 13:42:51,436 | INFO | Split 15 singers -> Train=9 Validation=3 Test=3
2026-07-28 13:42:51,439 | INFO | Split 14 singers -> Train=8 Validation=3 Test=3
2026-07-28 13:42:51,442 | INFO | Split 15 singers -> Train=9 Validation=3 Test=3
2026-07-28 13:42:53,269 | INFO | Split metadata saved: /content/drive/MyDrive/SATB_Model/Dataset/Metadata/metadata_split.csv
2026-07-28 13:42:53,270 | INFO | Dataset metadata saved: /content/drive/MyDrive/SATB_Model/Dataset/Metadata/metadata_dataset.csv
2026-07-28 14:03:57,321 | INFO | Augmentation metadata saved: /content/drive/MyDrive/SATB_Model/Dataset/Metadata/metadata_augmentation.csv
2026-07-28 14:03:58,208 | ERROR | MFCC scan failed /content/drive/MyDrive/SATB_Model/Dataset/Processed/Train/Soprano/S04 - kezia/R3_2.wav : when mode='interp', width=9 cannot exceed data.shape[axis]=8
2026-07-28 14:04:04,077 | ERROR | MFCC scan failed /content/drive/MyDrive/SATB_Model/Dataset/Processed/Train/Alto/A08 - nabila/R6_1.wav : when mode='interp', width=9 cannot exceed data.shape[axis]=7
2026-07-28 14:04:04,588 | ERROR | MFCC scan failed /content/drive/MyDrive/SATB_Model/Dataset/Processed/Train/Alto/A09 - kk marya/R7_3.wav : when mode='interp', width=9 cannot exceed data.shape[axis]=7
2026-07-28 14:04:18,756 | ERROR | MFCC scan failed /content/drive/MyDrive/SATB_Model/Dataset/Augmented/Train/Soprano/S04 - kezia/R3_2_aug_pitch_shift.wav : when mode='interp', width=9 cannot exceed data.shape[axis]=8
2026-07-28 14:04:18,769 | ERROR | MFCC scan failed /content/drive/MyDrive/SATB_Model/Dataset/Augmented/Train/Soprano/S04 - kezia/R3_2_aug_time_stretch.wav : when mode='interp', width=9 cannot exceed data.shape[axis]=7
2026-07-28 14:04:18,788 | ERROR | MFCC scan failed /content/drive/MyDrive/SATB_Model/Dataset/Augmented/Train/Soprano/S04 - kezia/R3_2_aug_gaussian_noise.wav : when mode='interp', width=9 cannot exceed data.shape[axis]=8
2026-07-28 14:04:18,800 | ERROR | MFCC scan failed /content/drive/MyDrive/SATB_Model/Dataset/Augmented/Train/Soprano/S04 - kezia/R3_2_aug_gain.wav : when mode='interp', width=9 cannot exceed data.shape[axis]=8
2026-07-28 14:04:49,801 | ERROR | MFCC scan failed /content/drive/MyDrive/SATB_Model/Dataset/Augmented/Train/Alto/A08 - nabila/R6_1_aug_pitch_shift.wav : when mode='interp', width=9 cannot exceed data.shape[axis]=7
2026-07-28 14:04:49,812 | ERROR | MFCC scan failed /content/drive/MyDrive/SATB_Model/Dataset/Augmented/Train/Alto/A08 - nabila/R6_1_aug_time_stretch.wav : when mode='interp', width=9 cannot exceed data.shape[axis]=6
2026-07-28 14:04:49,824 | ERROR | MFCC scan failed /content/drive/MyDrive/SATB_Model/Dataset/Augmented/Train/Alto/A08 - nabila/R6_1_aug_gaussian_noise.wav : when mode='interp', width=9 cannot exceed data.shape[axis]=7
2026-07-28 14:04:49,835 | ERROR | MFCC scan failed /content/drive/MyDrive/SATB_Model/Dataset/Augmented/Train/Alto/A08 - nabila/R6_1_aug_gain.wav : when mode='interp', width=9 cannot exceed data.shape[axis]=7
2026-07-28 14:04:51,810 | ERROR | MFCC scan failed /content/drive/MyDrive/SATB_Model/Dataset/Augmented/Train/Alto/A09 - kk marya/R7_3_aug_pitch_shift.wav : when mode='interp', width=9 cannot exceed data.shape[axis]=7
2026-07-28 14:04:51,837 | ERROR | MFCC scan failed /content/drive/MyDrive/SATB_Model/Dataset/Augmented/Train/Alto/A09 - kk marya/R7_3_aug_time_stretch.wav : when mode='interp', width=9 cannot exceed data.shape[axis]=7
2026-07-28 14:04:51,857 | ERROR | MFCC scan failed /content/drive/MyDrive/SATB_Model/Dataset/Augmented/Train/Alto/A09 - kk marya/R7_3_aug_gaussian_noise.wav : when mode='interp', width=9 cannot exceed data.shape[axis]=7
2026-07-28 14:04:51,869 | ERROR | MFCC scan failed /content/drive/MyDrive/SATB_Model/Dataset/Augmented/Train/Alto/A09 - kk marya/R7_3_aug_gain.wav : when mode='interp', width=9 cannot exceed data.shape[axis]=7
2026-07-28 14:08:14,300 | ERROR | MFCC extraction failed /content/drive/MyDrive/SATB_Model/Dataset/Processed/Train/Soprano/S04 - kezia/R3_2.wav : when mode='interp', width=9 cannot exceed data.shape[axis]=8
2026-07-28 14:08:24,110 | ERROR | MFCC extraction failed /content/drive/MyDrive/SATB_Model/Dataset/Processed/Train/Alto/A08 - nabila/R6_1.wav : when mode='interp', width=9 cannot exceed data.shape[axis]=7
2026-07-28 14:08:24,662 | ERROR | MFCC extraction failed /content/drive/MyDrive/SATB_Model/Dataset/Processed/Train/Alto/A09 - kk marya/R7_3.wav : when mode='interp', width=9 cannot exceed data.shape[axis]=7
2026-07-28 14:08:39,275 | ERROR | MFCC extraction failed /content/drive/MyDrive/SATB_Model/Dataset/Augmented/Train/Soprano/S04 - kezia/R3_2_aug_pitch_shift.wav : when mode='interp', width=9 cannot exceed data.shape[axis]=8
2026-07-28 14:08:39,294 | ERROR | MFCC extraction failed /content/drive/MyDrive/SATB_Model/Dataset/Augmented/Train/Soprano/S04 - kezia/R3_2_aug_time_stretch.wav : when mode='interp', width=9 cannot exceed data.shape[axis]=7
2026-07-28 14:08:39,307 | ERROR | MFCC extraction failed /content/drive/MyDrive/SATB_Model/Dataset/Augmented/Train/Soprano/S04 - kezia/R3_2_aug_gaussian_noise.wav : when mode='interp', width=9 cannot exceed data.shape[axis]=8
2026-07-28 14:08:39,318 | ERROR | MFCC extraction failed /content/drive/MyDrive/SATB_Model/Dataset/Augmented/Train/Soprano/S04 - kezia/R3_2_aug_gain.wav : when mode='interp', width=9 cannot exceed data.shape[axis]=8
2026-07-28 14:09:11,848 | ERROR | MFCC extraction failed /content/drive/MyDrive/SATB_Model/Dataset/Augmented/Train/Alto/A08 - nabila/R6_1_aug_pitch_shift.wav : when mode='interp', width=9 cannot exceed data.shape[axis]=7
2026-07-28 14:09:11,859 | ERROR | MFCC extraction failed /content/drive/MyDrive/SATB_Model/Dataset/Augmented/Train/Alto/A08 - nabila/R6_1_aug_time_stretch.wav : when mode='interp', width=9 cannot exceed data.shape[axis]=6
2026-07-28 14:09:11,870 | ERROR | MFCC extraction failed /content/drive/MyDrive/SATB_Model/Dataset/Augmented/Train/Alto/A08 - nabila/R6_1_aug_gaussian_noise.wav : when mode='interp', width=9 cannot exceed data.shape[axis]=7
2026-07-28 14:09:11,885 | ERROR | MFCC extraction failed /content/drive/MyDrive/SATB_Model/Dataset/Augmented/Train/Alto/A08 - nabila/R6_1_aug_gain.wav : when mode='interp', width=9 cannot exceed data.shape[axis]=7
2026-07-28 14:09:14,103 | ERROR | MFCC extraction failed /content/drive/MyDrive/SATB_Model/Dataset/Augmented/Train/Alto/A09 - kk marya/R7_3_aug_pitch_shift.wav : when mode='interp', width=9 cannot exceed data.shape[axis]=7
2026-07-28 14:09:14,116 | ERROR | MFCC extraction failed /content/drive/MyDrive/SATB_Model/Dataset/Augmented/Train/Alto/A09 - kk marya/R7_3_aug_time_stretch.wav : when mode='interp', width=9 cannot exceed data.shape[axis]=7
2026-07-28 14:09:14,132 | ERROR | MFCC extraction failed /content/drive/MyDrive/SATB_Model/Dataset/Augmented/Train/Alto/A09 - kk marya/R7_3_aug_gaussian_noise.wav : when mode='interp', width=9 cannot exceed data.shape[axis]=7
2026-07-28 14:09:14,157 | ERROR | MFCC extraction failed /content/drive/MyDrive/SATB_Model/Dataset/Augmented/Train/Alto/A09 - kk marya/R7_3_aug_gain.wav : when mode='interp', width=9 cannot exceed data.shape[axis]=7
2026-07-28 14:10:47,043 | ERROR | MFCC extraction failed /content/drive/MyDrive/SATB_Model/Dataset/Processed/External/Alto/A03/R2_2.wav : 
2026-07-28 14:18:26,994 | ERROR | MFCC scan failed /content/drive/MyDrive/SATB_Model/Dataset/Processed/Train/Soprano/S04 - kezia/R3_2.wav : when mode='interp', width=9 cannot exceed data.shape[axis]=8
2026-07-28 14:18:36,692 | ERROR | MFCC scan failed /content/drive/MyDrive/SATB_Model/Dataset/Processed/Train/Alto/A08 - nabila/R6_1.wav : when mode='interp', width=9 cannot exceed data.shape[axis]=7
2026-07-28 14:18:37,223 | ERROR | MFCC scan failed /content/drive/MyDrive/SATB_Model/Dataset/Processed/Train/Alto/A09 - kk marya/R7_3.wav : when mode='interp', width=9 cannot exceed data.shape[axis]=7
2026-07-28 14:18:51,092 | ERROR | MFCC scan failed /content/drive/MyDrive/SATB_Model/Dataset/Augmented/Train/Soprano/S04 - kezia/R3_2_aug_pitch_shift.wav : when mode='interp', width=9 cannot exceed data.shape[axis]=8
2026-07-28 14:18:51,108 | ERROR | MFCC scan failed /content/drive/MyDrive/SATB_Model/Dataset/Augmented/Train/Soprano/S04 - kezia/R3_2_aug_time_stretch.wav : when mode='interp', width=9 cannot exceed data.shape[axis]=7
2026-07-28 14:18:51,139 | ERROR | MFCC scan failed /content/drive/MyDrive/SATB_Model/Dataset/Augmented/Train/Soprano/S04 - kezia/R3_2_aug_gaussian_noise.wav : when mode='interp', width=9 cannot exceed data.shape[axis]=8
2026-07-28 14:18:51,157 | ERROR | MFCC scan failed /content/drive/MyDrive/SATB_Model/Dataset/Augmented/Train/Soprano/S04 - kezia/R3_2_aug_gain.wav : when mode='interp', width=9 cannot exceed data.shape[axis]=8
2026-07-28 14:19:21,171 | ERROR | MFCC scan failed /content/drive/MyDrive/SATB_Model/Dataset/Augmented/Train/Alto/A08 - nabila/R6_1_aug_pitch_shift.wav : when mode='interp', width=9 cannot exceed data.shape[axis]=7
2026-07-28 14:19:21,203 | ERROR | MFCC scan failed /content/drive/MyDrive/SATB_Model/Dataset/Augmented/Train/Alto/A08 - nabila/R6_1_aug_time_stretch.wav : when mode='interp', width=9 cannot exceed data.shape[axis]=6
2026-07-28 14:19:21,235 | ERROR | MFCC scan failed /content/drive/MyDrive/SATB_Model/Dataset/Augmented/Train/Alto/A08 - nabila/R6_1_aug_gaussian_noise.wav : when mode='interp', width=9 cannot exceed data.shape[axis]=7
2026-07-28 14:19:21,258 | ERROR | MFCC scan failed /content/drive/MyDrive/SATB_Model/Dataset/Augmented/Train/Alto/A08 - nabila/R6_1_aug_gain.wav : when mode='interp', width=9 cannot exceed data.shape[axis]=7
2026-07-28 14:19:23,982 | ERROR | MFCC scan failed /content/drive/MyDrive/SATB_Model/Dataset/Augmented/Train/Alto/A09 - kk marya/R7_3_aug_pitch_shift.wav : when mode='interp', width=9 cannot exceed data.shape[axis]=7
2026-07-28 14:19:23,997 | ERROR | MFCC scan failed /content/drive/MyDrive/SATB_Model/Dataset/Augmented/Train/Alto/A09 - kk marya/R7_3_aug_time_stretch.wav : when mode='interp', width=9 cannot exceed data.shape[axis]=7
2026-07-28 14:19:24,008 | ERROR | MFCC scan failed /content/drive/MyDrive/SATB_Model/Dataset/Augmented/Train/Alto/A09 - kk marya/R7_3_aug_gaussian_noise.wav : when mode='interp', width=9 cannot exceed data.shape[axis]=7
2026-07-28 14:19:24,022 | ERROR | MFCC scan failed /content/drive/MyDrive/SATB_Model/Dataset/Augmented/Train/Alto/A09 - kk marya/R7_3_aug_gain.wav : when mode='interp', width=9 cannot exceed data.shape[axis]=7
2026-07-28 14:20:17,729 | ERROR | MFCC extraction failed /content/drive/MyDrive/SATB_Model/Dataset/Processed/Train/Soprano/S04 - kezia/R3_2.wav : when mode='interp', width=9 cannot exceed data.shape[axis]=8
2026-07-28 14:20:26,983 | ERROR | MFCC extraction failed /content/drive/MyDrive/SATB_Model/Dataset/Processed/Train/Alto/A08 - nabila/R6_1.wav : when mode='interp', width=9 cannot exceed data.shape[axis]=7
2026-07-28 14:20:27,960 | ERROR | MFCC extraction failed /content/drive/MyDrive/SATB_Model/Dataset/Processed/Train/Alto/A09 - kk marya/R7_3.wav : when mode='interp', width=9 cannot exceed data.shape[axis]=7
2026-07-28 14:20:39,090 | ERROR | MFCC extraction failed /content/drive/MyDrive/SATB_Model/Dataset/Augmented/Train/Soprano/S04 - kezia/R3_2_aug_pitch_shift.wav : when mode='interp', width=9 cannot exceed data.shape[axis]=8
2026-07-28 14:20:39,129 | ERROR | MFCC extraction failed /content/drive/MyDrive/SATB_Model/Dataset/Augmented/Train/Soprano/S04 - kezia/R3_2_aug_time_stretch.wav : when mode='interp', width=9 cannot exceed data.shape[axis]=7
2026-07-28 14:20:39,160 | ERROR | MFCC extraction failed /content/drive/MyDrive/SATB_Model/Dataset/Augmented/Train/Soprano/S04 - kezia/R3_2_aug_gaussian_noise.wav : when mode='interp', width=9 cannot exceed data.shape[axis]=8
2026-07-28 14:20:39,191 | ERROR | MFCC extraction failed /content/drive/MyDrive/SATB_Model/Dataset/Augmented/Train/Soprano/S04 - kezia/R3_2_aug_gain.wav : when mode='interp', width=9 cannot exceed data.shape[axis]=8
2026-07-28 14:21:19,216 | ERROR | MFCC extraction failed /content/drive/MyDrive/SATB_Model/Dataset/Augmented/Train/Alto/A08 - nabila/R6_1_aug_pitch_shift.wav : when mode='interp', width=9 cannot exceed data.shape[axis]=7
2026-07-28 14:21:19,230 | ERROR | MFCC extraction failed /content/drive/MyDrive/SATB_Model/Dataset/Augmented/Train/Alto/A08 - nabila/R6_1_aug_time_stretch.wav : when mode='interp', width=9 cannot exceed data.shape[axis]=6
2026-07-28 14:21:19,242 | ERROR | MFCC extraction failed /content/drive/MyDrive/SATB_Model/Dataset/Augmented/Train/Alto/A08 - nabila/R6_1_aug_gaussian_noise.wav : when mode='interp', width=9 cannot exceed data.shape[axis]=7
2026-07-28 14:21:19,255 | ERROR | MFCC extraction failed /content/drive/MyDrive/SATB_Model/Dataset/Augmented/Train/Alto/A08 - nabila/R6_1_aug_gain.wav : when mode='interp', width=9 cannot exceed data.shape[axis]=7
2026-07-28 14:21:21,345 | ERROR | MFCC extraction failed /content/drive/MyDrive/SATB_Model/Dataset/Augmented/Train/Alto/A09 - kk marya/R7_3_aug_pitch_shift.wav : when mode='interp', width=9 cannot exceed data.shape[axis]=7
2026-07-28 14:21:21,375 | ERROR | MFCC extraction failed /content/drive/MyDrive/SATB_Model/Dataset/Augmented/Train/Alto/A09 - kk marya/R7_3_aug_time_stretch.wav : when mode='interp', width=9 cannot exceed data.shape[axis]=7
2026-07-28 14:21:21,388 | ERROR | MFCC extraction failed /content/drive/MyDrive/SATB_Model/Dataset/Augmented/Train/Alto/A09 - kk marya/R7_3_aug_gaussian_noise.wav : when mode='interp', width=9 cannot exceed data.shape[axis]=7
2026-07-28 14:21:21,400 | ERROR | MFCC extraction failed /content/drive/MyDrive/SATB_Model/Dataset/Augmented/Train/Alto/A09 - kk marya/R7_3_aug_gain.wav : when mode='interp', width=9 cannot exceed data.shape[axis]=7
2026-07-28 14:22:23,557 | ERROR | MFCC extraction failed /content/drive/MyDrive/SATB_Model/Dataset/Processed/External/Alto/A03/R2_2.wav : 
2026-07-28 15:04:41,814 | INFO | Pipeline initialized.
2026-07-28 15:04:42,215 | INFO | Base directory: /content/drive/MyDrive/SATB_Model
2026-07-28 15:06:11,602 | WARNING | Missing R7 in /content/drive/MyDrive/SATB_Model/Dataset/Raw/Internal/Soprano/S14 - naya
2026-07-28 15:07:27,552 | WARNING | Missing R5 in /content/drive/MyDrive/SATB_Model/Dataset/Raw/Internal/Alto/A13 - kk tania
2026-07-28 15:07:27,554 | WARNING | Missing R6 in /content/drive/MyDrive/SATB_Model/Dataset/Raw/Internal/Alto/A13 - kk tania
2026-07-28 15:07:27,555 | WARNING | Missing R7 in /content/drive/MyDrive/SATB_Model/Dataset/Raw/Internal/Alto/A13 - kk tania
2026-07-28 15:07:36,967 | WARNING | Missing R6 in /content/drive/MyDrive/SATB_Model/Dataset/Raw/Internal/Alto/A15 - suri
2026-07-28 15:07:36,972 | WARNING | Missing R7 in /content/drive/MyDrive/SATB_Model/Dataset/Raw/Internal/Alto/A15 - suri
2026-07-29 02:29:30,719 | INFO | Pipeline initialized.
2026-07-29 02:29:31,701 | INFO | Base directory: /content/drive/MyDrive/SATB_Model
2026-07-29 02:36:20,495 | WARNING | Missing R7 in /content/drive/MyDrive/SATB_Model/Dataset/Raw/Internal/Soprano/S14 - naya
2026-07-29 02:42:21,078 | WARNING | Missing R5 in /content/drive/MyDrive/SATB_Model/Dataset/Raw/Internal/Alto/A13 - kk tania
2026-07-29 02:42:21,079 | WARNING | Missing R6 in /content/drive/MyDrive/SATB_Model/Dataset/Raw/Internal/Alto/A13 - kk tania
2026-07-29 02:42:21,082 | WARNING | Missing R7 in /content/drive/MyDrive/SATB_Model/Dataset/Raw/Internal/Alto/A13 - kk tania
2026-07-29 02:43:05,083 | WARNING | Missing R6 in /content/drive/MyDrive/SATB_Model/Dataset/Raw/Internal/Alto/A15 - suri
2026-07-29 02:43:05,087 | WARNING | Missing R7 in /content/drive/MyDrive/SATB_Model/Dataset/Raw/Internal/Alto/A15 - suri
2026-07-29 02:47:15,459 | WARNING | Missing R5 in /content/drive/MyDrive/SATB_Model/Dataset/Raw/Internal/Tenor/T12 - Ernest
2026-07-29 02:47:15,461 | WARNING | Missing R6 in /content/drive/MyDrive/SATB_Model/Dataset/Raw/Internal/Tenor/T12 - Ernest
2026-07-29 02:47:15,462 | WARNING | Missing R7 in /content/drive/MyDrive/SATB_Model/Dataset/Raw/Internal/Tenor/T12 - Ernest
2026-07-29 02:47:34,139 | WARNING | Missing R6 in /content/drive/MyDrive/SATB_Model/Dataset/Raw/Internal/Tenor/T13 - Ilham
2026-07-29 02:47:34,140 | WARNING | Missing R7 in /content/drive/MyDrive/SATB_Model/Dataset/Raw/Internal/Tenor/T13 - Ilham
2026-07-29 02:47:50,954 | WARNING | Missing R7 in /content/drive/MyDrive/SATB_Model/Dataset/Raw/Internal/Tenor/T15 - Agung
2026-07-29 04:04:22,559 | INFO | Pipeline initialized.
2026-07-29 04:04:23,067 | INFO | Base directory: /content/drive/MyDrive/SATB_Model
2026-07-29 04:06:19,940 | ERROR | Dataset validation failed
Traceback (most recent call last):
  File "/tmp/ipykernel_482/154771080.py", line 213, in <cell line: 0>
    validation_internal = validate_dataset(
                          ^^^^^^^^^^^^^^^^^
  File "/tmp/ipykernel_482/154771080.py", line 193, in validate_dataset
    workers = min(32, (os.cpu_count() or 4) * 2)
                       ^^
NameError: name 'os' is not defined. Did you forget to import 'os'
2026-07-29 04:10:45,973 | WARNING | Missing R7 in S14 - naya
2026-07-29 04:10:46,320 | WARNING | Missing R5 in A13 - kk tania
2026-07-29 04:10:46,323 | WARNING | Missing R6 in A13 - kk tania
2026-07-29 04:10:46,331 | WARNING | Missing R7 in A13 - kk tania
2026-07-29 04:10:46,371 | WARNING | Missing R6 in A15 - suri
2026-07-29 04:10:46,377 | WARNING | Missing R7 in A15 - suri
2026-07-29 04:10:46,713 | WARNING | Missing R5 in T12 - Ernest
2026-07-29 04:10:46,719 | WARNING | Missing R6 in T12 - Ernest
2026-07-29 04:10:46,724 | WARNING | Missing R7 in T12 - Ernest
2026-07-29 04:10:46,768 | WARNING | Missing R6 in T13 - Ilham
2026-07-29 04:10:46,771 | WARNING | Missing R7 in T13 - Ilham
2026-07-29 04:10:46,802 | WARNING | Missing R7 in T15 - Agung
2026-07-29 04:10:47,227 | INFO | Internal : 1324 files to inspect
2026-07-29 04:16:17,212 | INFO | External : 269 files to inspect
2026-07-29 04:29:10,432 | INFO | Preprocessing metadata saved: /content/drive/MyDrive/SATB_Model/Dataset/Metadata/metadata_preprocessing.csv
2026-07-29 04:34:33,442 | INFO | Split 16 singers -> Train=10 Validation=3 Test=3
2026-07-29 04:34:33,444 | INFO | Split 15 singers -> Train=9 Validation=3 Test=3
2026-07-29 04:34:33,447 | INFO | Split 14 singers -> Train=8 Validation=3 Test=3
2026-07-29 04:34:33,450 | INFO | Split 15 singers -> Train=9 Validation=3 Test=3
2026-07-29 04:34:35,233 | INFO | Split metadata saved: /content/drive/MyDrive/SATB_Model/Dataset/Metadata/metadata_split.csv
2026-07-29 04:34:35,234 | INFO | Dataset metadata saved: /content/drive/MyDrive/SATB_Model/Dataset/Metadata/metadata_dataset.csv
2026-07-29 05:02:22,059 | INFO | Augmentation metadata saved: /content/drive/MyDrive/SATB_Model/Dataset/Metadata/metadata_augmentation.csv
2026-07-29 05:03:02,165 | ERROR | MFCC scan failed /content/drive/MyDrive/SATB_Model/Dataset/Processed/Train/Soprano/S04 - kezia/R3_2.wav : when mode='interp', width=9 cannot exceed data.shape[axis]=8
2026-07-29 05:03:06,488 | ERROR | MFCC scan failed /content/drive/MyDrive/SATB_Model/Dataset/Processed/Train/Alto/A08 - nabila/R6_1.wav : when mode='interp', width=9 cannot exceed data.shape[axis]=7
2026-07-29 05:03:06,856 | ERROR | MFCC scan failed /content/drive/MyDrive/SATB_Model/Dataset/Processed/Train/Alto/A09 - kk marya/R7_3.wav : when mode='interp', width=9 cannot exceed data.shape[axis]=7
2026-07-29 05:03:18,084 | ERROR | MFCC scan failed /content/drive/MyDrive/SATB_Model/Dataset/Augmented/Train/Soprano/S04 - kezia/R3_2_aug_pitch_shift.wav : when mode='interp', width=9 cannot exceed data.shape[axis]=8
2026-07-29 05:03:18,096 | ERROR | MFCC scan failed /content/drive/MyDrive/SATB_Model/Dataset/Augmented/Train/Soprano/S04 - kezia/R3_2_aug_time_stretch.wav : when mode='interp', width=9 cannot exceed data.shape[axis]=7
2026-07-29 05:03:18,107 | ERROR | MFCC scan failed /content/drive/MyDrive/SATB_Model/Dataset/Augmented/Train/Soprano/S04 - kezia/R3_2_aug_gaussian_noise.wav : when mode='interp', width=9 cannot exceed data.shape[axis]=8
2026-07-29 05:03:18,116 | ERROR | MFCC scan failed /content/drive/MyDrive/SATB_Model/Dataset/Augmented/Train/Soprano/S04 - kezia/R3_2_aug_gain.wav : when mode='interp', width=9 cannot exceed data.shape[axis]=8
2026-07-29 05:03:39,238 | ERROR | MFCC scan failed /content/drive/MyDrive/SATB_Model/Dataset/Augmented/Train/Alto/A08 - nabila/R6_1_aug_pitch_shift.wav : when mode='interp', width=9 cannot exceed data.shape[axis]=7
2026-07-29 05:03:39,248 | ERROR | MFCC scan failed /content/drive/MyDrive/SATB_Model/Dataset/Augmented/Train/Alto/A08 - nabila/R6_1_aug_time_stretch.wav : when mode='interp', width=9 cannot exceed data.shape[axis]=6
2026-07-29 05:03:39,257 | ERROR | MFCC scan failed /content/drive/MyDrive/SATB_Model/Dataset/Augmented/Train/Alto/A08 - nabila/R6_1_aug_gaussian_noise.wav : when mode='interp', width=9 cannot exceed data.shape[axis]=7
2026-07-29 05:03:39,266 | ERROR | MFCC scan failed /content/drive/MyDrive/SATB_Model/Dataset/Augmented/Train/Alto/A08 - nabila/R6_1_aug_gain.wav : when mode='interp', width=9 cannot exceed data.shape[axis]=7
2026-07-29 05:03:40,710 | ERROR | MFCC scan failed /content/drive/MyDrive/SATB_Model/Dataset/Augmented/Train/Alto/A09 - kk marya/R7_3_aug_pitch_shift.wav : when mode='interp', width=9 cannot exceed data.shape[axis]=7
2026-07-29 05:03:40,719 | ERROR | MFCC scan failed /content/drive/MyDrive/SATB_Model/Dataset/Augmented/Train/Alto/A09 - kk marya/R7_3_aug_time_stretch.wav : when mode='interp', width=9 cannot exceed data.shape[axis]=7
2026-07-29 05:03:40,735 | ERROR | MFCC scan failed /content/drive/MyDrive/SATB_Model/Dataset/Augmented/Train/Alto/A09 - kk marya/R7_3_aug_gaussian_noise.wav : when mode='interp', width=9 cannot exceed data.shape[axis]=7
2026-07-29 05:03:40,745 | ERROR | MFCC scan failed /content/drive/MyDrive/SATB_Model/Dataset/Augmented/Train/Alto/A09 - kk marya/R7_3_aug_gain.wav : when mode='interp', width=9 cannot exceed data.shape[axis]=7
2026-07-29 05:07:39,787 | ERROR | MFCC extraction failed /content/drive/MyDrive/SATB_Model/Dataset/Processed/Train/Soprano/S04 - kezia/R3_2.wav : when mode='interp', width=9 cannot exceed data.shape[axis]=8
2026-07-29 05:07:44,154 | ERROR | MFCC extraction failed /content/drive/MyDrive/SATB_Model/Dataset/Processed/Train/Alto/A08 - nabila/R6_1.wav : when mode='interp', width=9 cannot exceed data.shape[axis]=7
2026-07-29 05:07:44,647 | ERROR | MFCC extraction failed /content/drive/MyDrive/SATB_Model/Dataset/Processed/Train/Alto/A09 - kk marya/R7_3.wav : when mode='interp', width=9 cannot exceed data.shape[axis]=7
2026-07-29 05:07:55,820 | ERROR | MFCC extraction failed /content/drive/MyDrive/SATB_Model/Dataset/Augmented/Train/Soprano/S04 - kezia/R3_2_aug_pitch_shift.wav : when mode='interp', width=9 cannot exceed data.shape[axis]=8
2026-07-29 05:07:55,832 | ERROR | MFCC extraction failed /content/drive/MyDrive/SATB_Model/Dataset/Augmented/Train/Soprano/S04 - kezia/R3_2_aug_time_stretch.wav : when mode='interp', width=9 cannot exceed data.shape[axis]=7
2026-07-29 05:07:55,841 | ERROR | MFCC extraction failed /content/drive/MyDrive/SATB_Model/Dataset/Augmented/Train/Soprano/S04 - kezia/R3_2_aug_gaussian_noise.wav : when mode='interp', width=9 cannot exceed data.shape[axis]=8
2026-07-29 05:07:55,849 | ERROR | MFCC extraction failed /content/drive/MyDrive/SATB_Model/Dataset/Augmented/Train/Soprano/S04 - kezia/R3_2_aug_gain.wav : when mode='interp', width=9 cannot exceed data.shape[axis]=8
2026-07-29 05:08:20,077 | ERROR | MFCC extraction failed /content/drive/MyDrive/SATB_Model/Dataset/Augmented/Train/Alto/A08 - nabila/R6_1_aug_pitch_shift.wav : when mode='interp', width=9 cannot exceed data.shape[axis]=7
2026-07-29 05:08:20,101 | ERROR | MFCC extraction failed /content/drive/MyDrive/SATB_Model/Dataset/Augmented/Train/Alto/A08 - nabila/R6_1_aug_time_stretch.wav : when mode='interp', width=9 cannot exceed data.shape[axis]=6
2026-07-29 05:08:20,127 | ERROR | MFCC extraction failed /content/drive/MyDrive/SATB_Model/Dataset/Augmented/Train/Alto/A08 - nabila/R6_1_aug_gaussian_noise.wav : when mode='interp', width=9 cannot exceed data.shape[axis]=7
2026-07-29 05:08:20,153 | ERROR | MFCC extraction failed /content/drive/MyDrive/SATB_Model/Dataset/Augmented/Train/Alto/A08 - nabila/R6_1_aug_gain.wav : when mode='interp', width=9 cannot exceed data.shape[axis]=7
2026-07-29 05:08:21,880 | ERROR | MFCC extraction failed /content/drive/MyDrive/SATB_Model/Dataset/Augmented/Train/Alto/A09 - kk marya/R7_3_aug_pitch_shift.wav : when mode='interp', width=9 cannot exceed data.shape[axis]=7
2026-07-29 05:08:21,890 | ERROR | MFCC extraction failed /content/drive/MyDrive/SATB_Model/Dataset/Augmented/Train/Alto/A09 - kk marya/R7_3_aug_time_stretch.wav : when mode='interp', width=9 cannot exceed data.shape[axis]=7
2026-07-29 05:08:21,899 | ERROR | MFCC extraction failed /content/drive/MyDrive/SATB_Model/Dataset/Augmented/Train/Alto/A09 - kk marya/R7_3_aug_gaussian_noise.wav : when mode='interp', width=9 cannot exceed data.shape[axis]=7
2026-07-29 05:08:21,909 | ERROR | MFCC extraction failed /content/drive/MyDrive/SATB_Model/Dataset/Augmented/Train/Alto/A09 - kk marya/R7_3_aug_gain.wav : when mode='interp', width=9 cannot exceed data.shape[axis]=7
2026-07-29 05:09:43,970 | ERROR | MFCC extraction failed /content/drive/MyDrive/SATB_Model/Dataset/Processed/External/Alto/A03/R2_2.wav : 
2026-07-29 05:14:24,795 | INFO | CNN training completed.
2026-07-29 05:14:29,046 | INFO | Loaded best model from /content/drive/MyDrive/SATB_Model/Model/cnn_satb_best.keras
2026-07-29 05:26:16,728 | INFO | CNN training completed.
2026-07-29 05:26:54,582 | INFO | Loaded best model from /content/drive/MyDrive/SATB_Model/Model/cnn_satb_best.keras
2026-07-29 05:39:25,844 | INFO | Final model saved: /content/drive/MyDrive/SATB_Model/Model/cnn_satb.keras
2026-07-29 05:42:15,422 | WARNING | 5 out of the last 14 calls to <function TensorFlowTrainer.make_predict_function.<locals>.one_step_on_data_distributed at 0x7b80d9e30fe0> triggered tf.function retracing. Tracing is expensive and the excessive number of tracings could be due to (1) creating @tf.function repeatedly in a loop, (2) passing tensors with different shapes, (3) passing Python objects instead of tensors. For (1), please define your @tf.function outside of the loop. For (2), @tf.function has reduce_retracing=True option that can avoid unnecessary retracing. For (3), please refer to https://www.tensorflow.org/guide/function#controlling_retracing and https://www.tensorflow.org/api_docs/python/tf/function for  more details.
2026-07-29 05:42:51,557 | WARNING | 6 out of the last 15 calls to <function TensorFlowTrainer.make_predict_function.<locals>.one_step_on_data_distributed at 0x7b80d9c0b6a0> triggered tf.function retracing. Tracing is expensive and the excessive number of tracings could be due to (1) creating @tf.function repeatedly in a loop, (2) passing tensors with different shapes, (3) passing Python objects instead of tensors. For (1), please define your @tf.function outside of the loop. For (2), @tf.function has reduce_retracing=True option that can avoid unnecessary retracing. For (3), please refer to https://www.tensorflow.org/guide/function#controlling_retracing and https://www.tensorflow.org/api_docs/python/tf/function for  more details.
2026-07-29 06:16:15,791 | INFO | Loaded best model from /content/drive/MyDrive/SATB_Model/Model/cnn_satb_best.keras
2026-07-29 06:16:17,256 | ERROR | Model evaluation stage failed.
Traceback (most recent call last):
  File "/tmp/ipykernel_482/770230706.py", line 127, in <cell line: 0>
    internal_test_metrics = evaluate_classifier(model, X_test, y_test, mfcc_test_meta, "internal_test")
                            ^^^^^^^^^^^^^^^^^^^^^^^^^^^^^^^^^^^^^^^^^^^^^^^^^^^^^^^^^^^^^^^^^^^^^^^^^^^
  File "/tmp/ipykernel_482/770230706.py", line 72, in evaluate_classifier
    labels=list(range(len(CONFIG["classes"]))),
                          ~~~~~~^^^^^^^^^^^
KeyError: 'classes'
2026-07-29 06:16:29,871 | ERROR | External dataset testing stage failed.
Traceback (most recent call last):
  File "/tmp/ipykernel_482/1936172509.py", line 2, in <cell line: 0>
    external_metrics = evaluate_classifier(model, X_external, y_external, mfcc_external_meta, "external_test")
                       ^^^^^^^^^^^^^^^^^^^^^^^^^^^^^^^^^^^^^^^^^^^^^^^^^^^^^^^^^^^^^^^^^^^^^^^^^^^^^^^^^^^^^^^
  File "/tmp/ipykernel_482/770230706.py", line 72, in evaluate_classifier
    labels=list(range(len(CONFIG["classes"]))),
                          ~~~~~~^^^^^^^^^^^
KeyError: 'classes'
2026-07-31 05:21:53,508 | INFO | Pipeline initialized.
2026-07-31 05:21:54,219 | INFO | Base directory: /content/drive/MyDrive/SATB_Model
2026-07-31 05:37:32,501 | INFO | Pipeline initialized.
2026-07-31 05:37:33,121 | INFO | Base directory: /content/drive/MyDrive/SATB_Model
2026-07-31 05:37:38,447 | WARNING | Missing R7 in S14 - naya
2026-07-31 05:37:38,571 | WARNING | Missing R5 in A13 - kk tania
2026-07-31 05:37:38,572 | WARNING | Missing R6 in A13 - kk tania
2026-07-31 05:37:38,575 | WARNING | Missing R7 in A13 - kk tania
2026-07-31 05:37:38,592 | WARNING | Missing R6 in A15 - suri
2026-07-31 05:37:38,594 | WARNING | Missing R7 in A15 - suri
2026-07-31 05:37:38,697 | WARNING | Missing R5 in T12 - Ernest
2026-07-31 05:37:38,698 | WARNING | Missing R6 in T12 - Ernest
2026-07-31 05:37:38,699 | WARNING | Missing R7 in T12 - Ernest
2026-07-31 05:37:38,711 | WARNING | Missing R6 in T13 - Ilham
2026-07-31 05:37:38,712 | WARNING | Missing R7 in T13 - Ilham
2026-07-31 05:37:38,729 | WARNING | Missing R7 in T15 - Agung
2026-07-31 05:37:38,874 | INFO | Internal : 1389 files to inspect
2026-07-31 05:45:59,939 | INFO | External : 269 files to inspect
2026-07-31 05:59:26,782 | INFO | Preprocessing metadata saved: /content/drive/MyDrive/SATB_Model/Dataset/Metadata/metadata_preprocessing.csv
2026-07-31 05:59:29,240 | ERROR | Dataset split stage failed.
Traceback (most recent call last):
  File "/tmp/ipykernel_728/4063205131.py", line 91, in <cell line: 0>
    split_df = create_singer_level_split(audio_metadata_df)
               ^^^^^^^^^^^^^^^^^^^^^^^^^^^^^^^^^^^^^^^^^^^^
  File "/tmp/ipykernel_728/4063205131.py", line 41, in create_singer_level_split
    raise ValueError(f"{cls}: unknown singer(s): {unknown}")
ValueError: Soprano: unknown singer(s): {'A10', 'S12', 'A04', 'A11', 'S11'}
2026-07-31 06:03:34,489 | ERROR | Dataset split stage failed.
Traceback (most recent call last):
  File "/tmp/ipykernel_728/4063205131.py", line 91, in <cell line: 0>
    split_df = create_singer_level_split(audio_metadata_df)
               ^^^^^^^^^^^^^^^^^^^^^^^^^^^^^^^^^^^^^^^^^^^^
  File "/tmp/ipykernel_728/4063205131.py", line 41, in create_singer_level_split
    raise ValueError(f"{cls}: unknown singer(s): {unknown}")
ValueError: Soprano: unknown singer(s): {'A10', 'S12', 'A04', 'A11', 'S11'}
2026-07-31 06:09:39,426 | ERROR | Dataset split stage failed.
Traceback (most recent call last):
  File "/tmp/ipykernel_728/977044167.py", line 91, in <cell line: 0>
    split_df = create_singer_level_split(audio_metadata_df)
               ^^^^^^^^^^^^^^^^^^^^^^^^^^^^^^^^^^^^^^^^^^^^
  File "/tmp/ipykernel_728/977044167.py", line 41, in create_singer_level_split
    raise ValueError(f"{cls}: unknown singer(s): {unknown}")
ValueError: Soprano: unknown singer(s): {'S12', 'S06', 'S08', 'S13', 'S11', 'S04'}
2026-07-31 06:11:53,257 | ERROR | Dataset split stage failed.
Traceback (most recent call last):
  File "/tmp/ipykernel_728/821757821.py", line 123, in <cell line: 0>
    split_df = create_singer_level_split(audio_metadata_df)
               ^^^^^^^^^^^^^^^^^^^^^^^^^^^^^^^^^^^^^^^^^^^^
  File "/tmp/ipykernel_728/821757821.py", line 73, in create_singer_level_split
    raise ValueError(f"{cls}: unknown singer(s): {unknown}")
ValueError: Tenor: unknown singer(s): {'T06 - Calvin'}
2026-07-31 06:13:03,580 | ERROR | Dataset split stage failed.
Traceback (most recent call last):
  File "/tmp/ipykernel_728/772382103.py", line 123, in <cell line: 0>
    split_df = create_singer_level_split(audio_metadata_df)
               ^^^^^^^^^^^^^^^^^^^^^^^^^^^^^^^^^^^^^^^^^^^^
  File "/tmp/ipykernel_728/772382103.py", line 73, in create_singer_level_split
    raise ValueError(f"{cls}: unknown singer(s): {unknown}")
ValueError: Tenor: unknown singer(s): {'T06 - calvin'}
2026-07-31 06:14:38,984 | ERROR | Dataset split stage failed.
Traceback (most recent call last):
  File "/tmp/ipykernel_728/234671856.py", line 91, in <cell line: 0>
    split_df = create_singer_level_split(audio_metadata_df)
               ^^^^^^^^^^^^^^^^^^^^^^^^^^^^^^^^^^^^^^^^^^^^
  File "/tmp/ipykernel_728/234671856.py", line 41, in create_singer_level_split
    raise ValueError(f"{cls}: unknown singer(s): {unknown}")
ValueError: Soprano: unknown singer(s): {'S12', 'S06', 'S08', 'S13', 'S11', 'S04'}
2026-07-31 06:15:04,423 | ERROR | Dataset split stage failed.
Traceback (most recent call last):
  File "/tmp/ipykernel_728/2779236251.py", line 123, in <cell line: 0>
    split_df = create_singer_level_split(audio_metadata_df)
               ^^^^^^^^^^^^^^^^^^^^^^^^^^^^^^^^^^^^^^^^^^^^
  File "/tmp/ipykernel_728/2779236251.py", line 73, in create_singer_level_split
    raise ValueError(f"{cls}: unknown singer(s): {unknown}")
ValueError: Tenor: unknown singer(s): {'T06 - Calvin'}
2026-07-31 06:16:36,505 | ERROR | Dataset split stage failed.
Traceback (most recent call last):
  File "/tmp/ipykernel_728/2373625862.py", line 123, in <cell line: 0>
    split_df = create_singer_level_split(audio_metadata_df)
               ^^^^^^^^^^^^^^^^^^^^^^^^^^^^^^^^^^^^^^^^^^^^
  File "/tmp/ipykernel_728/2373625862.py", line 73, in create_singer_level_split
    raise ValueError(f"{cls}: unknown singer(s): {unknown}")
ValueError: Bass: unknown singer(s): {'B08 - omk'}
2026-07-31 06:17:06,455 | ERROR | Dataset split stage failed.
Traceback (most recent call last):
  File "/tmp/ipykernel_728/531411566.py", line 123, in <cell line: 0>
    split_df = create_singer_level_split(audio_metadata_df)
               ^^^^^^^^^^^^^^^^^^^^^^^^^^^^^^^^^^^^^^^^^^^^
  File "/tmp/ipykernel_728/531411566.py", line 73, in create_singer_level_split
    raise ValueError(f"{cls}: unknown singer(s): {unknown}")
ValueError: Bass: unknown singer(s): {'B09 - ofel'}
2026-07-31 06:17:32,823 | INFO | Split metadata saved: /content/drive/MyDrive/SATB_Model/Dataset/Metadata/metadata_split.csv
2026-07-31 06:17:32,824 | INFO | Dataset metadata saved: /content/drive/MyDrive/SATB_Model/Dataset/Metadata/metadata_dataset.csv
2026-07-31 06:17:49,766 | ERROR | MFCC extraction stage failed.
Traceback (most recent call last):
  File "/tmp/ipykernel_728/3905284402.py", line 301, in <cell line: 0>
    augmentation_df
NameError: name 'augmentation_df' is not defined
2026-07-31 06:21:06,881 | ERROR | MFCC scan failed /content/drive/MyDrive/SATB_Model/Dataset/Processed/Train/Alto/A08 - nabila/R6_1.wav : when mode='interp', width=9 cannot exceed data.shape[axis]=7
2026-07-31 06:21:17,735 | ERROR | MFCC scan failed /content/drive/MyDrive/SATB_Model/Dataset/Processed/Train/Alto/A09 - kk marya/R7_3.wav : when mode='interp', width=9 cannot exceed data.shape[axis]=7
2026-07-31 06:23:11,426 | ERROR | MFCC scan failed /content/drive/MyDrive/SATB_Model/Dataset/Processed/Validation/Soprano/S04 - kezia/R3_2.wav : when mode='interp', width=9 cannot exceed data.shape[axis]=8
2026-07-31 06:24:04,265 | ERROR | MFCC extraction failed /content/drive/MyDrive/SATB_Model/Dataset/Processed/Train/Alto/A08 - nabila/R6_1.wav : when mode='interp', width=9 cannot exceed data.shape[axis]=7
2026-07-31 06:24:04,687 | ERROR | MFCC extraction failed /content/drive/MyDrive/SATB_Model/Dataset/Processed/Train/Alto/A09 - kk marya/R7_3.wav : when mode='interp', width=9 cannot exceed data.shape[axis]=7
2026-07-31 06:24:16,121 | ERROR | MFCC extraction failed /content/drive/MyDrive/SATB_Model/Dataset/Processed/Validation/Soprano/S04 - kezia/R3_2.wav : when mode='interp', width=9 cannot exceed data.shape[axis]=8
2026-07-31 06:25:07,268 | ERROR | MFCC extraction failed /content/drive/MyDrive/SATB_Model/Dataset/Processed/External/Alto/A03/R2_2.wav : 
2026-07-31 06:39:02,720 | INFO | CNN training completed.
2026-07-31 06:39:15,969 | INFO | Loaded best model from /content/drive/MyDrive/SATB_Model/Model/cnn_satb_best.keras
2026-07-31 07:24:30,463 | INFO | Final model saved: /content/drive/MyDrive/SATB_Model/Model/cnn_satb.keras
2026-07-31 07:30:37,380 | WARNING | 5 out of the last 131 calls to <function TensorFlowTrainer.make_predict_function.<locals>.one_step_on_data_distributed at 0x7c9433f62f20> triggered tf.function retracing. Tracing is expensive and the excessive number of tracings could be due to (1) creating @tf.function repeatedly in a loop, (2) passing tensors with different shapes, (3) passing Python objects instead of tensors. For (1), please define your @tf.function outside of the loop. For (2), @tf.function has reduce_retracing=True option that can avoid unnecessary retracing. For (3), please refer to https://www.tensorflow.org/guide/function#controlling_retracing and https://www.tensorflow.org/api_docs/python/tf/function for  more details.
2026-07-31 07:34:21,561 | WARNING | 5 out of the last 11 calls to <function TensorFlowTrainer.make_predict_function.<locals>.one_step_on_data_distributed at 0x7c943542aac0> triggered tf.function retracing. Tracing is expensive and the excessive number of tracings could be due to (1) creating @tf.function repeatedly in a loop, (2) passing tensors with different shapes, (3) passing Python objects instead of tensors. For (1), please define your @tf.function outside of the loop. For (2), @tf.function has reduce_retracing=True option that can avoid unnecessary retracing. For (3), please refer to https://www.tensorflow.org/guide/function#controlling_retracing and https://www.tensorflow.org/api_docs/python/tf/function for  more details.
2026-08-01 14:20:11,050 | INFO | Pipeline initialized.
2026-08-01 14:20:11,856 | INFO | Base directory: /content/drive/MyDrive/SATB_Model
2026-08-01 14:20:23,451 | WARNING | Missing R7 in S14 - naya
2026-08-01 14:20:23,610 | WARNING | Missing R5 in A13 - kk tania
2026-08-01 14:20:23,611 | WARNING | Missing R6 in A13 - kk tania
2026-08-01 14:20:23,617 | WARNING | Missing R7 in A13 - kk tania
2026-08-01 14:20:23,641 | WARNING | Missing R6 in A15 - suri
2026-08-01 14:20:23,644 | WARNING | Missing R7 in A15 - suri
2026-08-01 14:20:23,746 | WARNING | Missing R5 in T12 - Ernest
2026-08-01 14:20:23,749 | WARNING | Missing R6 in T12 - Ernest
2026-08-01 14:20:23,752 | WARNING | Missing R7 in T12 - Ernest
2026-08-01 14:20:23,772 | WARNING | Missing R6 in T13 - Ilham
2026-08-01 14:20:23,774 | WARNING | Missing R7 in T13 - Ilham
2026-08-01 14:20:23,799 | WARNING | Missing R7 in T15 - Agung
2026-08-01 14:20:23,935 | INFO | Internal : 1389 files to inspect
2026-08-01 14:39:17,664 | INFO | External : 269 files to inspect
2026-08-01 14:58:34,294 | INFO | Preprocessing metadata saved: /content/drive/MyDrive/SATB_Model/Dataset/Metadata/metadata_preprocessing.csv
2026-08-01 14:58:55,319 | ERROR | Dataset split stage failed.
Traceback (most recent call last):
  File "/tmp/ipykernel_625/158862030.py", line 123, in <cell line: 0>
    split_df = create_singer_level_split(audio_metadata_df)
                                         ^^^^^^^^^^^^^^^^^
NameError: name 'audio_metadata_df' is not defined
2026-08-01 15:10:18,877 | ERROR | Dataset split stage failed.
Traceback (most recent call last):
  File "/tmp/ipykernel_625/158862030.py", line 123, in <cell line: 0>
    split_df = create_singer_level_split(audio_metadata_df)
                                         ^^^^^^^^^^^^^^^^^
NameError: name 'audio_metadata_df' is not defined
2026-08-01 15:10:39,588 | INFO | Split metadata saved: /content/drive/MyDrive/SATB_Model/Dataset/Metadata/metadata_split.csv
2026-08-01 15:10:39,589 | INFO | Dataset metadata saved: /content/drive/MyDrive/SATB_Model/Dataset/Metadata/metadata_dataset.csv
2026-08-01 15:37:45,676 | ERROR | MFCC scan failed /content/drive/MyDrive/SATB_Model/Dataset/Processed/Train/Alto/A08 - nabila/R6_1.wav : when mode='interp', width=9 cannot exceed data.shape[axis]=7
2026-08-01 15:38:07,919 | ERROR | MFCC scan failed /content/drive/MyDrive/SATB_Model/Dataset/Processed/Train/Alto/A09 - kk marya/R7_3.wav : when mode='interp', width=9 cannot exceed data.shape[axis]=7
2026-08-01 15:44:51,442 | ERROR | MFCC scan failed /content/drive/MyDrive/SATB_Model/Dataset/Processed/Validation/Soprano/S04 - kezia/R3_2.wav : when mode='interp', width=9 cannot exceed data.shape[axis]=8
2026-08-01 15:51:53,101 | ERROR | MFCC extraction failed /content/drive/MyDrive/SATB_Model/Dataset/Processed/Train/Alto/A08 - nabila/R6_1.wav : when mode='interp', width=9 cannot exceed data.shape[axis]=7
2026-08-01 15:51:53,494 | ERROR | MFCC extraction failed /content/drive/MyDrive/SATB_Model/Dataset/Processed/Train/Alto/A09 - kk marya/R7_3.wav : when mode='interp', width=9 cannot exceed data.shape[axis]=7
2026-08-01 15:52:04,682 | ERROR | MFCC extraction failed /content/drive/MyDrive/SATB_Model/Dataset/Processed/Validation/Soprano/S04 - kezia/R3_2.wav : when mode='interp', width=9 cannot exceed data.shape[axis]=8
2026-08-01 15:53:40,471 | ERROR | MFCC extraction failed /content/drive/MyDrive/SATB_Model/Dataset/Processed/External/Alto/A03/R2_2.wav : 
2026-08-01 17:45:30,124 | ERROR | Audio scan failed /content/drive/MyDrive/SATB_Model/Dataset/Processed/Train/Alto/A08 - nabila/R6_1.wav : when mode='interp', width=9 cannot exceed data.shape[axis]=7
2026-08-01 17:45:30,840 | ERROR | Audio scan failed /content/drive/MyDrive/SATB_Model/Dataset/Processed/Train/Alto/A09 - kk marya/R7_3.wav : when mode='interp', width=9 cannot exceed data.shape[axis]=7
2026-08-01 17:45:47,197 | ERROR | Audio scan failed /content/drive/MyDrive/SATB_Model/Dataset/Processed/Validation/Soprano/S04 - kezia/R3_2.wav : when mode='interp', width=9 cannot exceed data.shape[axis]=8
2026-08-01 17:46:15,865 | ERROR | Extraction failed /content/drive/MyDrive/SATB_Model/Dataset/Processed/Train/Alto/A08 - nabila/R6_1.wav : when mode='interp', width=9 cannot exceed data.shape[axis]=7
2026-08-01 17:46:16,608 | ERROR | Extraction failed /content/drive/MyDrive/SATB_Model/Dataset/Processed/Train/Alto/A09 - kk marya/R7_3.wav : when mode='interp', width=9 cannot exceed data.shape[axis]=7
2026-08-01 17:46:33,525 | ERROR | Extraction failed /content/drive/MyDrive/SATB_Model/Dataset/Processed/Validation/Soprano/S04 - kezia/R3_2.wav : when mode='interp', width=9 cannot exceed data.shape[axis]=8
2026-08-01 17:46:55,305 | ERROR | Extraction failed /content/drive/MyDrive/SATB_Model/Dataset/Processed/External/Alto/A03/R2_2.wav : 
2026-08-01 17:51:47,418 | ERROR | MFCC+Chroma scan failed /content/drive/MyDrive/SATB_Model/Dataset/Processed/Train/Alto/A08 - nabila/R6_1.wav : when mode='interp', width=9 cannot exceed data.shape[axis]=7
2026-08-01 17:51:48,149 | ERROR | MFCC+Chroma scan failed /content/drive/MyDrive/SATB_Model/Dataset/Processed/Train/Alto/A09 - kk marya/R7_3.wav : when mode='interp', width=9 cannot exceed data.shape[axis]=7
2026-08-01 17:52:04,600 | ERROR | MFCC+Chroma scan failed /content/drive/MyDrive/SATB_Model/Dataset/Processed/Validation/Soprano/S04 - kezia/R3_2.wav : when mode='interp', width=9 cannot exceed data.shape[axis]=8
2026-08-01 17:52:34,199 | ERROR | MFCC+Chroma extraction failed /content/drive/MyDrive/SATB_Model/Dataset/Processed/Train/Alto/A08 - nabila/R6_1.wav : when mode='interp', width=9 cannot exceed data.shape[axis]=7
2026-08-01 17:52:34,976 | ERROR | MFCC+Chroma extraction failed /content/drive/MyDrive/SATB_Model/Dataset/Processed/Train/Alto/A09 - kk marya/R7_3.wav : when mode='interp', width=9 cannot exceed data.shape[axis]=7
2026-08-01 17:52:52,128 | ERROR | MFCC+Chroma extraction failed /content/drive/MyDrive/SATB_Model/Dataset/Processed/Validation/Soprano/S04 - kezia/R3_2.wav : when mode='interp', width=9 cannot exceed data.shape[axis]=8
2026-08-01 17:53:12,015 | ERROR | MFCC+Chroma extraction failed /content/drive/MyDrive/SATB_Model/Dataset/Processed/External/Alto/A03/R2_2.wav : 
2026-08-01 17:56:37,682 | ERROR | MFCC+Chroma scan failed /content/drive/MyDrive/SATB_Model/Dataset/Processed/Train/Alto/A08 - nabila/R6_1.wav : when mode='interp', width=9 cannot exceed data.shape[axis]=7
2026-08-01 17:56:39,638 | ERROR | MFCC+Chroma scan failed /content/drive/MyDrive/SATB_Model/Dataset/Processed/Train/Alto/A09 - kk marya/R7_3.wav : when mode='interp', width=9 cannot exceed data.shape[axis]=7
2026-08-01 17:56:56,071 | ERROR | MFCC+Chroma scan failed /content/drive/MyDrive/SATB_Model/Dataset/Processed/Validation/Soprano/S04 - kezia/R3_2.wav : when mode='interp', width=9 cannot exceed data.shape[axis]=8
2026-08-01 17:57:25,546 | ERROR | MFCC+Chroma extraction failed /content/drive/MyDrive/SATB_Model/Dataset/Processed/Train/Alto/A08 - nabila/R6_1.wav : when mode='interp', width=9 cannot exceed data.shape[axis]=7
2026-08-01 17:57:26,279 | ERROR | MFCC+Chroma extraction failed /content/drive/MyDrive/SATB_Model/Dataset/Processed/Train/Alto/A09 - kk marya/R7_3.wav : when mode='interp', width=9 cannot exceed data.shape[axis]=7
2026-08-01 17:57:43,823 | ERROR | MFCC+Chroma extraction failed /content/drive/MyDrive/SATB_Model/Dataset/Processed/Validation/Soprano/S04 - kezia/R3_2.wav : when mode='interp', width=9 cannot exceed data.shape[axis]=8
2026-08-01 17:58:03,590 | ERROR | MFCC+Chroma extraction failed /content/drive/MyDrive/SATB_Model/Dataset/Processed/External/Alto/A03/R2_2.wav : 
2026-08-01 18:03:42,383 | ERROR | Scan failed /content/drive/MyDrive/SATB_Model/Dataset/Processed/Train/Alto/A08 - nabila/R6_1.wav : when mode='interp', width=9 cannot exceed data.shape[axis]=7
2026-08-01 18:03:43,103 | ERROR | Scan failed /content/drive/MyDrive/SATB_Model/Dataset/Processed/Train/Alto/A09 - kk marya/R7_3.wav : when mode='interp', width=9 cannot exceed data.shape[axis]=7
2026-08-01 18:04:04,047 | ERROR | Scan failed /content/drive/MyDrive/SATB_Model/Dataset/Processed/Validation/Soprano/S04 - kezia/R3_2.wav : when mode='interp', width=9 cannot exceed data.shape[axis]=8
2026-08-01 18:04:43,641 | ERROR | Extraction failed /content/drive/MyDrive/SATB_Model/Dataset/Processed/Train/Alto/A08 - nabila/R6_1.wav : when mode='interp', width=9 cannot exceed data.shape[axis]=7
2026-08-01 18:04:44,981 | ERROR | Extraction failed /content/drive/MyDrive/SATB_Model/Dataset/Processed/Train/Alto/A09 - kk marya/R7_3.wav : when mode='interp', width=9 cannot exceed data.shape[axis]=7
2026-08-01 18:05:12,585 | ERROR | Extraction failed /content/drive/MyDrive/SATB_Model/Dataset/Processed/Validation/Soprano/S04 - kezia/R3_2.wav : when mode='interp', width=9 cannot exceed data.shape[axis]=8
2026-08-01 18:05:38,857 | ERROR | Extraction failed /content/drive/MyDrive/SATB_Model/Dataset/Processed/External/Alto/A03/R2_2.wav : 
2026-08-01 18:10:27,123 | INFO | CNN training completed.
2026-08-01 18:10:27,447 | INFO | Loaded best model from /content/drive/MyDrive/SATB_Model/Model/cnn_satb_best.keras
2026-08-01 18:16:15,398 | INFO | CNN training completed successfully.
2026-08-01 18:16:20,966 | INFO | Loaded best model from /content/drive/MyDrive/SATB_Model/Model/cnn_satb_best.keras
2026-08-01 18:18:07,311 | INFO | Final model saved: /content/drive/MyDrive/SATB_Model/Model/cnn_satb.keras
2026-08-01 18:21:39,399 | WARNING | 5 out of the last 41 calls to <function TensorFlowTrainer.make_predict_function.<locals>.one_step_on_data_distributed at 0x7f04e96d6340> triggered tf.function retracing. Tracing is expensive and the excessive number of tracings could be due to (1) creating @tf.function repeatedly in a loop, (2) passing tensors with different shapes, (3) passing Python objects instead of tensors. For (1), please define your @tf.function outside of the loop. For (2), @tf.function has reduce_retracing=True option that can avoid unnecessary retracing. For (3), please refer to https://www.tensorflow.org/guide/function#controlling_retracing and https://www.tensorflow.org/api_docs/python/tf/function for  more details.
2026-08-01 18:25:11,910 | WARNING | 6 out of the last 42 calls to <function TensorFlowTrainer.make_predict_function.<locals>.one_step_on_data_distributed at 0x7f0520499620> triggered tf.function retracing. Tracing is expensive and the excessive number of tracings could be due to (1) creating @tf.function repeatedly in a loop, (2) passing tensors with different shapes, (3) passing Python objects instead of tensors. For (1), please define your @tf.function outside of the loop. For (2), @tf.function has reduce_retracing=True option that can avoid unnecessary retracing. For (3), please refer to https://www.tensorflow.org/guide/function#controlling_retracing and https://www.tensorflow.org/api_docs/python/tf/function for  more details.
2026-08-03 02:15:20,813 | INFO | Pipeline initialized.
2026-08-03 02:15:27,439 | INFO | Base directory: /content/drive/MyDrive/SATB_Model
2026-08-03 02:15:35,131 | WARNING | Missing R7 in S14 - naya
2026-08-03 02:15:35,346 | WARNING | Missing R5 in A13 - kk tania
2026-08-03 02:15:35,347 | WARNING | Missing R6 in A13 - kk tania
2026-08-03 02:15:35,350 | WARNING | Missing R7 in A13 - kk tania
2026-08-03 02:15:35,374 | WARNING | Missing R6 in A15 - suri
2026-08-03 02:15:35,377 | WARNING | Missing R7 in A15 - suri
2026-08-03 02:15:35,674 | WARNING | Missing R5 in T12 - Ernest
2026-08-03 02:15:35,681 | WARNING | Missing R6 in T12 - Ernest
2026-08-03 02:15:35,685 | WARNING | Missing R7 in T12 - Ernest
2026-08-03 02:15:35,707 | WARNING | Missing R6 in T13 - Ilham
2026-08-03 02:15:35,712 | WARNING | Missing R7 in T13 - Ilham
2026-08-03 02:15:35,748 | WARNING | Missing R7 in T15 - Agung
2026-08-03 02:15:36,040 | INFO | Internal : 1389 files to inspect
2026-08-03 02:23:11,143 | INFO | External : 269 files to inspect
2026-08-03 02:30:28,431 | INFO | Preprocessing metadata saved: /content/drive/MyDrive/SATB_Model/Dataset/Metadata/metadata_preprocessing.csv
2026-08-03 02:30:47,193 | INFO | Split metadata saved: /content/drive/MyDrive/SATB_Model/Dataset/Metadata/metadata_split.csv
2026-08-03 02:30:47,196 | INFO | Dataset metadata saved: /content/drive/MyDrive/SATB_Model/Dataset/Metadata/metadata_dataset.csv
2026-08-03 02:46:45,461 | INFO | Augmentation metadata saved: /content/drive/MyDrive/SATB_Model/Dataset/Metadata/metadata_augmentation.csv
2026-08-03 03:06:37,772 | ERROR | Feature scan failed /content/drive/MyDrive/SATB_Model/Dataset/Processed/Train/Alto/A08 - nabila/R6_1.wav : when mode='interp', width=9 cannot exceed data.shape[axis]=7
2026-08-03 03:06:38,433 | ERROR | Feature scan failed /content/drive/MyDrive/SATB_Model/Dataset/Processed/Train/Alto/A09 - kk marya/R7_3.wav : when mode='interp', width=9 cannot exceed data.shape[axis]=7
2026-08-03 03:07:32,202 | ERROR | Feature scan failed /content/drive/MyDrive/SATB_Model/Dataset/Augmented/Train/Alto/A08 - nabila/R6_1_aug_pitch_shift.wav : when mode='interp', width=9 cannot exceed data.shape[axis]=7
2026-08-03 03:07:32,210 | ERROR | Feature scan failed /content/drive/MyDrive/SATB_Model/Dataset/Augmented/Train/Alto/A08 - nabila/R6_1_aug_time_stretch.wav : when mode='interp', width=9 cannot exceed data.shape[axis]=6
2026-08-03 03:07:32,217 | ERROR | Feature scan failed /content/drive/MyDrive/SATB_Model/Dataset/Augmented/Train/Alto/A08 - nabila/R6_1_aug_gaussian_noise.wav : when mode='interp', width=9 cannot exceed data.shape[axis]=7
2026-08-03 03:07:32,225 | ERROR | Feature scan failed /content/drive/MyDrive/SATB_Model/Dataset/Augmented/Train/Alto/A08 - nabila/R6_1_aug_gain.wav : when mode='interp', width=9 cannot exceed data.shape[axis]=7
2026-08-03 03:07:37,367 | ERROR | Feature scan failed /content/drive/MyDrive/SATB_Model/Dataset/Augmented/Train/Alto/A09 - kk marya/R7_3_aug_pitch_shift.wav : when mode='interp', width=9 cannot exceed data.shape[axis]=7
2026-08-03 03:07:37,378 | ERROR | Feature scan failed /content/drive/MyDrive/SATB_Model/Dataset/Augmented/Train/Alto/A09 - kk marya/R7_3_aug_time_stretch.wav : when mode='interp', width=9 cannot exceed data.shape[axis]=7
2026-08-03 03:07:37,388 | ERROR | Feature scan failed /content/drive/MyDrive/SATB_Model/Dataset/Augmented/Train/Alto/A09 - kk marya/R7_3_aug_gaussian_noise.wav : when mode='interp', width=9 cannot exceed data.shape[axis]=7
2026-08-03 03:07:37,399 | ERROR | Feature scan failed /content/drive/MyDrive/SATB_Model/Dataset/Augmented/Train/Alto/A09 - kk marya/R7_3_aug_gain.wav : when mode='interp', width=9 cannot exceed data.shape[axis]=7
2026-08-03 03:07:53,907 | ERROR | Feature scan failed /content/drive/MyDrive/SATB_Model/Dataset/Augmented/Train/Tenor/T04 - zaky/R5_1_aug_time_stretch.wav : when mode='interp', width=9 cannot exceed data.shape[axis]=8
2026-08-03 03:08:40,117 | ERROR | Feature scan failed /content/drive/MyDrive/SATB_Model/Dataset/Processed/Validation/Soprano/S04 - kezia/R3_2.wav : when mode='interp', width=9 cannot exceed data.shape[axis]=8
2026-08-03 03:11:50,557 | ERROR | Feature extraction failed /content/drive/MyDrive/SATB_Model/Dataset/Processed/Train/Alto/A08 - nabila/R6_1.wav : when mode='interp', width=9 cannot exceed data.shape[axis]=7
2026-08-03 03:11:51,210 | ERROR | Feature extraction failed /content/drive/MyDrive/SATB_Model/Dataset/Processed/Train/Alto/A09 - kk marya/R7_3.wav : when mode='interp', width=9 cannot exceed data.shape[axis]=7
2026-08-03 03:12:47,918 | ERROR | Feature extraction failed /content/drive/MyDrive/SATB_Model/Dataset/Augmented/Train/Alto/A08 - nabila/R6_1_aug_pitch_shift.wav : when mode='interp', width=9 cannot exceed data.shape[axis]=7
2026-08-03 03:12:47,926 | ERROR | Feature extraction failed /content/drive/MyDrive/SATB_Model/Dataset/Augmented/Train/Alto/A08 - nabila/R6_1_aug_time_stretch.wav : when mode='interp', width=9 cannot exceed data.shape[axis]=6
2026-08-03 03:12:47,935 | ERROR | Feature extraction failed /content/drive/MyDrive/SATB_Model/Dataset/Augmented/Train/Alto/A08 - nabila/R6_1_aug_gaussian_noise.wav : when mode='interp', width=9 cannot exceed data.shape[axis]=7
2026-08-03 03:12:47,943 | ERROR | Feature extraction failed /content/drive/MyDrive/SATB_Model/Dataset/Augmented/Train/Alto/A08 - nabila/R6_1_aug_gain.wav : when mode='interp', width=9 cannot exceed data.shape[axis]=7
2026-08-03 03:12:50,728 | ERROR | Feature extraction failed /content/drive/MyDrive/SATB_Model/Dataset/Augmented/Train/Alto/A09 - kk marya/R7_3_aug_pitch_shift.wav : when mode='interp', width=9 cannot exceed data.shape[axis]=7
2026-08-03 03:12:50,736 | ERROR | Feature extraction failed /content/drive/MyDrive/SATB_Model/Dataset/Augmented/Train/Alto/A09 - kk marya/R7_3_aug_time_stretch.wav : when mode='interp', width=9 cannot exceed data.shape[axis]=7
2026-08-03 03:12:50,744 | ERROR | Feature extraction failed /content/drive/MyDrive/SATB_Model/Dataset/Augmented/Train/Alto/A09 - kk marya/R7_3_aug_gaussian_noise.wav : when mode='interp', width=9 cannot exceed data.shape[axis]=7
2026-08-03 03:12:50,752 | ERROR | Feature extraction failed /content/drive/MyDrive/SATB_Model/Dataset/Augmented/Train/Alto/A09 - kk marya/R7_3_aug_gain.wav : when mode='interp', width=9 cannot exceed data.shape[axis]=7
2026-08-03 03:13:07,190 | ERROR | Feature extraction failed /content/drive/MyDrive/SATB_Model/Dataset/Augmented/Train/Tenor/T04 - zaky/R5_1_aug_time_stretch.wav : when mode='interp', width=9 cannot exceed data.shape[axis]=8
2026-08-03 03:13:52,642 | ERROR | Feature extraction failed /content/drive/MyDrive/SATB_Model/Dataset/Processed/Validation/Soprano/S04 - kezia/R3_2.wav : when mode='interp', width=9 cannot exceed data.shape[axis]=8
2026-08-03 03:14:49,571 | ERROR | Feature extraction failed /content/drive/MyDrive/SATB_Model/Dataset/Processed/External/Alto/A03/R2_2.wav : 
2026-08-03 03:37:26,960 | INFO | Augmentation metadata saved: /content/drive/MyDrive/SATB_Model/Dataset/Metadata/metadata_augmentation.csv
2026-08-03 03:38:35,035 | ERROR | Feature scan failed /content/drive/MyDrive/SATB_Model/Dataset/Processed/Train/Alto/A08 - nabila/R6_1.wav : when mode='interp', width=9 cannot exceed data.shape[axis]=7
2026-08-03 03:38:35,722 | ERROR | Feature scan failed /content/drive/MyDrive/SATB_Model/Dataset/Processed/Train/Alto/A09 - kk marya/R7_3.wav : when mode='interp', width=9 cannot exceed data.shape[axis]=7
2026-08-03 03:39:08,302 | ERROR | Feature scan failed /content/drive/MyDrive/SATB_Model/Dataset/Augmented/Train/Alto/A08 - nabila/R6_1_aug_pitch_shift.wav : when mode='interp', width=9 cannot exceed data.shape[axis]=7
2026-08-03 03:39:09,163 | ERROR | Feature scan failed /content/drive/MyDrive/SATB_Model/Dataset/Augmented/Train/Alto/A09 - kk marya/R7_3_aug_pitch_shift.wav : when mode='interp', width=9 cannot exceed data.shape[axis]=7
2026-08-03 03:39:09,172 | ERROR | Feature scan failed /content/drive/MyDrive/SATB_Model/Dataset/Augmented/Train/Alto/A09 - kk marya/R7_3_aug_time_stretch.wav : when mode='interp', width=9 cannot exceed data.shape[axis]=7
2026-08-03 03:39:33,482 | ERROR | Feature scan failed /content/drive/MyDrive/SATB_Model/Dataset/Processed/Validation/Soprano/S04 - kezia/R3_2.wav : when mode='interp', width=9 cannot exceed data.shape[axis]=8
2026-08-03 03:39:59,725 | ERROR | Feature extraction failed /content/drive/MyDrive/SATB_Model/Dataset/Processed/Train/Alto/A08 - nabila/R6_1.wav : when mode='interp', width=9 cannot exceed data.shape[axis]=7
2026-08-03 03:40:00,391 | ERROR | Feature extraction failed /content/drive/MyDrive/SATB_Model/Dataset/Processed/Train/Alto/A09 - kk marya/R7_3.wav : when mode='interp', width=9 cannot exceed data.shape[axis]=7
2026-08-03 03:40:31,447 | ERROR | Feature extraction failed /content/drive/MyDrive/SATB_Model/Dataset/Augmented/Train/Alto/A08 - nabila/R6_1_aug_pitch_shift.wav : when mode='interp', width=9 cannot exceed data.shape[axis]=7
2026-08-03 03:40:32,235 | ERROR | Feature extraction failed /content/drive/MyDrive/SATB_Model/Dataset/Augmented/Train/Alto/A09 - kk marya/R7_3_aug_pitch_shift.wav : when mode='interp', width=9 cannot exceed data.shape[axis]=7
2026-08-03 03:40:32,247 | ERROR | Feature extraction failed /content/drive/MyDrive/SATB_Model/Dataset/Augmented/Train/Alto/A09 - kk marya/R7_3_aug_time_stretch.wav : when mode='interp', width=9 cannot exceed data.shape[axis]=7
2026-08-03 03:40:57,527 | ERROR | Feature extraction failed /content/drive/MyDrive/SATB_Model/Dataset/Processed/Validation/Soprano/S04 - kezia/R3_2.wav : when mode='interp', width=9 cannot exceed data.shape[axis]=8
2026-08-03 03:41:16,012 | ERROR | Feature extraction failed /content/drive/MyDrive/SATB_Model/Dataset/Processed/External/Alto/A03/R2_2.wav : 
2026-08-03 03:53:20,683 | INFO | Augmentation metadata saved: /content/drive/MyDrive/SATB_Model/Dataset/Metadata/metadata_augmentation.csv
2026-08-03 04:08:22,562 | ERROR | Feature scan failed /content/drive/MyDrive/SATB_Model/Dataset/Processed/Train/Alto/A08 - nabila/R6_1.wav : when mode='interp', width=9 cannot exceed data.shape[axis]=7
2026-08-03 04:08:23,878 | ERROR | Feature scan failed /content/drive/MyDrive/SATB_Model/Dataset/Processed/Train/Alto/A09 - kk marya/R7_3.wav : when mode='interp', width=9 cannot exceed data.shape[axis]=7
2026-08-03 04:08:41,170 | ERROR | Feature scan failed /content/drive/MyDrive/SATB_Model/Dataset/Processed/Validation/Soprano/S04 - kezia/R3_2.wav : when mode='interp', width=9 cannot exceed data.shape[axis]=8
2026-08-03 04:09:07,361 | ERROR | Feature extraction failed /content/drive/MyDrive/SATB_Model/Dataset/Processed/Train/Alto/A08 - nabila/R6_1.wav : when mode='interp', width=9 cannot exceed data.shape[axis]=7
2026-08-03 04:09:08,028 | ERROR | Feature extraction failed /content/drive/MyDrive/SATB_Model/Dataset/Processed/Train/Alto/A09 - kk marya/R7_3.wav : when mode='interp', width=9 cannot exceed data.shape[axis]=7
2026-08-03 04:09:24,210 | ERROR | Feature extraction failed /content/drive/MyDrive/SATB_Model/Dataset/Processed/Validation/Soprano/S04 - kezia/R3_2.wav : when mode='interp', width=9 cannot exceed data.shape[axis]=8
2026-08-03 04:09:46,674 | ERROR | Feature extraction failed /content/drive/MyDrive/SATB_Model/Dataset/Processed/External/Alto/A03/R2_2.wav : 
2026-08-03 04:19:30,214 | ERROR | Feature scan failed /content/drive/MyDrive/SATB_Model/Dataset/Processed/Train/Alto/A08 - nabila/R6_1.wav : when mode='interp', width=9 cannot exceed data.shape[axis]=7
2026-08-03 04:19:30,888 | ERROR | Feature scan failed /content/drive/MyDrive/SATB_Model/Dataset/Processed/Train/Alto/A09 - kk marya/R7_3.wav : when mode='interp', width=9 cannot exceed data.shape[axis]=7
2026-08-03 04:19:46,319 | ERROR | Feature scan failed /content/drive/MyDrive/SATB_Model/Dataset/Processed/Validation/Soprano/S04 - kezia/R3_2.wav : when mode='interp', width=9 cannot exceed data.shape[axis]=8
2026-08-03 04:20:14,591 | ERROR | Feature extraction failed /content/drive/MyDrive/SATB_Model/Dataset/Processed/Train/Alto/A08 - nabila/R6_1.wav : when mode='interp', width=9 cannot exceed data.shape[axis]=7
2026-08-03 04:20:15,346 | ERROR | Feature extraction failed /content/drive/MyDrive/SATB_Model/Dataset/Processed/Train/Alto/A09 - kk marya/R7_3.wav : when mode='interp', width=9 cannot exceed data.shape[axis]=7
2026-08-03 04:20:31,836 | ERROR | Feature extraction failed /content/drive/MyDrive/SATB_Model/Dataset/Processed/Validation/Soprano/S04 - kezia/R3_2.wav : when mode='interp', width=9 cannot exceed data.shape[axis]=8
2026-08-03 04:20:52,640 | ERROR | Feature extraction failed /content/drive/MyDrive/SATB_Model/Dataset/Processed/External/Alto/A03/R2_2.wav : 
2026-08-03 04:30:06,201 | INFO | CNN training completed successfully.
2026-08-03 04:30:09,309 | INFO | Loaded best model from /content/drive/MyDrive/SATB_Model/Model/cnn_satb_best.keras
2026-08-03 04:30:11,691 | ERROR | Model evaluation stage failed.
Traceback (most recent call last):
  File "/tmp/ipykernel_644/770230706.py", line 127, in <cell line: 0>
    internal_test_metrics = evaluate_classifier(model, X_test, y_test, mfcc_test_meta, "internal_test")
                                                                       ^^^^^^^^^^^^^^
NameError: name 'mfcc_test_meta' is not defined
2026-08-03 04:32:55,736 | INFO | Loaded best model from /content/drive/MyDrive/SATB_Model/Model/cnn_satb_best.keras
2026-08-03 04:33:19,987 | ERROR | External dataset testing stage failed.
Traceback (most recent call last):
  File "/tmp/ipykernel_644/1936172509.py", line 2, in <cell line: 0>
    external_metrics = evaluate_classifier(model, X_external, y_external, mfcc_external_meta, "external_test")
                                                                          ^^^^^^^^^^^^^^^^^^
NameError: name 'mfcc_external_meta' is not defined
2026-08-03 04:33:52,946 | ERROR | External dataset testing stage failed.
Traceback (most recent call last):
  File "/tmp/ipykernel_644/871064107.py", line 5, in <cell line: 0>
    external_metrics = evaluate_classifier(model, X_external, y_external, mfcc_external_meta, "external_test")
                       ^^^^^^^^^^^^^^^^^^^^^^^^^^^^^^^^^^^^^^^^^^^^^^^^^^^^^^^^^^^^^^^^^^^^^^^^^^^^^^^^^^^^^^^
  File "/tmp/ipykernel_644/2136120774.py", line 97, in evaluate_classifier
    predictions_df["true_label"] = [INDEX_TO_LABEL[int(i)] for i in y_true]
    ~~~~~~~~~~~~~~^^^^^^^^^^^^^^
  File "/usr/local/lib/python3.12/dist-packages/pandas/core/frame.py", line 4311, in __setitem__
    self._set_item(key, value)
  File "/usr/local/lib/python3.12/dist-packages/pandas/core/frame.py", line 4524, in _set_item
    value, refs = self._sanitize_column(value)
                  ^^^^^^^^^^^^^^^^^^^^^^^^^^^^
  File "/usr/local/lib/python3.12/dist-packages/pandas/core/frame.py", line 5266, in _sanitize_column
    com.require_length_match(value, self.index)
  File "/usr/local/lib/python3.12/dist-packages/pandas/core/common.py", line 573, in require_length_match
    raise ValueError(
ValueError: Length of values (268) does not match length of index (269)
2026-08-03 04:38:29,824 | WARNING | external_test evaluation skipped because tensor is empty.
2026-08-03 04:38:45,311 | INFO | Loaded best model from /content/drive/MyDrive/SATB_Model/Model/cnn_satb_best.keras
2026-08-03 04:38:49,834 | WARNING | external_test evaluation skipped because tensor is empty.
2026-08-03 04:40:14,982 | WARNING | external_test evaluation skipped because tensor is empty.
2026-08-03 04:41:07,701 | WARNING | external_test evaluation skipped because tensor is empty.
2026-08-03 04:42:34,048 | WARNING | external_test evaluation skipped because tensor is empty.
2026-08-03 04:46:01,165 | ERROR | Feature scan failed /content/drive/MyDrive/SATB_Model/Dataset/Processed/Train/Alto/A08 - nabila/R6_1.wav : when mode='interp', width=9 cannot exceed data.shape[axis]=7
2026-08-03 04:46:01,903 | ERROR | Feature scan failed /content/drive/MyDrive/SATB_Model/Dataset/Processed/Train/Alto/A09 - kk marya/R7_3.wav : when mode='interp', width=9 cannot exceed data.shape[axis]=7
2026-08-03 04:46:19,097 | ERROR | Feature scan failed /content/drive/MyDrive/SATB_Model/Dataset/Processed/Validation/Soprano/S04 - kezia/R3_2.wav : when mode='interp', width=9 cannot exceed data.shape[axis]=8
2026-08-03 04:46:49,460 | ERROR | Feature extraction failed /content/drive/MyDrive/SATB_Model/Dataset/Processed/Train/Alto/A08 - nabila/R6_1.wav : when mode='interp', width=9 cannot exceed data.shape[axis]=7
2026-08-03 04:46:50,205 | ERROR | Feature extraction failed /content/drive/MyDrive/SATB_Model/Dataset/Processed/Train/Alto/A09 - kk marya/R7_3.wav : when mode='interp', width=9 cannot exceed data.shape[axis]=7
2026-08-03 04:47:07,566 | ERROR | Feature extraction failed /content/drive/MyDrive/SATB_Model/Dataset/Processed/Validation/Soprano/S04 - kezia/R3_2.wav : when mode='interp', width=9 cannot exceed data.shape[axis]=8
2026-08-03 04:47:27,108 | ERROR | Feature extraction failed /content/drive/MyDrive/SATB_Model/Dataset/Processed/External/Alto/A03/R2_2.wav : 
2026-08-03 04:50:58,086 | INFO | Loaded best model from /content/drive/MyDrive/SATB_Model/Model/cnn_satb_best.keras
2026-08-03 05:01:21,323 | INFO | Loaded best model from /content/drive/MyDrive/SATB_Model/Model/cnn_satb_best.keras
2026-08-03 05:02:55,538 | INFO | Final model saved: /content/drive/MyDrive/SATB_Model/Model/cnn_satb.keras
2026-08-03 05:17:09,483 | WARNING | 5 out of the last 79 calls to <function TensorFlowTrainer.make_predict_function.<locals>.one_step_on_data_distributed at 0x7de29c5bf100> triggered tf.function retracing. Tracing is expensive and the excessive number of tracings could be due to (1) creating @tf.function repeatedly in a loop, (2) passing tensors with different shapes, (3) passing Python objects instead of tensors. For (1), please define your @tf.function outside of the loop. For (2), @tf.function has reduce_retracing=True option that can avoid unnecessary retracing. For (3), please refer to https://www.tensorflow.org/guide/function#controlling_retracing and https://www.tensorflow.org/api_docs/python/tf/function for  more details.
2026-08-03 05:18:22,288 | WARNING | 6 out of the last 82 calls to <function TensorFlowTrainer.make_predict_function.<locals>.one_step_on_data_distributed at 0x7de2aa38b7e0> triggered tf.function retracing. Tracing is expensive and the excessive number of tracings could be due to (1) creating @tf.function repeatedly in a loop, (2) passing tensors with different shapes, (3) passing Python objects instead of tensors. For (1), please define your @tf.function outside of the loop. For (2), @tf.function has reduce_retracing=True option that can avoid unnecessary retracing. For (3), please refer to https://www.tensorflow.org/guide/function#controlling_retracing and https://www.tensorflow.org/api_docs/python/tf/function for  more details.
2026-08-04 14:49:42,883 | INFO | Pipeline initialized.
2026-08-04 14:49:43,859 | INFO | Base directory: /content/drive/MyDrive/SATB_Model
2026-08-04 14:52:17,205 | INFO | Pipeline initialized.
2026-08-04 14:52:17,209 | INFO | Base directory: /content/drive/MyDrive/SATB_Model
2026-08-04 14:53:03,675 | INFO | Pipeline initialized.
2026-08-04 14:53:03,687 | INFO | Base directory: /content/drive/MyDrive/SATB_Model
2026-08-04 14:53:19,010 | WARNING | Missing R7 in S14 - naya
2026-08-04 14:53:19,085 | WARNING | Missing R5 in A13 - kk tania
2026-08-04 14:53:19,086 | WARNING | Missing R6 in A13 - kk tania
2026-08-04 14:53:19,087 | WARNING | Missing R7 in A13 - kk tania
2026-08-04 14:53:19,097 | WARNING | Missing R6 in A15 - suri
2026-08-04 14:53:19,098 | WARNING | Missing R7 in A15 - suri
2026-08-04 14:53:19,163 | WARNING | Missing R5 in T12 - Ernest
2026-08-04 14:53:19,164 | WARNING | Missing R6 in T12 - Ernest
2026-08-04 14:53:19,165 | WARNING | Missing R7 in T12 - Ernest
2026-08-04 14:53:19,170 | WARNING | Missing R6 in T13 - Ilham
2026-08-04 14:53:19,171 | WARNING | Missing R7 in T13 - Ilham
2026-08-04 14:53:19,181 | WARNING | Missing R7 in T15 - Agung
2026-08-04 14:53:19,276 | INFO | Internal : 1389 files to inspect
2026-08-04 15:02:22,717 | WARNING | Missing R7 in S14 - naya
2026-08-04 15:02:22,846 | WARNING | Missing R5 in A13 - kk tania
2026-08-04 15:02:22,851 | WARNING | Missing R6 in A13 - kk tania
2026-08-04 15:02:22,853 | WARNING | Missing R7 in A13 - kk tania
2026-08-04 15:02:22,879 | WARNING | Missing R6 in A15 - suri
2026-08-04 15:02:22,882 | WARNING | Missing R7 in A15 - suri
2026-08-04 15:02:22,989 | WARNING | Missing R5 in T12 - Ernest
2026-08-04 15:02:22,990 | WARNING | Missing R6 in T12 - Ernest
2026-08-04 15:02:22,992 | WARNING | Missing R7 in T12 - Ernest
2026-08-04 15:02:23,005 | WARNING | Missing R6 in T13 - Ilham
2026-08-04 15:02:23,008 | WARNING | Missing R7 in T13 - Ilham
2026-08-04 15:02:23,032 | WARNING | Missing R7 in T15 - Agung
2026-08-04 15:02:23,181 | INFO | Internal : 1389 files to inspect
2026-08-04 15:04:17,063 | INFO | External : 269 files to inspect
2026-08-04 15:06:12,609 | WARNING | Missing R4 in S01
2026-08-04 15:06:12,614 | WARNING | Missing R4 in S02
2026-08-04 15:06:12,619 | WARNING | Missing R4 in S03
2026-08-04 15:06:12,624 | WARNING | Missing R4 in S04
2026-08-04 15:06:12,632 | WARNING | Missing R4 in A01
2026-08-04 15:06:12,637 | WARNING | Missing R4 in A02
2026-08-04 15:06:12,643 | WARNING | Missing R4 in A03
2026-08-04 15:06:12,648 | WARNING | Missing R4 in A04
2026-08-04 15:06:12,655 | WARNING | Missing R4 in T01
2026-08-04 15:06:12,661 | WARNING | Missing R4 in T02
2026-08-04 15:06:12,665 | WARNING | Missing R4 in T03
2026-08-04 15:06:12,670 | WARNING | Missing R4 in T04
2026-08-04 15:06:12,676 | WARNING | Missing R4 in B01
2026-08-04 15:06:12,680 | WARNING | Missing R4 in B02
2026-08-04 15:06:12,686 | WARNING | Missing R4 in B03
2026-08-04 15:06:12,690 | WARNING | Missing R4 in B04
2026-08-04 15:06:12,692 | INFO | Secondary : 192 files to inspect
2026-08-04 15:10:47,039 | ERROR | Failed preprocessing /content/drive/MyDrive/SATB_Model/Dataset/Raw/Internal/Soprano/S01 - nata/R1_1.wav : no compiled object yet for <Library '_zc_wrapper' at 0x7988b9199a30>
2026-08-04 15:21:05,058 | INFO | Preprocessing metadata saved: /content/drive/MyDrive/SATB_Model/Dataset/Metadata/metadata_preprocessing.csv
2026-08-04 15:44:43,645 | INFO | Split metadata saved: /content/drive/MyDrive/SATB_Model/Dataset/Metadata/metadata_split.csv
2026-08-04 15:44:43,647 | INFO | Dataset metadata saved: /content/drive/MyDrive/SATB_Model/Dataset/Metadata/metadata_dataset.csv
2026-08-04 15:46:41,720 | INFO | Split metadata saved: /content/drive/MyDrive/SATB_Model/Dataset/Metadata/metadata_split.csv
2026-08-04 15:46:41,721 | INFO | Dataset metadata saved: /content/drive/MyDrive/SATB_Model/Dataset/Metadata/metadata_dataset.csv
2026-08-04 15:49:50,195 | INFO | Split metadata saved: /content/drive/MyDrive/SATB_Model/Dataset/Metadata/metadata_split.csv
2026-08-04 15:49:50,198 | INFO | Dataset metadata saved: /content/drive/MyDrive/SATB_Model/Dataset/Metadata/metadata_dataset.csv
2026-08-04 15:57:52,847 | INFO | Augmentation metadata saved: /content/drive/MyDrive/SATB_Model/Dataset/Metadata/metadata_augmentation.csv
2026-08-04 16:04:59,056 | ERROR | Feature scan failed /content/drive/MyDrive/SATB_Model/Dataset/Processed/Train/Alto/A08 - nabila/R6_1.wav : when mode='interp', width=9 cannot exceed data.shape[axis]=7
2026-08-04 16:05:07,418 | ERROR | Feature scan failed /content/drive/MyDrive/SATB_Model/Dataset/Processed/Train/Alto/A09 - kk marya/R7_3.wav : when mode='interp', width=9 cannot exceed data.shape[axis]=7
2026-08-04 16:05:35,462 | ERROR | Feature scan failed /content/drive/MyDrive/SATB_Model/Dataset/Processed/Validation/Soprano/S04 - kezia/R3_2.wav : when mode='interp', width=9 cannot exceed data.shape[axis]=8
2026-08-04 16:09:45,221 | ERROR | Feature extraction failed /content/drive/MyDrive/SATB_Model/Dataset/Processed/Train/Alto/A08 - nabila/R6_1.wav : when mode='interp', width=9 cannot exceed data.shape[axis]=7
2026-08-04 16:09:53,678 | ERROR | Feature extraction failed /content/drive/MyDrive/SATB_Model/Dataset/Processed/Train/Alto/A09 - kk marya/R7_3.wav : when mode='interp', width=9 cannot exceed data.shape[axis]=7
2026-08-04 16:10:16,047 | ERROR | Feature extraction failed /content/drive/MyDrive/SATB_Model/Dataset/Processed/Validation/Soprano/S04 - kezia/R3_2.wav : when mode='interp', width=9 cannot exceed data.shape[axis]=8
2026-08-04 16:11:13,985 | ERROR | Feature extraction failed /content/drive/MyDrive/SATB_Model/Dataset/Processed/External/Alto/A03/R2_2.wav : 
2026-08-04 16:26:40,970 | INFO | CNN training completed successfully.
2026-08-04 16:26:53,860 | INFO | Loaded best model from /content/drive/MyDrive/SATB_Model/Model/cnn_satb_best.keras
2026-08-04 16:28:14,418 | ERROR | External dataset testing stage failed.
Traceback (most recent call last):
  File "/tmp/ipykernel_916/1936172509.py", line 2, in <cell line: 0>
    external_metrics = evaluate_classifier(model, X_external, y_external, mfcc_external_meta, "external_test")
                                                                          ^^^^^^^^^^^^^^^^^^
NameError: name 'mfcc_external_meta' is not defined
2026-08-04 16:30:21,648 | ERROR | External dataset testing stage failed.
Traceback (most recent call last):
  File "/tmp/ipykernel_916/1936172509.py", line 2, in <cell line: 0>
    external_metrics = evaluate_classifier(model, X_external, y_external, mfcc_external_meta, "external_test")
                                                                          ^^^^^^^^^^^^^^^^^^
NameError: name 'mfcc_external_meta' is not defined
2026-08-04 16:33:51,849 | INFO | Loaded best model from /content/drive/MyDrive/SATB_Model/Model/cnn_satb_best.keras
2026-08-04 16:34:20,793 | ERROR | Evaluation and prediction stage failed.
Traceback (most recent call last):
  File "/tmp/ipykernel_916/3974769129.py", line 43, in <cell line: 0>
    show_prediction_with_singer(X_val, y_val, val_meta, "VALIDATION")
    ^^^^^^^^^^^^^^^^^^^^^^^^^^^
NameError: name 'show_prediction_with_singer' is not defined
2026-08-04 16:36:54,658 | INFO | Loaded best model from /content/drive/MyDrive/SATB_Model/Model/cnn_satb_best.keras
2026-08-04 16:49:19,338 | INFO | Final model saved: /content/drive/MyDrive/SATB_Model/Model/cnn_satb.keras
2026-08-04 16:49:49,008 | ERROR | Internal Python error in the inspect module.
Below is the traceback from this internal error.

2026-08-04 16:49:49,019 | INFO | 
Unfortunately, your original traceback can not be constructed.

2026-08-04 16:53:42,506 | WARNING | 5 out of the last 79 calls to <function TensorFlowTrainer.make_predict_function.<locals>.one_step_on_data_distributed at 0x79888829e160> triggered tf.function retracing. Tracing is expensive and the excessive number of tracings could be due to (1) creating @tf.function repeatedly in a loop, (2) passing tensors with different shapes, (3) passing Python objects instead of tensors. For (1), please define your @tf.function outside of the loop. For (2), @tf.function has reduce_retracing=True option that can avoid unnecessary retracing. For (3), please refer to https://www.tensorflow.org/guide/function#controlling_retracing and https://www.tensorflow.org/api_docs/python/tf/function for  more details.
2026-08-06 15:30:38,036 | INFO | Pipeline initialized.
2026-08-06 15:30:38,929 | INFO | Base directory: /content/drive/MyDrive/SATB_Model
2026-08-06 15:30:45,350 | WARNING | Missing R7 in S14 - naya
2026-08-06 15:30:45,460 | WARNING | Missing R5 in A13 - kk tania
2026-08-06 15:30:45,461 | WARNING | Missing R6 in A13 - kk tania
2026-08-06 15:30:45,462 | WARNING | Missing R7 in A13 - kk tania
2026-08-06 15:30:45,479 | WARNING | Missing R6 in A15 - suri
2026-08-06 15:30:45,481 | WARNING | Missing R7 in A15 - suri
2026-08-06 15:30:45,582 | WARNING | Missing R5 in T12 - Ernest
2026-08-06 15:30:45,583 | WARNING | Missing R6 in T12 - Ernest
2026-08-06 15:30:45,585 | WARNING | Missing R7 in T12 - Ernest
2026-08-06 15:30:45,592 | WARNING | Missing R6 in T13 - Ilham
2026-08-06 15:30:45,593 | WARNING | Missing R7 in T13 - Ilham
2026-08-06 15:30:45,610 | WARNING | Missing R7 in T15 - Agung
2026-08-06 15:30:45,743 | INFO | Internal : 1389 files to inspect
2026-08-06 15:40:07,739 | INFO | External : 269 files to inspect
2026-08-06 15:41:59,643 | WARNING | Missing R4 in S01
2026-08-06 15:41:59,649 | WARNING | Missing R4 in S02
2026-08-06 15:41:59,656 | WARNING | Missing R4 in S03
2026-08-06 15:41:59,660 | WARNING | Missing R4 in S04
2026-08-06 15:41:59,667 | WARNING | Missing R4 in A01
2026-08-06 15:41:59,672 | WARNING | Missing R4 in A02
2026-08-06 15:41:59,676 | WARNING | Missing R4 in A03
2026-08-06 15:41:59,681 | WARNING | Missing R4 in A04
2026-08-06 15:41:59,688 | WARNING | Missing R4 in T01
2026-08-06 15:41:59,692 | WARNING | Missing R4 in T02
2026-08-06 15:41:59,697 | WARNING | Missing R4 in T03
2026-08-06 15:41:59,703 | WARNING | Missing R4 in T04
2026-08-06 15:41:59,709 | WARNING | Missing R4 in B01
2026-08-06 15:41:59,714 | WARNING | Missing R4 in B02
2026-08-06 15:41:59,719 | WARNING | Missing R4 in B03
2026-08-06 15:41:59,724 | WARNING | Missing R4 in B04
2026-08-06 15:41:59,725 | INFO | Secondary : 192 files to inspect
2026-08-06 15:51:03,147 | INFO | Preprocessing metadata saved: /content/drive/MyDrive/SATB_Model/Dataset/Metadata/metadata_preprocessing.csv
2026-08-06 15:51:33,130 | INFO | Split metadata saved: /content/drive/MyDrive/SATB_Model/Dataset/Metadata/metadata_split.csv
2026-08-06 15:51:33,132 | INFO | Dataset metadata saved: /content/drive/MyDrive/SATB_Model/Dataset/Metadata/metadata_dataset.csv
2026-08-06 16:00:19,094 | INFO | Augmentation metadata saved: /content/drive/MyDrive/SATB_Model/Dataset/Metadata/metadata_augmentation.csv
2026-08-06 16:03:48,949 | INFO | Pipeline initialized.
2026-08-06 16:03:48,953 | INFO | Base directory: /content/drive/MyDrive/SATB_Model
2026-08-06 16:03:56,037 | ERROR | Hybrid extraction stage failed.
Traceback (most recent call last):
  File "/tmp/ipykernel_14568/3435599459.py", line 324, in <cell line: 0>
    split_df
NameError: name 'split_df' is not defined
2026-08-06 16:04:08,508 | ERROR | Dataset split stage failed.
Traceback (most recent call last):
  File "/tmp/ipykernel_14568/2019992747.py", line 196, in <cell line: 0>
    split_df = create_singer_level_split(audio_metadata_df, seed=42)
                                         ^^^^^^^^^^^^^^^^^
NameError: name 'audio_metadata_df' is not defined
2026-08-06 16:04:50,296 | WARNING | Missing R7 in S14 - naya
2026-08-06 16:04:50,410 | WARNING | Missing R5 in A13 - kk tania
2026-08-06 16:04:50,411 | WARNING | Missing R6 in A13 - kk tania
2026-08-06 16:04:50,413 | WARNING | Missing R7 in A13 - kk tania
2026-08-06 16:04:50,428 | WARNING | Missing R6 in A15 - suri
2026-08-06 16:04:50,429 | WARNING | Missing R7 in A15 - suri
2026-08-06 16:04:50,520 | WARNING | Missing R5 in T12 - Ernest
2026-08-06 16:04:50,521 | WARNING | Missing R6 in T12 - Ernest
2026-08-06 16:04:50,523 | WARNING | Missing R7 in T12 - Ernest
2026-08-06 16:04:50,531 | WARNING | Missing R6 in T13 - Ilham
2026-08-06 16:04:50,532 | WARNING | Missing R7 in T13 - Ilham
2026-08-06 16:04:50,545 | WARNING | Missing R7 in T15 - Agung
2026-08-06 16:04:50,679 | INFO | Internal : 1389 files to inspect
2026-08-06 16:04:55,119 | INFO | External : 269 files to inspect
2026-08-06 16:04:56,065 | WARNING | Missing R4 in S01
2026-08-06 16:04:56,077 | WARNING | Missing R4 in S02
2026-08-06 16:04:56,083 | WARNING | Missing R4 in S03
2026-08-06 16:04:56,092 | WARNING | Missing R4 in S04
2026-08-06 16:04:56,099 | WARNING | Missing R4 in A01
2026-08-06 16:04:56,104 | WARNING | Missing R4 in A02
2026-08-06 16:04:56,110 | WARNING | Missing R4 in A03
2026-08-06 16:04:56,116 | WARNING | Missing R4 in A04
2026-08-06 16:04:56,123 | WARNING | Missing R4 in T01
2026-08-06 16:04:56,130 | WARNING | Missing R4 in T02
2026-08-06 16:04:56,137 | WARNING | Missing R4 in T03
2026-08-06 16:04:56,141 | WARNING | Missing R4 in T04
2026-08-06 16:04:56,151 | WARNING | Missing R4 in B01
2026-08-06 16:04:56,156 | WARNING | Missing R4 in B02
2026-08-06 16:04:56,160 | WARNING | Missing R4 in B03
2026-08-06 16:04:56,165 | WARNING | Missing R4 in B04
2026-08-06 16:04:56,166 | INFO | Secondary : 192 files to inspect
2026-08-06 16:06:48,624 | INFO | Preprocessing metadata saved: /content/drive/MyDrive/SATB_Model/Dataset/Metadata/metadata_preprocessing.csv
2026-08-06 16:07:02,654 | INFO | Split metadata saved: /content/drive/MyDrive/SATB_Model/Dataset/Metadata/metadata_split.csv
2026-08-06 16:07:02,655 | INFO | Dataset metadata saved: /content/drive/MyDrive/SATB_Model/Dataset/Metadata/metadata_dataset.csv
2026-08-06 16:07:42,356 | INFO | Augmentation metadata saved: /content/drive/MyDrive/SATB_Model/Dataset/Metadata/metadata_augmentation.csv
2026-08-06 16:18:10,244 | INFO | Pipeline initialized.
2026-08-06 16:18:10,250 | INFO | Base directory: /content/drive/MyDrive/SATB_Model
2026-08-06 16:18:22,640 | WARNING | Missing R7 in S14 - naya
2026-08-06 16:18:22,754 | WARNING | Missing R5 in A13 - kk tania
2026-08-06 16:18:22,755 | WARNING | Missing R6 in A13 - kk tania
2026-08-06 16:18:22,757 | WARNING | Missing R7 in A13 - kk tania
2026-08-06 16:18:22,772 | WARNING | Missing R6 in A15 - suri
2026-08-06 16:18:22,773 | WARNING | Missing R7 in A15 - suri
2026-08-06 16:18:22,865 | WARNING | Missing R5 in T12 - Ernest
2026-08-06 16:18:22,866 | WARNING | Missing R6 in T12 - Ernest
2026-08-06 16:18:22,868 | WARNING | Missing R7 in T12 - Ernest
2026-08-06 16:18:22,877 | WARNING | Missing R6 in T13 - Ilham
2026-08-06 16:18:22,878 | WARNING | Missing R7 in T13 - Ilham
2026-08-06 16:18:22,892 | WARNING | Missing R7 in T15 - Agung
2026-08-06 16:18:23,022 | INFO | Internal : 1389 files to inspect
2026-08-06 16:18:28,059 | INFO | External : 269 files to inspect
2026-08-06 16:18:29,134 | WARNING | Missing R4 in S01
2026-08-06 16:18:29,143 | WARNING | Missing R4 in S02
2026-08-06 16:18:29,151 | WARNING | Missing R4 in S03
2026-08-06 16:18:29,161 | WARNING | Missing R4 in S04
2026-08-06 16:18:29,174 | WARNING | Missing R4 in A01
2026-08-06 16:18:29,182 | WARNING | Missing R4 in A02
2026-08-06 16:18:29,188 | WARNING | Missing R4 in A03
2026-08-06 16:18:29,197 | WARNING | Missing R4 in A04
2026-08-06 16:18:29,207 | WARNING | Missing R4 in T01
2026-08-06 16:18:29,214 | WARNING | Missing R4 in T02
2026-08-06 16:18:29,220 | WARNING | Missing R4 in T03
2026-08-06 16:18:29,227 | WARNING | Missing R4 in T04
2026-08-06 16:18:29,239 | WARNING | Missing R4 in B01
2026-08-06 16:18:29,245 | WARNING | Missing R4 in B02
2026-08-06 16:18:29,251 | WARNING | Missing R4 in B03
2026-08-06 16:18:29,258 | WARNING | Missing R4 in B04
2026-08-06 16:18:29,260 | INFO | Secondary : 192 files to inspect
2026-08-06 16:20:25,889 | INFO | Preprocessing metadata saved: /content/drive/MyDrive/SATB_Model/Dataset/Metadata/metadata_preprocessing.csv
2026-08-06 16:20:35,698 | INFO | Split metadata saved: /content/drive/MyDrive/SATB_Model/Dataset/Metadata/metadata_split.csv
2026-08-06 16:20:35,700 | INFO | Dataset metadata saved: /content/drive/MyDrive/SATB_Model/Dataset/Metadata/metadata_dataset.csv
2026-08-06 16:21:18,281 | INFO | Augmentation metadata saved: /content/drive/MyDrive/SATB_Model/Dataset/Metadata/metadata_augmentation.csv
2026-08-06 16:27:29,424 | INFO | Pipeline initialized.
2026-08-06 16:27:29,427 | INFO | Base directory: /content/drive/MyDrive/SATB_Model
2026-08-06 16:27:30,285 | WARNING | Missing R7 in S14 - naya
2026-08-06 16:27:30,400 | WARNING | Missing R5 in A13 - kk tania
2026-08-06 16:27:30,402 | WARNING | Missing R6 in A13 - kk tania
2026-08-06 16:27:30,404 | WARNING | Missing R7 in A13 - kk tania
2026-08-06 16:27:30,420 | WARNING | Missing R6 in A15 - suri
2026-08-06 16:27:30,421 | WARNING | Missing R7 in A15 - suri
2026-08-06 16:27:30,522 | WARNING | Missing R5 in T12 - Ernest
2026-08-06 16:27:30,523 | WARNING | Missing R6 in T12 - Ernest
2026-08-06 16:27:30,525 | WARNING | Missing R7 in T12 - Ernest
2026-08-06 16:27:30,532 | WARNING | Missing R6 in T13 - Ilham
2026-08-06 16:27:30,533 | WARNING | Missing R7 in T13 - Ilham
2026-08-06 16:27:30,548 | WARNING | Missing R7 in T15 - Agung
2026-08-06 16:27:30,681 | INFO | Internal : 1389 files to inspect
2026-08-06 16:27:38,325 | INFO | External : 269 files to inspect
2026-08-06 16:27:41,036 | WARNING | Missing R4 in S01
2026-08-06 16:27:41,061 | WARNING | Missing R4 in S02
2026-08-06 16:27:41,078 | WARNING | Missing R4 in S03
2026-08-06 16:27:41,088 | WARNING | Missing R4 in S04
2026-08-06 16:27:41,099 | WARNING | Missing R4 in A01
2026-08-06 16:27:41,111 | WARNING | Missing R4 in A02
2026-08-06 16:27:41,120 | WARNING | Missing R4 in A03
2026-08-06 16:27:41,128 | WARNING | Missing R4 in A04
2026-08-06 16:27:41,143 | WARNING | Missing R4 in T01
2026-08-06 16:27:41,151 | WARNING | Missing R4 in T02
2026-08-06 16:27:41,157 | WARNING | Missing R4 in T03
2026-08-06 16:27:41,162 | WARNING | Missing R4 in T04
2026-08-06 16:27:41,177 | WARNING | Missing R4 in B01
2026-08-06 16:27:41,190 | WARNING | Missing R4 in B02
2026-08-06 16:27:41,198 | WARNING | Missing R4 in B03
2026-08-06 16:27:41,213 | WARNING | Missing R4 in B04
2026-08-06 16:27:41,215 | INFO | Secondary : 192 files to inspect
2026-08-06 16:29:53,297 | INFO | Preprocessing metadata saved: /content/drive/MyDrive/SATB_Model/Dataset/Metadata/metadata_preprocessing.csv
2026-08-06 16:30:02,754 | INFO | Split metadata saved: /content/drive/MyDrive/SATB_Model/Dataset/Metadata/metadata_split.csv
2026-08-06 16:30:02,757 | INFO | Dataset metadata saved: /content/drive/MyDrive/SATB_Model/Dataset/Metadata/metadata_dataset.csv
2026-08-06 16:31:06,188 | INFO | Augmentation metadata saved: /content/drive/MyDrive/SATB_Model/Dataset/Metadata/metadata_augmentation.csv
2026-08-06 16:40:45,995 | INFO | Pipeline initialized.
2026-08-06 16:40:45,999 | INFO | Base directory: /content/drive/MyDrive/SATB_Model
2026-08-06 16:40:46,831 | WARNING | Missing R7 in S14 - naya
2026-08-06 16:40:46,941 | WARNING | Missing R5 in A13 - kk tania
2026-08-06 16:40:46,942 | WARNING | Missing R6 in A13 - kk tania
2026-08-06 16:40:46,947 | WARNING | Missing R7 in A13 - kk tania
2026-08-06 16:40:46,964 | WARNING | Missing R6 in A15 - suri
2026-08-06 16:40:46,965 | WARNING | Missing R7 in A15 - suri
2026-08-06 16:40:47,104 | WARNING | Missing R5 in T12 - Ernest
2026-08-06 16:40:47,107 | WARNING | Missing R6 in T12 - Ernest
2026-08-06 16:40:47,109 | WARNING | Missing R7 in T12 - Ernest
2026-08-06 16:40:47,123 | WARNING | Missing R6 in T13 - Ilham
2026-08-06 16:40:47,126 | WARNING | Missing R7 in T13 - Ilham
2026-08-06 16:40:47,152 | WARNING | Missing R7 in T15 - Agung
2026-08-06 16:40:47,356 | INFO | Internal : 1389 files to inspect
2026-08-06 16:40:56,209 | INFO | External : 269 files to inspect
2026-08-06 16:40:58,365 | WARNING | Missing R4 in S01
2026-08-06 16:40:58,374 | WARNING | Missing R4 in S02
2026-08-06 16:40:58,379 | WARNING | Missing R4 in S03
2026-08-06 16:40:58,384 | WARNING | Missing R4 in S04
2026-08-06 16:40:58,390 | WARNING | Missing R4 in A01
2026-08-06 16:40:58,395 | WARNING | Missing R4 in A02
2026-08-06 16:40:58,400 | WARNING | Missing R4 in A03
2026-08-06 16:40:58,406 | WARNING | Missing R4 in A04
2026-08-06 16:40:58,413 | WARNING | Missing R4 in T01
2026-08-06 16:40:58,418 | WARNING | Missing R4 in T02
2026-08-06 16:40:58,424 | WARNING | Missing R4 in T03
2026-08-06 16:40:58,428 | WARNING | Missing R4 in T04
2026-08-06 16:40:58,440 | WARNING | Missing R4 in B01
2026-08-06 16:40:58,445 | WARNING | Missing R4 in B02
2026-08-06 16:40:58,451 | WARNING | Missing R4 in B03
2026-08-06 16:40:58,457 | WARNING | Missing R4 in B04
2026-08-06 16:40:58,462 | INFO | Secondary : 192 files to inspect
2026-08-06 16:43:16,314 | INFO | Preprocessing metadata saved: /content/drive/MyDrive/SATB_Model/Dataset/Metadata/metadata_preprocessing.csv
2026-08-06 16:43:26,199 | INFO | Split metadata saved: /content/drive/MyDrive/SATB_Model/Dataset/Metadata/metadata_split.csv
2026-08-06 16:43:26,200 | INFO | Dataset metadata saved: /content/drive/MyDrive/SATB_Model/Dataset/Metadata/metadata_dataset.csv
2026-08-06 16:44:06,445 | INFO | Augmentation metadata saved: /content/drive/MyDrive/SATB_Model/Dataset/Metadata/metadata_augmentation.csv
2026-08-06 16:47:29,324 | INFO | Pipeline initialized.
2026-08-06 16:47:29,330 | INFO | Base directory: /content/drive/MyDrive/SATB_Model
2026-08-06 16:47:30,126 | WARNING | Missing R7 in S14 - naya
2026-08-06 16:47:30,250 | WARNING | Missing R5 in A13 - kk tania
2026-08-06 16:47:30,251 | WARNING | Missing R6 in A13 - kk tania
2026-08-06 16:47:30,252 | WARNING | Missing R7 in A13 - kk tania
2026-08-06 16:47:30,269 | WARNING | Missing R6 in A15 - suri
2026-08-06 16:47:30,270 | WARNING | Missing R7 in A15 - suri
2026-08-06 16:47:30,351 | WARNING | Missing R5 in T12 - Ernest
2026-08-06 16:47:30,352 | WARNING | Missing R6 in T12 - Ernest
2026-08-06 16:47:30,353 | WARNING | Missing R7 in T12 - Ernest
2026-08-06 16:47:30,360 | WARNING | Missing R6 in T13 - Ilham
2026-08-06 16:47:30,361 | WARNING | Missing R7 in T13 - Ilham
2026-08-06 16:47:30,375 | WARNING | Missing R7 in T15 - Agung
2026-08-06 16:47:30,503 | INFO | Internal : 1389 files to inspect
2026-08-06 16:47:37,584 | INFO | External : 269 files to inspect
2026-08-06 16:47:39,157 | WARNING | Missing R4 in S01
2026-08-06 16:47:39,169 | WARNING | Missing R4 in S02
2026-08-06 16:47:39,189 | WARNING | Missing R4 in S03
2026-08-06 16:47:39,205 | WARNING | Missing R4 in S04
2026-08-06 16:47:39,233 | WARNING | Missing R4 in A01
2026-08-06 16:47:39,244 | WARNING | Missing R4 in A02
2026-08-06 16:47:39,257 | WARNING | Missing R4 in A03
2026-08-06 16:47:39,272 | WARNING | Missing R4 in A04
2026-08-06 16:47:39,290 | WARNING | Missing R4 in T01
2026-08-06 16:47:39,312 | WARNING | Missing R4 in T02
2026-08-06 16:47:39,342 | WARNING | Missing R4 in T03
2026-08-06 16:47:39,353 | WARNING | Missing R4 in T04
2026-08-06 16:47:39,385 | WARNING | Missing R4 in B01
2026-08-06 16:47:39,395 | WARNING | Missing R4 in B02
2026-08-06 16:47:39,404 | WARNING | Missing R4 in B03
2026-08-06 16:47:39,415 | WARNING | Missing R4 in B04
2026-08-06 16:47:39,417 | INFO | Secondary : 192 files to inspect
2026-08-06 16:49:58,487 | INFO | Preprocessing metadata saved: /content/drive/MyDrive/SATB_Model/Dataset/Metadata/metadata_preprocessing.csv
2026-08-06 16:50:07,007 | INFO | Split metadata saved: /content/drive/MyDrive/SATB_Model/Dataset/Metadata/metadata_split.csv
2026-08-06 16:50:07,008 | INFO | Dataset metadata saved: /content/drive/MyDrive/SATB_Model/Dataset/Metadata/metadata_dataset.csv
2026-08-06 16:50:46,010 | INFO | Augmentation metadata saved: /content/drive/MyDrive/SATB_Model/Dataset/Metadata/metadata_augmentation.csv
2026-08-06 16:50:46,132 | INFO | Total file audio ditemukan: 0
2026-08-06 16:51:08,328 | INFO | Total file audio ditemukan: 0
2026-08-06 16:51:47,991 | INFO | Pipeline initialized.
2026-08-06 16:51:48,019 | INFO | Base directory: /content/drive/MyDrive/SATB_Model
2026-08-06 16:51:51,692 | INFO | Total file audio ditemukan: 0
2026-08-06 16:57:57,019 | INFO | Pipeline initialized.
2026-08-06 16:57:57,022 | INFO | Base directory: /content/drive/MyDrive/SATB_Model
2026-08-06 16:57:57,809 | WARNING | Missing R7 in S14 - naya
2026-08-06 16:57:57,999 | WARNING | Missing R5 in A13 - kk tania
2026-08-06 16:57:58,003 | WARNING | Missing R6 in A13 - kk tania
2026-08-06 16:57:58,004 | WARNING | Missing R7 in A13 - kk tania
2026-08-06 16:57:58,032 | WARNING | Missing R6 in A15 - suri
2026-08-06 16:57:58,033 | WARNING | Missing R7 in A15 - suri
2026-08-06 16:57:58,196 | WARNING | Missing R5 in T12 - Ernest
2026-08-06 16:57:58,197 | WARNING | Missing R6 in T12 - Ernest
2026-08-06 16:57:58,200 | WARNING | Missing R7 in T12 - Ernest
2026-08-06 16:57:58,213 | WARNING | Missing R6 in T13 - Ilham
2026-08-06 16:57:58,214 | WARNING | Missing R7 in T13 - Ilham
2026-08-06 16:57:58,238 | WARNING | Missing R7 in T15 - Agung
2026-08-06 16:57:58,494 | INFO | Internal : 1389 files to inspect
2026-08-06 16:58:07,623 | INFO | External : 269 files to inspect
2026-08-06 16:58:09,589 | WARNING | Missing R4 in S01
2026-08-06 16:58:09,599 | WARNING | Missing R4 in S02
2026-08-06 16:58:09,614 | WARNING | Missing R4 in S03
2026-08-06 16:58:09,623 | WARNING | Missing R4 in S04
2026-08-06 16:58:09,634 | WARNING | Missing R4 in A01
2026-08-06 16:58:09,644 | WARNING | Missing R4 in A02
2026-08-06 16:58:09,653 | WARNING | Missing R4 in A03
2026-08-06 16:58:09,663 | WARNING | Missing R4 in A04
2026-08-06 16:58:09,679 | WARNING | Missing R4 in T01
2026-08-06 16:58:09,690 | WARNING | Missing R4 in T02
2026-08-06 16:58:09,695 | WARNING | Missing R4 in T03
2026-08-06 16:58:09,700 | WARNING | Missing R4 in T04
2026-08-06 16:58:09,707 | WARNING | Missing R4 in B01
2026-08-06 16:58:09,712 | WARNING | Missing R4 in B02
2026-08-06 16:58:09,718 | WARNING | Missing R4 in B03
2026-08-06 16:58:09,730 | WARNING | Missing R4 in B04
2026-08-06 16:58:09,732 | INFO | Secondary : 192 files to inspect
2026-08-06 17:00:31,359 | INFO | Preprocessing metadata saved: /content/drive/MyDrive/SATB_Model/Dataset/Metadata/metadata_preprocessing.csv
2026-08-06 17:00:38,973 | INFO | Split metadata saved: /content/drive/MyDrive/SATB_Model/Dataset/Metadata/metadata_split.csv
2026-08-06 17:00:38,976 | INFO | Dataset metadata saved: /content/drive/MyDrive/SATB_Model/Dataset/Metadata/metadata_dataset.csv
2026-08-06 17:01:46,768 | INFO | Augmentation metadata saved: /content/drive/MyDrive/SATB_Model/Dataset/Metadata/metadata_augmentation.csv
2026-08-06 17:01:46,861 | INFO | Total file audio ditemukan: 0
2026-08-06 17:04:48,811 | ERROR | Hybrid extraction stage failed.
Traceback (most recent call last):
  File "/tmp/ipykernel_25635/1770800188.py", line 94, in <cell line: 0>
    train_records, val_records, test_records, external_records = build_records_for_hybrid(split_df)
                                                                 ^^^^^^^^^^^^^^^^^^^^^^^^
NameError: name 'build_records_for_hybrid' is not defined
2026-08-06 17:11:26,238 | INFO | Pipeline initialized.
2026-08-06 17:11:26,243 | INFO | Base directory: /content/drive/MyDrive/SATB_Model
2026-08-06 17:11:27,270 | WARNING | Missing R7 in S14 - naya
2026-08-06 17:11:27,529 | WARNING | Missing R5 in A13 - kk tania
2026-08-06 17:11:27,530 | WARNING | Missing R6 in A13 - kk tania
2026-08-06 17:11:27,531 | WARNING | Missing R7 in A13 - kk tania
2026-08-06 17:11:27,546 | WARNING | Missing R6 in A15 - suri
2026-08-06 17:11:27,548 | WARNING | Missing R7 in A15 - suri
2026-08-06 17:11:27,638 | WARNING | Missing R5 in T12 - Ernest
2026-08-06 17:11:27,639 | WARNING | Missing R6 in T12 - Ernest
2026-08-06 17:11:27,640 | WARNING | Missing R7 in T12 - Ernest
2026-08-06 17:11:27,647 | WARNING | Missing R6 in T13 - Ilham
2026-08-06 17:11:27,649 | WARNING | Missing R7 in T13 - Ilham
2026-08-06 17:11:27,662 | WARNING | Missing R7 in T15 - Agung
2026-08-06 17:11:27,783 | INFO | Internal : 1389 files to inspect
2026-08-06 17:11:34,661 | INFO | External : 269 files to inspect
2026-08-06 17:11:36,219 | WARNING | Missing R4 in S01
2026-08-06 17:11:36,231 | WARNING | Missing R4 in S02
2026-08-06 17:11:36,247 | WARNING | Missing R4 in S03
2026-08-06 17:11:36,258 | WARNING | Missing R4 in S04
2026-08-06 17:11:36,278 | WARNING | Missing R4 in A01
2026-08-06 17:11:36,297 | WARNING | Missing R4 in A02
2026-08-06 17:11:36,315 | WARNING | Missing R4 in A03
2026-08-06 17:11:36,336 | WARNING | Missing R4 in A04
2026-08-06 17:11:36,359 | WARNING | Missing R4 in T01
2026-08-06 17:11:36,377 | WARNING | Missing R4 in T02
2026-08-06 17:11:36,393 | WARNING | Missing R4 in T03
2026-08-06 17:11:36,398 | WARNING | Missing R4 in T04
2026-08-06 17:11:36,407 | WARNING | Missing R4 in B01
2026-08-06 17:11:36,416 | WARNING | Missing R4 in B02
2026-08-06 17:11:36,421 | WARNING | Missing R4 in B03
2026-08-06 17:11:36,430 | WARNING | Missing R4 in B04
2026-08-06 17:11:36,434 | INFO | Secondary : 192 files to inspect
2026-08-06 17:13:43,415 | INFO | Preprocessing metadata saved: /content/drive/MyDrive/SATB_Model/Dataset/Metadata/metadata_preprocessing.csv
2026-08-06 17:13:52,241 | INFO | Split metadata saved: /content/drive/MyDrive/SATB_Model/Dataset/Metadata/metadata_split.csv
2026-08-06 17:13:52,243 | INFO | Dataset metadata saved: /content/drive/MyDrive/SATB_Model/Dataset/Metadata/metadata_dataset.csv
2026-08-06 17:14:59,329 | INFO | Augmentation metadata saved: /content/drive/MyDrive/SATB_Model/Dataset/Metadata/metadata_augmentation.csv
2026-08-07 11:51:47,819 | INFO | Pipeline initialized.
2026-08-07 11:51:48,511 | INFO | Base directory: /content/drive/MyDrive/SATB_Model
2026-08-07 11:51:54,621 | WARNING | Missing R7 in S14 - naya
2026-08-07 11:51:54,746 | WARNING | Missing R5 in A13 - kk tania
2026-08-07 11:51:54,747 | WARNING | Missing R6 in A13 - kk tania
2026-08-07 11:51:54,748 | WARNING | Missing R7 in A13 - kk tania
2026-08-07 11:51:54,765 | WARNING | Missing R6 in A15 - suri
2026-08-07 11:51:54,766 | WARNING | Missing R7 in A15 - suri
2026-08-07 11:51:54,872 | WARNING | Missing R5 in T12 - Ernest
2026-08-07 11:51:54,873 | WARNING | Missing R6 in T12 - Ernest
2026-08-07 11:51:54,875 | WARNING | Missing R7 in T12 - Ernest
2026-08-07 11:51:54,883 | WARNING | Missing R6 in T13 - Ilham
2026-08-07 11:51:54,884 | WARNING | Missing R7 in T13 - Ilham
2026-08-07 11:51:54,899 | WARNING | Missing R7 in T15 - Agung
2026-08-07 11:51:55,048 | INFO | Internal : 1389 files to inspect
2026-08-07 12:01:15,872 | INFO | External : 269 files to inspect
2026-08-07 12:03:06,926 | WARNING | Missing R4 in S01
2026-08-07 12:03:06,932 | WARNING | Missing R4 in S02
2026-08-07 12:03:06,938 | WARNING | Missing R4 in S03
2026-08-07 12:03:06,943 | WARNING | Missing R4 in S04
2026-08-07 12:03:06,950 | WARNING | Missing R4 in A01
2026-08-07 12:03:06,956 | WARNING | Missing R4 in A02
2026-08-07 12:03:06,961 | WARNING | Missing R4 in A03
2026-08-07 12:03:06,967 | WARNING | Missing R4 in A04
2026-08-07 12:03:06,974 | WARNING | Missing R4 in T01
2026-08-07 12:03:06,982 | WARNING | Missing R4 in T02
2026-08-07 12:03:06,988 | WARNING | Missing R4 in T03
2026-08-07 12:03:06,993 | WARNING | Missing R4 in T04
2026-08-07 12:03:07,001 | WARNING | Missing R4 in B01
2026-08-07 12:03:07,007 | WARNING | Missing R4 in B02
2026-08-07 12:03:07,013 | WARNING | Missing R4 in B03
2026-08-07 12:03:07,019 | WARNING | Missing R4 in B04
2026-08-07 12:03:07,021 | INFO | Secondary : 192 files to inspect
2026-08-07 12:12:53,492 | INFO | Preprocessing metadata saved: /content/drive/MyDrive/SATB_Model/Dataset/Metadata/metadata_preprocessing.csv
2026-08-07 12:13:38,087 | INFO | Split metadata saved: /content/drive/MyDrive/SATB_Model/Dataset/Metadata/metadata_split.csv
2026-08-07 12:13:38,089 | INFO | Dataset metadata saved: /content/drive/MyDrive/SATB_Model/Dataset/Metadata/metadata_dataset.csv
2026-08-07 12:20:50,470 | INFO | Augmentation metadata saved: /content/drive/MyDrive/SATB_Model/Dataset/Metadata/metadata_augmentation.csv
2026-08-07 12:21:48,870 | ERROR | Feature scan failed /content/drive/MyDrive/SATB_Model/Dataset/Processed/Train/Alto/A08 - nabila/R6_1.wav : when mode='interp', width=9 cannot exceed data.shape[axis]=7
2026-08-07 12:21:49,499 | ERROR | Feature scan failed /content/drive/MyDrive/SATB_Model/Dataset/Processed/Train/Alto/A09 - kk marya/R7_3.wav : when mode='interp', width=9 cannot exceed data.shape[axis]=7
2026-08-07 12:23:54,904 | ERROR | Feature extraction failed /content/drive/MyDrive/SATB_Model/Dataset/Processed/Train/Alto/A08 - nabila/R6_1.wav : when mode='interp', width=9 cannot exceed data.shape[axis]=7
2026-08-07 12:23:55,639 | ERROR | Feature extraction failed /content/drive/MyDrive/SATB_Model/Dataset/Processed/Train/Alto/A09 - kk marya/R7_3.wav : when mode='interp', width=9 cannot exceed data.shape[axis]=7
2026-08-07 12:24:51,652 | ERROR | Feature extraction failed /content/drive/MyDrive/SATB_Model/Dataset/Processed/Validation/Soprano/S04 - kezia/R3_2.wav : when mode='interp', width=9 cannot exceed data.shape[axis]=8
2026-08-07 12:28:56,320 | ERROR | Feature extraction failed /content/drive/MyDrive/SATB_Model/Dataset/Processed/External/Alto/A03/R2_2.wav : 
2026-08-07 12:48:07,795 | ERROR | Feature extraction failed /content/drive/MyDrive/SATB_Model/Dataset/Processed/Train/Alto/A08 - nabila/R6_1.wav : when mode='interp', width=9 cannot exceed data.shape[axis]=7
2026-08-07 12:48:23,598 | ERROR | Feature extraction failed /content/drive/MyDrive/SATB_Model/Dataset/Processed/Train/Alto/A09 - kk marya/R7_3.wav : when mode='interp', width=9 cannot exceed data.shape[axis]=7
2026-08-07 12:54:29,082 | ERROR | Feature extraction failed /content/drive/MyDrive/SATB_Model/Dataset/Processed/Validation/Soprano/S04 - kezia/R3_2.wav : when mode='interp', width=9 cannot exceed data.shape[axis]=8
2026-08-07 12:57:17,775 | ERROR | Feature extraction failed /content/drive/MyDrive/SATB_Model/Dataset/Processed/Test/Alto/A16 - teman teguh/R2_3.wav : CPUDispatcher(<function _viterbi at 0x7b676c51ede0>) returned a result with an exception set
2026-08-07 12:57:21,176 | ERROR | Feature extraction failed /content/drive/MyDrive/SATB_Model/Dataset/Processed/Test/Alto/A16 - teman teguh/R5_1.wav : CPUDispatcher(<function _viterbi at 0x7b676c51ede0>) returned a result with an exception set
2026-08-07 12:59:47,130 | ERROR | Feature extraction failed /content/drive/MyDrive/SATB_Model/Dataset/Processed/Train/Soprano/S04/R3_2.wav : CPUDispatcher(<function _viterbi at 0x7b676c51ede0>) returned a result with an exception set
2026-08-07 12:59:49,609 | ERROR | Feature extraction failed /content/drive/MyDrive/SATB_Model/Dataset/Processed/Train/Soprano/S04/R3_4.wav : CPUDispatcher(<function _viterbi at 0x7b676c51ede0>) returned a result with an exception set
2026-08-07 12:59:53,283 | ERROR | Feature extraction failed /content/drive/MyDrive/SATB_Model/Dataset/Processed/Train/Soprano/S03/R2_1.wav : CPUDispatcher(<function _viterbi at 0x7b676c51ede0>) returned a result with an exception set
2026-08-07 12:59:54,493 | ERROR | Feature extraction failed /content/drive/MyDrive/SATB_Model/Dataset/Processed/Train/Soprano/S03/R2_3.wav : CPUDispatcher(<function _viterbi at 0x7b676c51ede0>) returned a result with an exception set
2026-08-07 13:07:19,295 | ERROR | Gagal ekstrak file /content/drive/MyDrive/SATB_Model/Dataset/Processed/Train/Alto/A08 - nabila/R6_1.wav: when mode='interp', width=9 cannot exceed data.shape[axis]=7
2026-08-07 13:07:35,401 | ERROR | Gagal ekstrak file /content/drive/MyDrive/SATB_Model/Dataset/Processed/Train/Alto/A09 - kk marya/R7_3.wav: when mode='interp', width=9 cannot exceed data.shape[axis]=7
2026-08-07 13:13:40,303 | ERROR | Gagal ekstrak file /content/drive/MyDrive/SATB_Model/Dataset/Processed/Validation/Soprano/S04 - kezia/R3_2.wav: when mode='interp', width=9 cannot exceed data.shape[axis]=8
2026-08-07 13:19:14,846 | ERROR | Gagal ekstrak file /content/drive/MyDrive/SATB_Model/Dataset/Processed/External/Alto/A03/R2_2.wav: 
2026-08-07 13:44:36,215 | INFO | CNN training completed successfully.
2026-08-07 13:44:40,230 | INFO | Loaded best model from /content/SATB_Model/models/cnn_satb_best.keras
2026-08-07 13:50:58,382 | INFO | CNN training completed successfully.
2026-08-07 13:51:04,954 | INFO | Loaded best model from /content/SATB_Model/models/cnn_satb_best.keras
2026-08-07 13:55:52,898 | ERROR | External dataset testing stage failed.
Traceback (most recent call last):
  File "/tmp/ipykernel_725/2927741596.py", line 2, in <cell line: 0>
    external_metrics = evaluate_classifier(model, X_external, y_external, external_meta, "external_test")
                                                                          ^^^^^^^^^^^^^
NameError: name 'external_meta' is not defined
2026-08-07 13:56:19,117 | ERROR | External dataset testing stage failed.
Traceback (most recent call last):
  File "/tmp/ipykernel_725/1936172509.py", line 2, in <cell line: 0>
    external_metrics = evaluate_classifier(model, X_external, y_external, mfcc_external_meta, "external_test")
                                                                          ^^^^^^^^^^^^^^^^^^
NameError: name 'mfcc_external_meta' is not defined
2026-08-07 14:09:37,653 | ERROR | External dataset testing stage failed.
Traceback (most recent call last):
  File "/tmp/ipykernel_725/2927741596.py", line 2, in <cell line: 0>
    external_metrics = evaluate_classifier(model, X_external, y_external, external_meta, "external_test")
                                                                          ^^^^^^^^^^^^^
NameError: name 'external_meta' is not defined
2026-08-07 14:10:16,429 | ERROR | External dataset testing stage failed.
Traceback (most recent call last):
  File "/tmp/ipykernel_725/1936172509.py", line 2, in <cell line: 0>
    external_metrics = evaluate_classifier(model, X_external, y_external, mfcc_external_meta, "external_test")
                                                                          ^^^^^^^^^^^^^^^^^^
NameError: name 'mfcc_external_meta' is not defined
2026-08-07 14:10:35,005 | ERROR | External dataset testing stage failed.
Traceback (most recent call last):
  File "/tmp/ipykernel_725/1350334385.py", line 2, in <cell line: 0>
    external_metrics = evaluate_classifier(model, X_external, y_external, hybrid_external_meta, "external_test")
                                                                          ^^^^^^^^^^^^^^^^^^^^
NameError: name 'hybrid_external_meta' is not defined
2026-08-07 14:28:36,436 | ERROR | Gagal ekstrak file /content/drive/MyDrive/SATB_Model/Dataset/Processed/Train/Alto/A08 - nabila/R6_1.wav: when mode='interp', width=9 cannot exceed data.shape[axis]=7
2026-08-07 14:28:51,841 | ERROR | Gagal ekstrak file /content/drive/MyDrive/SATB_Model/Dataset/Processed/Train/Alto/A09 - kk marya/R7_3.wav: when mode='interp', width=9 cannot exceed data.shape[axis]=7
2026-08-07 14:34:38,486 | ERROR | Gagal ekstrak file /content/drive/MyDrive/SATB_Model/Dataset/Processed/Validation/Soprano/S04 - kezia/R3_2.wav: when mode='interp', width=9 cannot exceed data.shape[axis]=8
2026-08-07 14:40:02,555 | ERROR | Gagal ekstrak file /content/drive/MyDrive/SATB_Model/Dataset/Processed/External/Alto/A03/R2_2.wav: 
2026-08-07 14:46:56,124 | INFO | CNN training completed successfully.
2026-08-07 14:50:51,389 | INFO | Loaded best model from /content/SATB_Model/models/cnn_satb_best.keras
2026-08-07 14:57:41,233 | ERROR | Dataset split stage failed.
Traceback (most recent call last):
  File "/tmp/ipykernel_725/2019992747.py", line 197, in <cell line: 0>
    split_df, external_processed_df = materialize_processed_split(split_df, audio_metadata_df)
                                      ^^^^^^^^^^^^^^^^^^^^^^^^^^^^^^^^^^^^^^^^^^^^^^^^^^^^^^^^
  File "/tmp/ipykernel_725/2019992747.py", line 162, in materialize_processed_split
    dst = PATHS[split_to_path[row.split]] / row.class_name / row.singer_id / Path(row.file_path).name
          ~~~~~^^^^^^^^^^^^^^^^^^^^^^^^^^
KeyError: 'processed_train'
2026-08-07 14:57:57,136 | INFO | Pipeline initialized.
2026-08-07 14:57:57,142 | INFO | Base directory: /content/drive/MyDrive/SATB_Model
2026-08-07 14:58:04,173 | WARNING | Missing R7 in S14 - naya
2026-08-07 14:58:04,353 | WARNING | Missing R5 in A13 - kk tania
2026-08-07 14:58:04,358 | WARNING | Missing R6 in A13 - kk tania
2026-08-07 14:58:04,363 | WARNING | Missing R7 in A13 - kk tania
2026-08-07 14:58:04,407 | WARNING | Missing R6 in A15 - suri
2026-08-07 14:58:04,409 | WARNING | Missing R7 in A15 - suri
2026-08-07 14:58:04,539 | WARNING | Missing R5 in T12 - Ernest
2026-08-07 14:58:04,541 | WARNING | Missing R6 in T12 - Ernest
2026-08-07 14:58:04,543 | WARNING | Missing R7 in T12 - Ernest
2026-08-07 14:58:04,553 | WARNING | Missing R6 in T13 - Ilham
2026-08-07 14:58:04,554 | WARNING | Missing R7 in T13 - Ilham
2026-08-07 14:58:04,571 | WARNING | Missing R7 in T15 - Agung
2026-08-07 14:58:04,709 | INFO | Internal : 1389 files to inspect
2026-08-07 14:58:12,760 | INFO | External : 269 files to inspect
2026-08-07 14:58:14,983 | INFO | Secondary : 192 files to inspect
2026-08-07 15:00:05,079 | INFO | Preprocessing metadata saved: /content/drive/MyDrive/SATB_Model/Dataset/Metadata/metadata_preprocessing.csv
2026-08-07 15:00:13,407 | INFO | Split metadata saved: /content/drive/MyDrive/SATB_Model/Dataset/Metadata/metadata_split.csv
2026-08-07 15:00:13,408 | INFO | Dataset metadata saved: /content/drive/MyDrive/SATB_Model/Dataset/Metadata/metadata_dataset.csv
2026-08-07 15:04:02,650 | ERROR | Feature scan failed /content/drive/MyDrive/SATB_Model/Dataset/Processed/Train/Alto/A08 - nabila/R6_1.wav : when mode='interp', width=9 cannot exceed data.shape[axis]=7
2026-08-07 15:04:04,165 | ERROR | Feature scan failed /content/drive/MyDrive/SATB_Model/Dataset/Processed/Train/Alto/A09 - kk marya/R7_3.wav : when mode='interp', width=9 cannot exceed data.shape[axis]=7
2026-08-07 15:04:23,743 | ERROR | Feature scan failed /content/drive/MyDrive/SATB_Model/Dataset/Processed/Validation/Soprano/S04 - kezia/R3_2.wav : when mode='interp', width=9 cannot exceed data.shape[axis]=8
2026-08-07 15:04:54,199 | ERROR | Feature extraction failed /content/drive/MyDrive/SATB_Model/Dataset/Processed/Train/Alto/A08 - nabila/R6_1.wav : when mode='interp', width=9 cannot exceed data.shape[axis]=7
2026-08-07 15:04:54,865 | ERROR | Feature extraction failed /content/drive/MyDrive/SATB_Model/Dataset/Processed/Train/Alto/A09 - kk marya/R7_3.wav : when mode='interp', width=9 cannot exceed data.shape[axis]=7
2026-08-07 15:05:13,421 | ERROR | Feature extraction failed /content/drive/MyDrive/SATB_Model/Dataset/Processed/Validation/Soprano/S04 - kezia/R3_2.wav : when mode='interp', width=9 cannot exceed data.shape[axis]=8
2026-08-07 15:05:30,458 | ERROR | Feature extraction failed /content/drive/MyDrive/SATB_Model/Dataset/Processed/External/Alto/A03/R2_2.wav : 
2026-08-07 15:13:15,374 | INFO | CNN training completed successfully.
2026-08-07 15:13:27,788 | INFO | Loaded best model from /content/drive/MyDrive/SATB_Model/Model/cnn_satb_best.keras
2026-08-07 15:13:46,710 | INFO | Loaded best model from /content/drive/MyDrive/SATB_Model/Model/cnn_satb_best.keras
2026-08-07 15:14:06,856 | INFO | Final model saved: /content/drive/MyDrive/SATB_Model/Model/cnn_satb.keras
2026-08-07 16:04:33,279 | ERROR | External dataset testing stage failed.
Traceback (most recent call last):
  File "/tmp/ipykernel_725/2927741596.py", line 2, in <cell line: 0>
    external_metrics = evaluate_classifier(model, X_external, y_external, external_meta, "external_test")
                       ^^^^^^^^^^^^^^^^^^^^^^^^^^^^^^^^^^^^^^^^^^^^^^^^^^^^^^^^^^^^^^^^^^^^^^^^^^^^^^^^^^
  File "/tmp/ipykernel_725/1719226177.py", line 72, in evaluate_classifier
    labels=list(range(len(CONFIG["classes"]))),
                          ~~~~~~^^^^^^^^^^^
KeyError: 'classes'
2026-08-07 16:04:54,027 | INFO | Loaded best model from /content/drive/MyDrive/SATB_Model/Model/cnn_satb_best.keras
2026-08-07 16:04:55,562 | ERROR | Model evaluation stage failed.
Traceback (most recent call last):
  File "/tmp/ipykernel_725/1719226177.py", line 131, in <cell line: 0>
    internal_test_metrics = evaluate_classifier(model, X_test, y_test, mfcc_test_meta, "internal_test")
                            ^^^^^^^^^^^^^^^^^^^^^^^^^^^^^^^^^^^^^^^^^^^^^^^^^^^^^^^^^^^^^^^^^^^^^^^^^^^
  File "/tmp/ipykernel_725/1719226177.py", line 72, in evaluate_classifier
    labels=list(range(len(CONFIG["classes"]))),
                          ~~~~~~^^^^^^^^^^^
KeyError: 'classes'
2026-08-07 16:05:16,131 | INFO | Loaded best model from /content/drive/MyDrive/SATB_Model/Model/cnn_satb_best.keras
2026-08-07 16:05:39,971 | INFO | Loaded model from /content/drive/MyDrive/SATB_Model/Model/cnn_satb.keras
2026-09-09 03:04:09,445 | INFO | Pipeline initialized.
2026-09-09 03:04:11,215 | INFO | Base directory: /content/drive/MyDrive/SATB_Model
2026-09-09 03:28:17,855 | INFO | Pipeline initialized.
2026-09-09 03:28:17,859 | INFO | Base directory: /content/drive/MyDrive/SATB_Model
2026-09-09 03:28:41,801 | WARNING | Missing R7 in S14 - naya
2026-09-09 03:28:41,934 | WARNING | Missing R5 in A13 - kk tania
2026-09-09 03:28:41,935 | WARNING | Missing R6 in A13 - kk tania
2026-09-09 03:28:41,937 | WARNING | Missing R7 in A13 - kk tania
2026-09-09 03:28:41,956 | WARNING | Missing R6 in A15 - suri
2026-09-09 03:28:41,956 | WARNING | Missing R7 in A15 - suri
2026-09-09 03:28:42,081 | WARNING | Missing R5 in T12 - Ernest
2026-09-09 03:28:42,081 | WARNING | Missing R6 in T12 - Ernest
2026-09-09 03:28:42,083 | WARNING | Missing R7 in T12 - Ernest
2026-09-09 03:28:42,092 | WARNING | Missing R6 in T13 - Ilham
2026-09-09 03:28:42,093 | WARNING | Missing R7 in T13 - Ilham
2026-09-09 03:28:42,111 | WARNING | Missing R7 in T15 - Agung
2026-09-09 03:28:42,272 | INFO | Internal : 1389 files to inspect
2026-09-14 12:01:23,204 | INFO | Pipeline initialized.
2026-09-14 12:01:24,937 | INFO | Base directory: /content/drive/MyDrive/SATB_Model
2026-09-14 12:01:39,529 | WARNING | Missing R7 in S14 - naya
2026-09-14 12:01:39,675 | WARNING | Missing R5 in A13 - kk tania
2026-09-14 12:01:39,677 | WARNING | Missing R6 in A13 - kk tania
2026-09-14 12:01:39,678 | WARNING | Missing R7 in A13 - kk tania
2026-09-14 12:01:39,697 | WARNING | Missing R6 in A15 - suri
2026-09-14 12:01:39,697 | WARNING | Missing R7 in A15 - suri
2026-09-14 12:01:39,812 | WARNING | Missing R5 in T12 - Ernest
2026-09-14 12:01:39,813 | WARNING | Missing R6 in T12 - Ernest
2026-09-14 12:01:39,814 | WARNING | Missing R7 in T12 - Ernest
2026-09-14 12:01:39,823 | WARNING | Missing R6 in T13 - Ilham
2026-09-14 12:01:39,825 | WARNING | Missing R7 in T13 - Ilham
2026-09-14 12:01:39,842 | WARNING | Missing R7 in T15 - Agung
2026-09-14 12:01:40,008 | INFO | Internal : 1389 files to inspect
2026-09-14 12:26:09,725 | INFO | External : 269 files to inspect
2026-09-14 12:30:27,347 | INFO | Secondary : 192 files to inspect
2026-09-14 12:45:31,526 | INFO | Preprocessing metadata saved: /content/drive/MyDrive/SATB_Model/Dataset/Metadata/metadata_preprocessing.csv
2026-09-15 11:29:55,785 | INFO | Pipeline initialized.
2026-09-15 11:29:56,411 | INFO | Base directory: /content/drive/MyDrive/SATB_Model
2026-09-15 11:30:06,057 | WARNING | Missing R7 in S14 - naya
2026-09-15 11:30:06,264 | WARNING | Missing R5 in A13 - kk tania
2026-09-15 11:30:06,271 | WARNING | Missing R6 in A13 - kk tania
2026-09-15 11:30:06,273 | WARNING | Missing R7 in A13 - kk tania
2026-09-15 11:30:06,312 | WARNING | Missing R6 in A15 - suri
2026-09-15 11:30:06,314 | WARNING | Missing R7 in A15 - suri
2026-09-15 11:30:06,512 | WARNING | Missing R5 in T12 - Ernest
2026-09-15 11:30:06,514 | WARNING | Missing R6 in T12 - Ernest
2026-09-15 11:30:06,517 | WARNING | Missing R7 in T12 - Ernest
2026-09-15 11:30:06,528 | WARNING | Missing R6 in T13 - Ilham
2026-09-15 11:30:06,530 | WARNING | Missing R7 in T13 - Ilham
2026-09-15 11:30:06,565 | WARNING | Missing R7 in T15 - Agung
2026-09-15 11:30:06,732 | INFO | Internal : 1389 files to inspect
2026-09-15 11:41:18,249 | INFO | External : 269 files to inspect
2026-09-15 11:43:32,866 | INFO | Secondary : 192 files to inspect
2026-09-15 11:52:35,979 | INFO | Preprocessing metadata saved: /content/drive/MyDrive/SATB_Model/Dataset/Metadata/metadata_preprocessing.csv
2026-09-15 11:52:57,386 | INFO | Split metadata saved: /content/drive/MyDrive/SATB_Model/Dataset/Metadata/metadata_split.csv
2026-09-15 11:52:57,388 | INFO | Dataset metadata saved: /content/drive/MyDrive/SATB_Model/Dataset/Metadata/metadata_dataset.csv
2026-09-15 11:54:47,152 | ERROR | Feature scan failed /content/drive/MyDrive/SATB_Model/Dataset/Processed/Train/Alto/A09 - kk marya/R7_3.wav : when mode='interp', width=9 cannot exceed data.shape[axis]=7
2026-09-15 11:55:22,450 | ERROR | Feature scan failed /content/drive/MyDrive/SATB_Model/Dataset/Processed/Train/Alto/A08 - nabila/R6_1.wav : when mode='interp', width=9 cannot exceed data.shape[axis]=7
2026-09-15 12:00:17,097 | ERROR | Feature scan failed /content/drive/MyDrive/SATB_Model/Dataset/Processed/Validation/Soprano/S04 - kezia/R3_2.wav : when mode='interp', width=9 cannot exceed data.shape[axis]=8
2026-09-15 12:04:32,737 | ERROR | Feature extraction failed /content/drive/MyDrive/SATB_Model/Dataset/Processed/Train/Alto/A09 - kk marya/R7_3.wav : when mode='interp', width=9 cannot exceed data.shape[axis]=7
2026-09-15 12:04:34,449 | ERROR | Feature extraction failed /content/drive/MyDrive/SATB_Model/Dataset/Processed/Train/Alto/A08 - nabila/R6_1.wav : when mode='interp', width=9 cannot exceed data.shape[axis]=7
2026-09-15 12:04:57,998 | ERROR | Feature extraction failed /content/drive/MyDrive/SATB_Model/Dataset/Processed/Validation/Soprano/S04 - kezia/R3_2.wav : when mode='interp', width=9 cannot exceed data.shape[axis]=8
2026-09-15 12:06:03,260 | ERROR | Feature extraction failed /content/drive/MyDrive/SATB_Model/Dataset/Processed/External/Alto/A03/R2_2.wav : 
2026-09-15 12:36:55,792 | INFO | CNN training completed successfully.
2026-09-15 12:37:10,615 | INFO | Loaded best model from /content/drive/MyDrive/SATB_Model/Model/cnn_satb_best.keras
2026-09-15 12:37:51,291 | INFO | Loaded model from /content/drive/MyDrive/SATB_Model/Model/cnn_satb.keras
2026-09-15 12:47:06,508 | INFO | Split metadata saved: /content/drive/MyDrive/SATB_Model/Dataset/Metadata/metadata_split.csv
2026-09-15 12:47:06,509 | INFO | Dataset metadata saved: /content/drive/MyDrive/SATB_Model/Dataset/Metadata/metadata_dataset.csv
2026-09-15 12:47:26,952 | ERROR | Feature scan failed /content/drive/MyDrive/SATB_Model/Dataset/Processed/Train/Alto/A09 - kk marya/R7_3.wav : when mode='interp', width=9 cannot exceed data.shape[axis]=7
2026-09-15 12:47:30,907 | ERROR | Feature scan failed /content/drive/MyDrive/SATB_Model/Dataset/Processed/Train/Alto/A08 - nabila/R6_1.wav : when mode='interp', width=9 cannot exceed data.shape[axis]=7
2026-09-15 12:47:52,428 | ERROR | Feature scan failed /content/drive/MyDrive/SATB_Model/Dataset/Processed/Validation/Soprano/S04 - kezia/R3_2.wav : when mode='interp', width=9 cannot exceed data.shape[axis]=8
2026-09-15 12:48:17,264 | ERROR | Feature extraction failed /content/drive/MyDrive/SATB_Model/Dataset/Processed/Train/Alto/A09 - kk marya/R7_3.wav : when mode='interp', width=9 cannot exceed data.shape[axis]=7
2026-09-15 12:48:19,001 | ERROR | Feature extraction failed /content/drive/MyDrive/SATB_Model/Dataset/Processed/Train/Alto/A08 - nabila/R6_1.wav : when mode='interp', width=9 cannot exceed data.shape[axis]=7
2026-09-15 12:48:41,830 | ERROR | Feature extraction failed /content/drive/MyDrive/SATB_Model/Dataset/Processed/Validation/Soprano/S04 - kezia/R3_2.wav : when mode='interp', width=9 cannot exceed data.shape[axis]=8
2026-09-15 12:49:03,591 | ERROR | Feature extraction failed /content/drive/MyDrive/SATB_Model/Dataset/Processed/External/Alto/A03/R2_2.wav : 
2026-09-15 12:49:50,421 | ERROR | Feature extraction failed /content/drive/MyDrive/SATB_Model/Dataset/Processed/Train/Alto/A09 - kk marya/R7_3.wav: when mode='interp', width=9 cannot exceed data.shape[axis]=7
2026-09-15 12:49:53,268 | ERROR | Feature extraction failed /content/drive/MyDrive/SATB_Model/Dataset/Processed/Train/Alto/A08 - nabila/R6_1.wav: when mode='interp', width=9 cannot exceed data.shape[axis]=7
2026-09-15 12:50:16,058 | ERROR | Feature extraction failed /content/drive/MyDrive/SATB_Model/Dataset/Processed/Validation/Soprano/S04 - kezia/R3_2.wav: when mode='interp', width=9 cannot exceed data.shape[axis]=8
2026-09-15 12:50:34,855 | ERROR | Feature extraction failed /content/drive/MyDrive/SATB_Model/Dataset/Processed/External/Alto/A03/R2_2.wav: 
2026-09-15 12:56:27,737 | INFO | CNN training completed successfully.
2026-09-15 12:56:34,303 | INFO | Loaded best model from /content/drive/MyDrive/SATB_Model/Model/cnn_satb_best.keras
2026-09-15 12:57:08,633 | INFO | Loaded model from /content/drive/MyDrive/SATB_Model/Model/cnn_satb.keras
2026-09-15 12:58:17,963 | INFO | Final model saved: /content/drive/MyDrive/SATB_Model/Model/cnn_satb.keras
2026-09-15 13:13:05,006 | WARNING | 5 out of the last 14 calls to <function TensorFlowTrainer.make_predict_function.<locals>.one_step_on_data_distributed at 0x7ad7fc3ba520> triggered tf.function retracing. Tracing is expensive and the excessive number of tracings could be due to (1) creating @tf.function repeatedly in a loop, (2) passing tensors with different shapes, (3) passing Python objects instead of tensors. For (1), please define your @tf.function outside of the loop. For (2), @tf.function has reduce_retracing=True option that can avoid unnecessary retracing. For (3), please refer to https://www.tensorflow.org/guide/function#controlling_retracing and https://www.tensorflow.org/api_docs/python/tf/function for  more details.
2026-09-15 13:16:04,460 | WARNING | 5 out of the last 13 calls to <function TensorFlowTrainer.make_predict_function.<locals>.one_step_on_data_distributed at 0x7ad7fc46c040> triggered tf.function retracing. Tracing is expensive and the excessive number of tracings could be due to (1) creating @tf.function repeatedly in a loop, (2) passing tensors with different shapes, (3) passing Python objects instead of tensors. For (1), please define your @tf.function outside of the loop. For (2), @tf.function has reduce_retracing=True option that can avoid unnecessary retracing. For (3), please refer to https://www.tensorflow.org/guide/function#controlling_retracing and https://www.tensorflow.org/api_docs/python/tf/function for  more details.
